﻿<?xml version="1.0" encoding="utf-8"?>
<!-- Edited with XiRUTE .NET Library 01-08 -->
<link:linkbase xmlns:xlink="http://www.w3.org/1999/xlink" xmlns:xsi="http://www.w3.org/2001/XMLSchema-instance" xmlns:link="http://www.xbrl.org/2003/linkbase">
  <link:labelLink xlink:type="extended" xlink:role="http://www.xbrl.org/2003/role/link">
    <link:label xml:lang="ja" xlink:type="resource" xlink:label="jpcrp040300-q2r_E02843-000_GainOnTransferOfInsuranceEI_label" xlink:role="http://www.xbrl.org/2003/role/label">保険譲渡益</link:label>
    <link:label xml:lang="ja" xlink:type="resource" xlink:label="jpcrp040300-q2r_E02843-000_GainOnTransferOfInsuranceEI_label_1" xlink:role="http://www.xbrl.org/2003/role/verboseLabel">保険譲渡益、特別利益</link:label>
    <link:label xml:lang="ja" xlink:type="resource" xlink:label="jpcrp040300-q2r_E02843-000_GainOnTransferOfInsuranceOpeCF_label" xlink:role="http://www.xbrl.org/2003/role/label">保険譲渡益</link:label>
    <link:label xml:lang="ja" xlink:type="resource" xlink:label="jpcrp040300-q2r_E02843-000_GainOnTransferOfInsuranceOpeCF_label_1" xlink:role="http://www.xbrl.org/2003/role/verboseLabel">保険譲渡益、営業活動によるキャッシュ・フロー</link:label>
    <link:label xml:lang="ja" xlink:type="resource" xlink:label="jpcrp040300-q2r_E02843-000_HealthAndMedicalEquipmentReportableSegmentsMember_label" xlink:role="http://www.xbrl.org/2003/role/label">保健医科機器</link:label>
    <link:label xml:lang="ja" xlink:type="resource" xlink:label="jpcrp040300-q2r_E02843-000_HealthAndMedicalEquipmentReportableSegmentsMember_label_1" xlink:role="http://www.xbrl.org/2003/role/verboseLabel">保健医科機器、報告セグメント[メンバー]</link:label>
    <link:label xml:lang="ja" xlink:type="resource" xlink:label="jpcrp040300-q2r_E02843-000_IndustrialEquipmentReportableSegmentsMember_label" xlink:role="http://www.xbrl.org/2003/role/label">産業用機器</link:label>
    <link:label xml:lang="ja" xlink:type="resource" xlink:label="jpcrp040300-q2r_E02843-000_IndustrialEquipmentReportableSegmentsMember_label_1" xlink:role="http://www.xbrl.org/2003/role/verboseLabel">産業用機器、報告セグメント[メンバー]</link:label>
    <link:label xml:lang="ja" xlink:type="resource" xlink:label="jpcrp040300-q2r_E02843-000_ProvisionForRetirementBenefitsForDirectorsAndOtherOfficersCL_label" xlink:role="http://www.xbrl.org/2003/role/label">役員退職慰労引当金</link:label>
    <link:label xml:lang="ja" xlink:type="resource" xlink:label="jpcrp040300-q2r_E02843-000_ProvisionForRetirementBenefitsForDirectorsAndOtherOfficersCL_label_1" xlink:role="http://www.xbrl.org/2003/role/verboseLabel">役員退職慰労引当金、流動負債</link:label>
    <link:label xml:lang="ja" xlink:type="resource" xlink:label="jpcrp040300-q2r_E02843-000_ScienceEquipmentAndFacilityReportableSegmentsMember_label" xlink:role="http://www.xbrl.org/2003/role/label">理科学機器設備</link:label>
    <link:label xml:lang="ja" xlink:type="resource" xlink:label="jpcrp040300-q2r_E02843-000_ScienceEquipmentAndFacilityReportableSegmentsMember_label_1" xlink:role="http://www.xbrl.org/2003/role/verboseLabel">理科学機器設備、報告セグメント[メンバー]</link:label>
    <link:loc xlink:type="locator" xlink:href="jpcrp040300-q2r-001_E02843-000_2019-10-20_01_2019-11-29.xsd#jpcrp040300-q2r_E02843-000_GainOnTransferOfInsuranceEI" xlink:label="jpcrp040300-q2r_E02843-000_GainOnTransferOfInsuranceEI" />
    <link:loc xlink:type="locator" xlink:href="jpcrp040300-q2r-001_E02843-000_2019-10-20_01_2019-11-29.xsd#jpcrp040300-q2r_E02843-000_GainOnTransferOfInsuranceOpeCF" xlink:label="jpcrp040300-q2r_E02843-000_GainOnTransferOfInsuranceOpeCF" />
    <link:loc xlink:type="locator" xlink:href="jpcrp040300-q2r-001_E02843-000_2019-10-20_01_2019-11-29.xsd#jpcrp040300-q2r_E02843-000_HealthAndMedicalEquipmentReportableSegmentsMember" xlink:label="jpcrp040300-q2r_E02843-000_HealthAndMedicalEquipmentReportableSegmentsMember" />
    <link:loc xlink:type="locator" xlink:href="jpcrp040300-q2r-001_E02843-000_2019-10-20_01_2019-11-29.xsd#jpcrp040300-q2r_E02843-000_IndustrialEquipmentReportableSegmentsMember" xlink:label="jpcrp040300-q2r_E02843-000_IndustrialEquipmentReportableSegmentsMember" />
    <link:loc xlink:type="locator" xlink:href="jpcrp040300-q2r-001_E02843-000_2019-10-20_01_2019-11-29.xsd#jpcrp040300-q2r_E02843-000_ProvisionForRetirementBenefitsForDirectorsAndOtherOfficersCL" xlink:label="jpcrp040300-q2r_E02843-000_ProvisionForRetirementBenefitsForDirectorsAndOtherOfficersCL" />
    <link:loc xlink:type="locator" xlink:href="jpcrp040300-q2r-001_E02843-000_2019-10-20_01_2019-11-29.xsd#jpcrp040300-q2r_E02843-000_ScienceEquipmentAndFacilityReportableSegmentsMember" xlink:label="jpcrp040300-q2r_E02843-000_ScienceEquipmentAndFacilityReportableSegmentsMember" />
    <link:labelArc xlink:type="arc" xlink:from="jpcrp040300-q2r_E02843-000_GainOnTransferOfInsuranceEI" xlink:to="jpcrp040300-q2r_E02843-000_GainOnTransferOfInsuranceEI_label_1" xlink:arcrole="http://www.xbrl.org/2003/arcrole/concept-label" order="1" />
    <link:labelArc xlink:type="arc" xlink:from="jpcrp040300-q2r_E02843-000_GainOnTransferOfInsuranceEI" xlink:to="jpcrp040300-q2r_E02843-000_GainOnTransferOfInsuranceEI_label" xlink:arcrole="http://www.xbrl.org/2003/arcrole/concept-label" order="1" />
    <link:labelArc xlink:type="arc" xlink:from="jpcrp040300-q2r_E02843-000_GainOnTransferOfInsuranceOpeCF" xlink:to="jpcrp040300-q2r_E02843-000_GainOnTransferOfInsuranceOpeCF_label_1" xlink:arcrole="http://www.xbrl.org/2003/arcrole/concept-label" order="1" />
    <link:labelArc xlink:type="arc" xlink:from="jpcrp040300-q2r_E02843-000_GainOnTransferOfInsuranceOpeCF" xlink:to="jpcrp040300-q2r_E02843-000_GainOnTransferOfInsuranceOpeCF_label" xlink:arcrole="http://www.xbrl.org/2003/arcrole/concept-label" order="1" />
    <link:labelArc xlink:type="arc" xlink:from="jpcrp040300-q2r_E02843-000_HealthAndMedicalEquipmentReportableSegmentsMember" xlink:to="jpcrp040300-q2r_E02843-000_HealthAndMedicalEquipmentReportableSegmentsMember_label_1" xlink:arcrole="http://www.xbrl.org/2003/arcrole/concept-label" order="1" />
    <link:labelArc xlink:type="arc" xlink:from="jpcrp040300-q2r_E02843-000_HealthAndMedicalEquipmentReportableSegmentsMember" xlink:to="jpcrp040300-q2r_E02843-000_HealthAndMedicalEquipmentReportableSegmentsMember_label" xlink:arcrole="http://www.xbrl.org/2003/arcrole/concept-label" order="1" />
    <link:labelArc xlink:type="arc" xlink:from="jpcrp040300-q2r_E02843-000_IndustrialEquipmentReportableSegmentsMember" xlink:to="jpcrp040300-q2r_E02843-000_IndustrialEquipmentReportableSegmentsMember_label_1" xlink:arcrole="http://www.xbrl.org/2003/arcrole/concept-label" order="1" />
    <link:labelArc xlink:type="arc" xlink:from="jpcrp040300-q2r_E02843-000_IndustrialEquipmentReportableSegmentsMember" xlink:to="jpcrp040300-q2r_E02843-000_IndustrialEquipmentReportableSegmentsMember_label" xlink:arcrole="http://www.xbrl.org/2003/arcrole/concept-label" order="1" />
    <link:labelArc xlink:type="arc" xlink:from="jpcrp040300-q2r_E02843-000_ProvisionForRetirementBenefitsForDirectorsAndOtherOfficersCL" xlink:to="jpcrp040300-q2r_E02843-000_ProvisionForRetirementBenefitsForDirectorsAndOtherOfficersCL_label_1" xlink:arcrole="http://www.xbrl.org/2003/arcrole/concept-label" order="1" />
    <link:labelArc xlink:type="arc" xlink:from="jpcrp040300-q2r_E02843-000_ProvisionForRetirementBenefitsForDirectorsAndOtherOfficersCL" xlink:to="jpcrp040300-q2r_E02843-000_ProvisionForRetirementBenefitsForDirectorsAndOtherOfficersCL_label" xlink:arcrole="http://www.xbrl.org/2003/arcrole/concept-label" order="1" />
    <link:labelArc xlink:type="arc" xlink:from="jpcrp040300-q2r_E02843-000_ScienceEquipmentAndFacilityReportableSegmentsMember" xlink:to="jpcrp040300-q2r_E02843-000_ScienceEquipmentAndFacilityReportableSegmentsMember_label_1" xlink:arcrole="http://www.xbrl.org/2003/arcrole/concept-label" order="1" />
    <link:labelArc xlink:type="arc" xlink:from="jpcrp040300-q2r_E02843-000_ScienceEquipmentAndFacilityReportableSegmentsMember" xlink:to="jpcrp040300-q2r_E02843-000_ScienceEquipmentAndFacilityReportableSegmentsMember_label" xlink:arcrole="http://www.xbrl.org/2003/arcrole/concept-label" order="1" />
  </link:labelLink>
</link:linkbase>