﻿<?xml version="1.0" encoding="utf-8"?>
<!-- Edited with XiRUTE .NET Library 01-08 -->
<link:linkbase xmlns:xlink="http://www.w3.org/1999/xlink" xmlns:xsi="http://www.w3.org/2001/XMLSchema-instance" xmlns:link="http://www.xbrl.org/2003/linkbase">
  <link:labelLink xlink:type="extended" xlink:role="http://www.xbrl.org/2003/role/link">
    <link:label xml:lang="ja" xlink:type="resource" xlink:label="jpcrp040300-q2r_E03634-000_AccountingPolicyForLeasesTextBlock_label" xlink:role="http://www.xbrl.org/2003/role/label">リース取引の処理方法</link:label>
    <link:label xml:lang="ja" xlink:type="resource" xlink:label="jpcrp040300-q2r_E03634-000_AccountingPolicyForLeasesTextBlock_label_1" xlink:role="http://www.xbrl.org/2003/role/verboseLabel">リース取引の処理方法 [テキストブロック]</link:label>
    <link:label xml:lang="ja" xlink:type="resource" xlink:label="jpcrp040300-q2r_E03634-000_BankingReportableSegmentsMember_label" xlink:role="http://www.xbrl.org/2003/role/label">銀行業</link:label>
    <link:label xml:lang="ja" xlink:type="resource" xlink:label="jpcrp040300-q2r_E03634-000_BankingReportableSegmentsMember_label_1" xlink:role="http://www.xbrl.org/2003/role/verboseLabel">銀行業、報告セグメント [メンバー]</link:label>
    <link:label xml:lang="ja" xlink:type="resource" xlink:label="jpcrp040300-q2r_E03634-000_CreditCardCreditGuaranteeReportableSegmentMember_label" xlink:role="http://www.xbrl.org/2003/role/label">クレジットカード業・信用保証業</link:label>
    <link:label xml:lang="ja" xlink:type="resource" xlink:label="jpcrp040300-q2r_E03634-000_CreditCardCreditGuaranteeReportableSegmentMember_label_1" xlink:role="http://www.xbrl.org/2003/role/verboseLabel">クレジットカード業・信用保証業、報告セグメント [メンバー]</link:label>
    <link:label xml:lang="ja" xlink:type="resource" xlink:label="jpcrp040300-q2r_E03634-000_LeasingReportableSegmentsMember_label" xlink:role="http://www.xbrl.org/2003/role/label">リース業</link:label>
    <link:label xml:lang="ja" xlink:type="resource" xlink:label="jpcrp040300-q2r_E03634-000_LeasingReportableSegmentsMember_label_1" xlink:role="http://www.xbrl.org/2003/role/verboseLabel">リース業、報告セグメント [メンバー]</link:label>
    <link:label xml:lang="ja" xlink:type="resource" xlink:label="jpcrp040300-q2r_E03634-000_SummaryOfBusinessResultsTextBlock_label" xlink:role="http://www.xbrl.org/2003/role/label">主要な経営指標等の推移</link:label>
    <link:label xml:lang="ja" xlink:type="resource" xlink:label="jpcrp040300-q2r_E03634-000_SummaryOfBusinessResultsTextBlock_label_1" xlink:role="http://www.xbrl.org/2003/role/verboseLabel">主要な経営指標等の推移 [テキストブロック]</link:label>
    <link:loc xlink:type="locator" xlink:href="jpcrp040300-q2r-001_E03634-000_2019-09-30_01_2019-11-29.xsd#jpcrp040300-q2r_E03634-000_AccountingPolicyForLeasesTextBlock" xlink:label="jpcrp040300-q2r_E03634-000_AccountingPolicyForLeasesTextBlock" />
    <link:loc xlink:type="locator" xlink:href="jpcrp040300-q2r-001_E03634-000_2019-09-30_01_2019-11-29.xsd#jpcrp040300-q2r_E03634-000_BankingReportableSegmentsMember" xlink:label="jpcrp040300-q2r_E03634-000_BankingReportableSegmentsMember" />
    <link:loc xlink:type="locator" xlink:href="jpcrp040300-q2r-001_E03634-000_2019-09-30_01_2019-11-29.xsd#jpcrp040300-q2r_E03634-000_CreditCardCreditGuaranteeReportableSegmentMember" xlink:label="jpcrp040300-q2r_E03634-000_CreditCardCreditGuaranteeReportableSegmentMember" />
    <link:loc xlink:type="locator" xlink:href="jpcrp040300-q2r-001_E03634-000_2019-09-30_01_2019-11-29.xsd#jpcrp040300-q2r_E03634-000_LeasingReportableSegmentsMember" xlink:label="jpcrp040300-q2r_E03634-000_LeasingReportableSegmentsMember" />
    <link:loc xlink:type="locator" xlink:href="jpcrp040300-q2r-001_E03634-000_2019-09-30_01_2019-11-29.xsd#jpcrp040300-q2r_E03634-000_SummaryOfBusinessResultsTextBlock" xlink:label="jpcrp040300-q2r_E03634-000_SummaryOfBusinessResultsTextBlock" />
    <link:labelArc xlink:type="arc" xlink:from="jpcrp040300-q2r_E03634-000_AccountingPolicyForLeasesTextBlock" xlink:to="jpcrp040300-q2r_E03634-000_AccountingPolicyForLeasesTextBlock_label_1" xlink:arcrole="http://www.xbrl.org/2003/arcrole/concept-label" order="1" />
    <link:labelArc xlink:type="arc" xlink:from="jpcrp040300-q2r_E03634-000_AccountingPolicyForLeasesTextBlock" xlink:to="jpcrp040300-q2r_E03634-000_AccountingPolicyForLeasesTextBlock_label" xlink:arcrole="http://www.xbrl.org/2003/arcrole/concept-label" order="1" />
    <link:labelArc xlink:type="arc" xlink:from="jpcrp040300-q2r_E03634-000_BankingReportableSegmentsMember" xlink:to="jpcrp040300-q2r_E03634-000_BankingReportableSegmentsMember_label_1" xlink:arcrole="http://www.xbrl.org/2003/arcrole/concept-label" order="1" />
    <link:labelArc xlink:type="arc" xlink:from="jpcrp040300-q2r_E03634-000_BankingReportableSegmentsMember" xlink:to="jpcrp040300-q2r_E03634-000_BankingReportableSegmentsMember_label" xlink:arcrole="http://www.xbrl.org/2003/arcrole/concept-label" order="1" />
    <link:labelArc xlink:type="arc" xlink:from="jpcrp040300-q2r_E03634-000_CreditCardCreditGuaranteeReportableSegmentMember" xlink:to="jpcrp040300-q2r_E03634-000_CreditCardCreditGuaranteeReportableSegmentMember_label_1" xlink:arcrole="http://www.xbrl.org/2003/arcrole/concept-label" order="1" />
    <link:labelArc xlink:type="arc" xlink:from="jpcrp040300-q2r_E03634-000_CreditCardCreditGuaranteeReportableSegmentMember" xlink:to="jpcrp040300-q2r_E03634-000_CreditCardCreditGuaranteeReportableSegmentMember_label" xlink:arcrole="http://www.xbrl.org/2003/arcrole/concept-label" order="1" />
    <link:labelArc xlink:type="arc" xlink:from="jpcrp040300-q2r_E03634-000_LeasingReportableSegmentsMember" xlink:to="jpcrp040300-q2r_E03634-000_LeasingReportableSegmentsMember_label_1" xlink:arcrole="http://www.xbrl.org/2003/arcrole/concept-label" order="1" />
    <link:labelArc xlink:type="arc" xlink:from="jpcrp040300-q2r_E03634-000_LeasingReportableSegmentsMember" xlink:to="jpcrp040300-q2r_E03634-000_LeasingReportableSegmentsMember_label" xlink:arcrole="http://www.xbrl.org/2003/arcrole/concept-label" order="1" />
    <link:labelArc xlink:type="arc" xlink:from="jpcrp040300-q2r_E03634-000_SummaryOfBusinessResultsTextBlock" xlink:to="jpcrp040300-q2r_E03634-000_SummaryOfBusinessResultsTextBlock_label_1" xlink:arcrole="http://www.xbrl.org/2003/arcrole/concept-label" order="1" />
    <link:labelArc xlink:type="arc" xlink:from="jpcrp040300-q2r_E03634-000_SummaryOfBusinessResultsTextBlock" xlink:to="jpcrp040300-q2r_E03634-000_SummaryOfBusinessResultsTextBlock_label" xlink:arcrole="http://www.xbrl.org/2003/arcrole/concept-label" order="1" />
  </link:labelLink>
</link:linkbase>