﻿<?xml version="1.0" encoding="utf-8"?>
<!-- Edited with XiRUTE .NET Library 01-08 -->
<link:linkbase xmlns:xlink="http://www.w3.org/1999/xlink" xmlns:xsi="http://www.w3.org/2001/XMLSchema-instance" xmlns:link="http://www.xbrl.org/2003/linkbase">
  <link:labelLink xlink:type="extended" xlink:role="http://www.xbrl.org/2003/role/link">
    <link:label xml:lang="ja" xlink:type="resource" xlink:label="jpcrp040300-q2r_E03606-000_AccountingPoliciesAppliedToForeignSubsidiariesTextBlock_label" xlink:role="http://www.xbrl.org/2003/role/label">在外子会社の会計処理基準</link:label>
    <link:label xml:lang="ja" xlink:type="resource" xlink:label="jpcrp040300-q2r_E03606-000_AccountingPoliciesAppliedToForeignSubsidiariesTextBlock_label_1" xlink:role="http://www.xbrl.org/2003/role/verboseLabel">在外子会社の会計処理基準[テキストブロック]</link:label>
    <link:label xml:lang="ja" xlink:type="resource" xlink:label="jpcrp040300-q2r_E03606-000_AccountingPolicyForBillsDiscountedAndBillsRediscountedTextBlock_label" xlink:role="http://www.xbrl.org/2003/role/label">手形割引及び再割引の会計処理</link:label>
    <link:label xml:lang="ja" xlink:type="resource" xlink:label="jpcrp040300-q2r_E03606-000_AccountingPolicyForBillsDiscountedAndBillsRediscountedTextBlock_label_1" xlink:role="http://www.xbrl.org/2003/role/verboseLabel">手形割引及び再割引の会計処理[テキストブロック]</link:label>
    <link:label xml:lang="ja" xlink:type="resource" xlink:label="jpcrp040300-q2r_E03606-000_AccountingPolicyForLeasesTextBlock_label" xlink:role="http://www.xbrl.org/2003/role/label">リース取引の処理方法</link:label>
    <link:label xml:lang="ja" xlink:type="resource" xlink:label="jpcrp040300-q2r_E03606-000_AccountingPolicyForLeasesTextBlock_label_1" xlink:role="http://www.xbrl.org/2003/role/verboseLabel">リース取引の処理方法[テキストブロック]</link:label>
    <link:label xml:lang="ja" xlink:type="resource" xlink:label="jpcrp040300-q2r_E03606-000_ApplicationOfConsolidatedTaxationSystemTextBlock_label" xlink:role="http://www.xbrl.org/2003/role/label">連結納税制度の適用</link:label>
    <link:label xml:lang="ja" xlink:type="resource" xlink:label="jpcrp040300-q2r_E03606-000_ApplicationOfConsolidatedTaxationSystemTextBlock_label_1" xlink:role="http://www.xbrl.org/2003/role/verboseLabel">連結納税制度の適用[テキストブロック]</link:label>
    <link:label xml:lang="ja" xlink:type="resource" xlink:label="jpcrp040300-q2r_E03606-000_AssetManagementAndInvestorServicesBusinessGroupMember_label" xlink:role="http://www.xbrl.org/2003/role/label">受託財産事業本部</link:label>
    <link:label xml:lang="ja" xlink:type="resource" xlink:label="jpcrp040300-q2r_E03606-000_AssetManagementAndInvestorServicesBusinessGroupMember_label_1" xlink:role="http://www.xbrl.org/2003/role/verboseLabel">受託財産事業本部 [メンバー]</link:label>
    <link:label xml:lang="ja" xlink:type="resource" xlink:label="jpcrp040300-q2r_E03606-000_BTMUAndMUTB_label" xlink:role="http://www.xbrl.org/2003/role/label">銀信単体2行合算</link:label>
    <link:label xml:lang="ja" xlink:type="resource" xlink:label="jpcrp040300-q2r_E03606-000_BTMUAndMUTB_label_1" xlink:role="http://www.xbrl.org/2003/role/verboseLabel">銀信単体2行合算</link:label>
    <link:label xml:lang="ja" xlink:type="resource" xlink:label="jpcrp040300-q2r_E03606-000_ChangesInSubsidiariesEquity_label" xlink:role="http://www.xbrl.org/2003/role/label">連結子会社持分の増減</link:label>
    <link:label xml:lang="ja" xlink:type="resource" xlink:label="jpcrp040300-q2r_E03606-000_ChangesInSubsidiariesEquity_label_1" xlink:role="http://www.xbrl.org/2003/role/verboseLabel">連結子会社持分の増減</link:label>
    <link:label xml:lang="ja" xlink:type="resource" xlink:label="jpcrp040300-q2r_E03606-000_CumulativeEffectsDueToRevisionOfAccountingStandardsForForeignSubsidiariesAndAffiliates_label" xlink:role="http://www.xbrl.org/2003/role/label">在外関係会社の会計基準の改正等に伴う累積的影響額</link:label>
    <link:label xml:lang="ja" xlink:type="resource" xlink:label="jpcrp040300-q2r_E03606-000_CumulativeEffectsDueToRevisionOfAccountingStandardsForForeignSubsidiariesAndAffiliates_label_2" xlink:role="http://www.xbrl.org/2003/role/verboseLabel">在外関係会社の会計基準の改正等に伴う累積的影響額</link:label>
    <link:label xml:lang="ja" xlink:type="resource" xlink:label="jpcrp040300-q2r_E03606-000_CumulativeEffectsDueToRevisionOfAccountingStandardsForForeignSubsidiariesAndAffiliates_label_1" xlink:role="http://www.xbrl.org/2003/role/periodStartLabel">在外関係会社の会計基準の改正等に伴う累積的影響額</link:label>
    <link:label xml:lang="ja" xlink:type="resource" xlink:label="jpcrp040300-q2r_E03606-000_DebtValueAdjustmentsOfForeignSubsidiariesAndAffiliatesMember_label" xlink:role="http://www.xbrl.org/2003/role/label">在外関係会社における債務評価調整額</link:label>
    <link:label xml:lang="ja" xlink:type="resource" xlink:label="jpcrp040300-q2r_E03606-000_DebtValueAdjustmentsOfForeignSubsidiariesAndAffiliatesMember_label_1" xlink:role="http://www.xbrl.org/2003/role/verboseLabel">在外関係会社における債務評価調整額 [メンバー]</link:label>
    <link:label xml:lang="ja" xlink:type="resource" xlink:label="jpcrp040300-q2r_E03606-000_DebtValueAdjustmentsOfForeignSubsidiariesAndAffiliatesVTA_label" xlink:role="http://www.xbrl.org/2003/role/label">在外関係会社における債務評価調整額</link:label>
    <link:label xml:lang="ja" xlink:type="resource" xlink:label="jpcrp040300-q2r_E03606-000_DebtValueAdjustmentsOfForeignSubsidiariesAndAffiliatesVTA_label_1" xlink:role="http://www.xbrl.org/2003/role/verboseLabel">在外関係会社における債務評価調整額、評価・換算差額等</link:label>
    <link:label xml:lang="ja" xlink:type="resource" xlink:label="jpcrp040300-q2r_E03606-000_DecreaseInRedemptionOfPreferredStockFinCFBNK_label_1" xlink:role="http://www.xbrl.org/2003/role/label">優先株式等の償還等による支出</link:label>
    <link:label xml:lang="ja" xlink:type="resource" xlink:label="jpcrp040300-q2r_E03606-000_DecreaseInRedemptionOfPreferredStockFinCFBNK_label_2" xlink:role="http://www.xbrl.org/2003/role/verboseLabel">優先株式等の償還等による支出、財務活動によるキャッシュ・フロー、銀行業</link:label>
    <link:label xml:lang="ja" xlink:type="resource" xlink:label="jpcrp040300-q2r_E03606-000_DecreaseInRedemptionOfPreferredStockFinCFBNK_label" xlink:role="http://www.xbrl.org/2003/role/documentation">優先株式等の償還等による支出、財務活動によるキャッシュ・フロー、銀行業</link:label>
    <link:label xml:lang="ja" xlink:type="resource" xlink:label="jpcrp040300-q2r_E03606-000_GlobalCommercialBankingBusinessGroupMember_label" xlink:role="http://www.xbrl.org/2003/role/label">グローバルコマーシャルバンキング事業本部</link:label>
    <link:label xml:lang="ja" xlink:type="resource" xlink:label="jpcrp040300-q2r_E03606-000_GlobalCommercialBankingBusinessGroupMember_label_1" xlink:role="http://www.xbrl.org/2003/role/verboseLabel">グローバルコマーシャルバンキング事業本部 [メンバー]</link:label>
    <link:label xml:lang="ja" xlink:type="resource" xlink:label="jpcrp040300-q2r_E03606-000_GlobalCorporateAndInvestmentBankingBusinessGroupMember_label" xlink:role="http://www.xbrl.org/2003/role/label">グローバルCIB事業本部</link:label>
    <link:label xml:lang="ja" xlink:type="resource" xlink:label="jpcrp040300-q2r_E03606-000_GlobalCorporateAndInvestmentBankingBusinessGroupMember_label_1" xlink:role="http://www.xbrl.org/2003/role/verboseLabel">グローバルCIB事業本部 [メンバー]</link:label>
    <link:label xml:lang="ja" xlink:type="resource" xlink:label="jpcrp040300-q2r_E03606-000_GlobalMarketsBusinessGroupMember_label" xlink:role="http://www.xbrl.org/2003/role/label">市場事業本部</link:label>
    <link:label xml:lang="ja" xlink:type="resource" xlink:label="jpcrp040300-q2r_E03606-000_GlobalMarketsBusinessGroupMember_label_1" xlink:role="http://www.xbrl.org/2003/role/verboseLabel">市場事業本部 [メンバー]</link:label>
    <link:label xml:lang="ja" xlink:type="resource" xlink:label="jpcrp040300-q2r_E03606-000_JapaneseCorporateAndInvestmentBankingBusinessGroupMember_label" xlink:role="http://www.xbrl.org/2003/role/label">コーポレートバンキング事業本部</link:label>
    <link:label xml:lang="ja" xlink:type="resource" xlink:label="jpcrp040300-q2r_E03606-000_JapaneseCorporateAndInvestmentBankingBusinessGroupMember_label_1" xlink:role="http://www.xbrl.org/2003/role/verboseLabel">コーポレートバンキング事業本部 [メンバー]</link:label>
    <link:label xml:lang="ja" xlink:type="resource" xlink:label="jpcrp040300-q2r_E03606-000_LossOnSalesOfAffiliatesStocksEL_label_1" xlink:role="http://www.xbrl.org/2003/role/label">関連会社株式売却損</link:label>
    <link:label xml:lang="ja" xlink:type="resource" xlink:label="jpcrp040300-q2r_E03606-000_LossOnSalesOfAffiliatesStocksEL_label_2" xlink:role="http://www.xbrl.org/2003/role/verboseLabel">関連会社株式売却損、特別損失</link:label>
    <link:label xml:lang="ja" xlink:type="resource" xlink:label="jpcrp040300-q2r_E03606-000_LossOnSalesOfAffiliatesStocksEL_label" xlink:role="http://www.xbrl.org/2003/role/documentation">関連会社株式売却損、特別損失</link:label>
    <link:label xml:lang="ja" xlink:type="resource" xlink:label="jpcrp040300-q2r_E03606-000_NetInterestIncome_label" xlink:role="http://www.xbrl.org/2003/role/label">金利収支</link:label>
    <link:label xml:lang="ja" xlink:type="resource" xlink:label="jpcrp040300-q2r_E03606-000_NetInterestIncome_label_1" xlink:role="http://www.xbrl.org/2003/role/verboseLabel">金利収支</link:label>
    <link:label xml:lang="ja" xlink:type="resource" xlink:label="jpcrp040300-q2r_E03606-000_NetNonInterestIncomeExpense_label" xlink:role="http://www.xbrl.org/2003/role/label">非金利収支</link:label>
    <link:label xml:lang="ja" xlink:type="resource" xlink:label="jpcrp040300-q2r_E03606-000_NetNonInterestIncomeExpense_label_1" xlink:role="http://www.xbrl.org/2003/role/verboseLabel">非金利収支</link:label>
    <link:label xml:lang="ja" xlink:type="resource" xlink:label="jpcrp040300-q2r_E03606-000_NetRevenue_label" xlink:role="http://www.xbrl.org/2003/role/label">粗利益</link:label>
    <link:label xml:lang="ja" xlink:type="resource" xlink:label="jpcrp040300-q2r_E03606-000_NetRevenue_label_1" xlink:role="http://www.xbrl.org/2003/role/verboseLabel">粗利益</link:label>
    <link:label xml:lang="ja" xlink:type="resource" xlink:label="jpcrp040300-q2r_E03606-000_NotesRegardingContingentLiabilitiesTextBlock_label" xlink:role="http://www.xbrl.org/2003/role/label">偶発債務に関する注記</link:label>
    <link:label xml:lang="ja" xlink:type="resource" xlink:label="jpcrp040300-q2r_E03606-000_NotesRegardingContingentLiabilitiesTextBlock_label_1" xlink:role="http://www.xbrl.org/2003/role/verboseLabel">偶発債務に関する注記 [テキストブロック]</link:label>
    <link:label xml:lang="ja" xlink:type="resource" xlink:label="jpcrp040300-q2r_E03606-000_NotesRegardingPrincipalGuaranteedTrustAccountsTextBlock_label" xlink:role="http://www.xbrl.org/2003/role/label">元本補てん契約のある信託の元本金額に関する注記</link:label>
    <link:label xml:lang="ja" xlink:type="resource" xlink:label="jpcrp040300-q2r_E03606-000_NotesRegardingPrincipalGuaranteedTrustAccountsTextBlock_label_1" xlink:role="http://www.xbrl.org/2003/role/verboseLabel">元本補てん契約のある信託の元本金額に関する注記 [テキストブロック]</link:label>
    <link:label xml:lang="ja" xlink:type="resource" xlink:label="jpcrp040300-q2r_E03606-000_NotesRegardingSelfSettledTrustTextBlock_label" xlink:role="http://www.xbrl.org/2003/role/label">自己信託に関する注記</link:label>
    <link:label xml:lang="ja" xlink:type="resource" xlink:label="jpcrp040300-q2r_E03606-000_NotesRegardingSelfSettledTrustTextBlock_label_1" xlink:role="http://www.xbrl.org/2003/role/verboseLabel">自己信託に関する注記 [テキストブロック]</link:label>
    <link:label xml:lang="ja" xlink:type="resource" xlink:label="jpcrp040300-q2r_E03606-000_OperatingProfit_label" xlink:role="http://www.xbrl.org/2003/role/label">営業純益</link:label>
    <link:label xml:lang="ja" xlink:type="resource" xlink:label="jpcrp040300-q2r_E03606-000_OperatingProfit_label_1" xlink:role="http://www.xbrl.org/2003/role/verboseLabel">営業純益</link:label>
    <link:label xml:lang="ja" xlink:type="resource" xlink:label="jpcrp040300-q2r_E03606-000_OtherMember_label" xlink:role="http://www.xbrl.org/2003/role/label">その他</link:label>
    <link:label xml:lang="ja" xlink:type="resource" xlink:label="jpcrp040300-q2r_E03606-000_OtherMember_label_1" xlink:role="http://www.xbrl.org/2003/role/verboseLabel">その他 [メンバー]</link:label>
    <link:label xml:lang="ja" xlink:type="resource" xlink:label="jpcrp040300-q2r_E03606-000_OtherThanBTMUAndMUTB_label" xlink:role="http://www.xbrl.org/2003/role/label">その他</link:label>
    <link:label xml:lang="ja" xlink:type="resource" xlink:label="jpcrp040300-q2r_E03606-000_OtherThanBTMUAndMUTB_label_1" xlink:role="http://www.xbrl.org/2003/role/verboseLabel">その他</link:label>
    <link:label xml:lang="ja" xlink:type="resource" xlink:label="jpcrp040300-q2r_E03606-000_ReserveForLoyaltyAwardsCreditsLiabilitiesBNK_label_1" xlink:role="http://www.xbrl.org/2003/role/label">ポイント引当金</link:label>
    <link:label xml:lang="ja" xlink:type="resource" xlink:label="jpcrp040300-q2r_E03606-000_ReserveForLoyaltyAwardsCreditsLiabilitiesBNK_label_2" xlink:role="http://www.xbrl.org/2003/role/verboseLabel">ポイント引当金、負債の部、銀行業</link:label>
    <link:label xml:lang="ja" xlink:type="resource" xlink:label="jpcrp040300-q2r_E03606-000_ReserveForLoyaltyAwardsCreditsLiabilitiesBNK_label" xlink:role="http://www.xbrl.org/2003/role/documentation">ポイント引当金、負債の部、銀行業</link:label>
    <link:label xml:lang="ja" xlink:type="resource" xlink:label="jpcrp040300-q2r_E03606-000_ReserveForStocksPaymentLiabilities_label" xlink:role="http://www.xbrl.org/2003/role/label">株式給付引当金</link:label>
    <link:label xml:lang="ja" xlink:type="resource" xlink:label="jpcrp040300-q2r_E03606-000_ReserveForStocksPaymentLiabilities_label_1" xlink:role="http://www.xbrl.org/2003/role/verboseLabel">株式給付引当金、負債の部</link:label>
    <link:label xml:lang="ja" xlink:type="resource" xlink:label="jpcrp040300-q2r_E03606-000_RestatedBalanceReflectsCumulativeEffectsDueToRevisionOfAccountingStandardsForForeignSubsidiariesAndAffiliates_label" xlink:role="http://www.xbrl.org/2003/role/label">在外関係会社の会計基準の改正等を反映した当期首残高</link:label>
    <link:label xml:lang="ja" xlink:type="resource" xlink:label="jpcrp040300-q2r_E03606-000_RestatedBalanceReflectsCumulativeEffectsDueToRevisionOfAccountingStandardsForForeignSubsidiariesAndAffiliates_label_2" xlink:role="http://www.xbrl.org/2003/role/verboseLabel">在外関係会社の会計基準の改正等を反映した当期首残高</link:label>
    <link:label xml:lang="ja" xlink:type="resource" xlink:label="jpcrp040300-q2r_E03606-000_RestatedBalanceReflectsCumulativeEffectsDueToRevisionOfAccountingStandardsForForeignSubsidiariesAndAffiliates_label_1" xlink:role="http://www.xbrl.org/2003/role/periodStartLabel">在外関係会社の会計基準の改正等を反映した当期首残高</link:label>
    <link:label xml:lang="ja" xlink:type="resource" xlink:label="jpcrp040300-q2r_E03606-000_RetailAndCommercialBankingBusinessGroupMember_label" xlink:role="http://www.xbrl.org/2003/role/label">法人・リテール事業本部</link:label>
    <link:label xml:lang="ja" xlink:type="resource" xlink:label="jpcrp040300-q2r_E03606-000_RetailAndCommercialBankingBusinessGroupMember_label_1" xlink:role="http://www.xbrl.org/2003/role/verboseLabel">法人・リテール事業本部 [メンバー]</link:label>
    <link:label xml:lang="ja" xlink:type="resource" xlink:label="jpcrp040300-q2r_E03606-000_SummaryOfBusinessResultsTextBlock_label" xlink:role="http://www.xbrl.org/2003/role/label">主要な経営指標等の推移</link:label>
    <link:label xml:lang="ja" xlink:type="resource" xlink:label="jpcrp040300-q2r_E03606-000_SummaryOfBusinessResultsTextBlock_label_1" xlink:role="http://www.xbrl.org/2003/role/verboseLabel">主要な経営指標等の推移 [テキストブロック]</link:label>
    <link:label xml:lang="ja" xlink:type="resource" xlink:label="jpcrp040300-q2r_E03606-000_SundryExpense_label" xlink:role="http://www.xbrl.org/2003/role/label">経費</link:label>
    <link:label xml:lang="ja" xlink:type="resource" xlink:label="jpcrp040300-q2r_E03606-000_SundryExpense_label_1" xlink:role="http://www.xbrl.org/2003/role/verboseLabel">経費</link:label>
    <link:label xml:lang="ja" xlink:type="resource" xlink:label="jpcrp040300-q2r_E03606-000_TotalMember_label" xlink:role="http://www.xbrl.org/2003/role/label">合計</link:label>
    <link:label xml:lang="ja" xlink:type="resource" xlink:label="jpcrp040300-q2r_E03606-000_TotalMember_label_1" xlink:role="http://www.xbrl.org/2003/role/verboseLabel">合計 [メンバー]</link:label>
    <link:label xml:lang="ja" xlink:type="resource" xlink:label="jpcrp040300-q2r_E03606-000_TotalOfCustomerBusinessUnitMember_label" xlink:role="http://www.xbrl.org/2003/role/label">顧客部門小計</link:label>
    <link:label xml:lang="ja" xlink:type="resource" xlink:label="jpcrp040300-q2r_E03606-000_TotalOfCustomerBusinessUnitMember_label_1" xlink:role="http://www.xbrl.org/2003/role/verboseLabel">顧客部門小計 [メンバー]</link:label>
    <link:loc xlink:type="locator" xlink:href="jpcrp040300-q2r-001_E03606-000_2019-09-30_01_2019-11-29.xsd#jpcrp040300-q2r_E03606-000_AccountingPoliciesAppliedToForeignSubsidiariesTextBlock" xlink:label="jpcrp040300-q2r_E03606-000_AccountingPoliciesAppliedToForeignSubsidiariesTextBlock" />
    <link:loc xlink:type="locator" xlink:href="jpcrp040300-q2r-001_E03606-000_2019-09-30_01_2019-11-29.xsd#jpcrp040300-q2r_E03606-000_AccountingPolicyForBillsDiscountedAndBillsRediscountedTextBlock" xlink:label="jpcrp040300-q2r_E03606-000_AccountingPolicyForBillsDiscountedAndBillsRediscountedTextBlock" />
    <link:loc xlink:type="locator" xlink:href="jpcrp040300-q2r-001_E03606-000_2019-09-30_01_2019-11-29.xsd#jpcrp040300-q2r_E03606-000_AccountingPolicyForLeasesTextBlock" xlink:label="jpcrp040300-q2r_E03606-000_AccountingPolicyForLeasesTextBlock" />
    <link:loc xlink:type="locator" xlink:href="jpcrp040300-q2r-001_E03606-000_2019-09-30_01_2019-11-29.xsd#jpcrp040300-q2r_E03606-000_ApplicationOfConsolidatedTaxationSystemTextBlock" xlink:label="jpcrp040300-q2r_E03606-000_ApplicationOfConsolidatedTaxationSystemTextBlock" />
    <link:loc xlink:type="locator" xlink:href="jpcrp040300-q2r-001_E03606-000_2019-09-30_01_2019-11-29.xsd#jpcrp040300-q2r_E03606-000_AssetManagementAndInvestorServicesBusinessGroupMember" xlink:label="jpcrp040300-q2r_E03606-000_AssetManagementAndInvestorServicesBusinessGroupMember" />
    <link:loc xlink:type="locator" xlink:href="jpcrp040300-q2r-001_E03606-000_2019-09-30_01_2019-11-29.xsd#jpcrp040300-q2r_E03606-000_BTMUAndMUTB" xlink:label="jpcrp040300-q2r_E03606-000_BTMUAndMUTB" />
    <link:loc xlink:type="locator" xlink:href="jpcrp040300-q2r-001_E03606-000_2019-09-30_01_2019-11-29.xsd#jpcrp040300-q2r_E03606-000_ChangesInSubsidiariesEquity" xlink:label="jpcrp040300-q2r_E03606-000_ChangesInSubsidiariesEquity" />
    <link:loc xlink:type="locator" xlink:href="jpcrp040300-q2r-001_E03606-000_2019-09-30_01_2019-11-29.xsd#jpcrp040300-q2r_E03606-000_CumulativeEffectsDueToRevisionOfAccountingStandardsForForeignSubsidiariesAndAffiliates" xlink:label="jpcrp040300-q2r_E03606-000_CumulativeEffectsDueToRevisionOfAccountingStandardsForForeignSubsidiariesAndAffiliates" />
    <link:loc xlink:type="locator" xlink:href="jpcrp040300-q2r-001_E03606-000_2019-09-30_01_2019-11-29.xsd#jpcrp040300-q2r_E03606-000_DebtValueAdjustmentsOfForeignSubsidiariesAndAffiliatesMember" xlink:label="jpcrp040300-q2r_E03606-000_DebtValueAdjustmentsOfForeignSubsidiariesAndAffiliatesMember" />
    <link:loc xlink:type="locator" xlink:href="jpcrp040300-q2r-001_E03606-000_2019-09-30_01_2019-11-29.xsd#jpcrp040300-q2r_E03606-000_DebtValueAdjustmentsOfForeignSubsidiariesAndAffiliatesVTA" xlink:label="jpcrp040300-q2r_E03606-000_DebtValueAdjustmentsOfForeignSubsidiariesAndAffiliatesVTA" />
    <link:loc xlink:type="locator" xlink:href="jpcrp040300-q2r-001_E03606-000_2019-09-30_01_2019-11-29.xsd#jpcrp040300-q2r_E03606-000_DecreaseInRedemptionOfPreferredStockFinCFBNK" xlink:label="jpcrp040300-q2r_E03606-000_DecreaseInRedemptionOfPreferredStockFinCFBNK" />
    <link:loc xlink:type="locator" xlink:href="jpcrp040300-q2r-001_E03606-000_2019-09-30_01_2019-11-29.xsd#jpcrp040300-q2r_E03606-000_GlobalCommercialBankingBusinessGroupMember" xlink:label="jpcrp040300-q2r_E03606-000_GlobalCommercialBankingBusinessGroupMember" />
    <link:loc xlink:type="locator" xlink:href="jpcrp040300-q2r-001_E03606-000_2019-09-30_01_2019-11-29.xsd#jpcrp040300-q2r_E03606-000_GlobalCorporateAndInvestmentBankingBusinessGroupMember" xlink:label="jpcrp040300-q2r_E03606-000_GlobalCorporateAndInvestmentBankingBusinessGroupMember" />
    <link:loc xlink:type="locator" xlink:href="jpcrp040300-q2r-001_E03606-000_2019-09-30_01_2019-11-29.xsd#jpcrp040300-q2r_E03606-000_GlobalMarketsBusinessGroupMember" xlink:label="jpcrp040300-q2r_E03606-000_GlobalMarketsBusinessGroupMember" />
    <link:loc xlink:type="locator" xlink:href="jpcrp040300-q2r-001_E03606-000_2019-09-30_01_2019-11-29.xsd#jpcrp040300-q2r_E03606-000_JapaneseCorporateAndInvestmentBankingBusinessGroupMember" xlink:label="jpcrp040300-q2r_E03606-000_JapaneseCorporateAndInvestmentBankingBusinessGroupMember" />
    <link:loc xlink:type="locator" xlink:href="jpcrp040300-q2r-001_E03606-000_2019-09-30_01_2019-11-29.xsd#jpcrp040300-q2r_E03606-000_LossOnSalesOfAffiliatesStocksEL" xlink:label="jpcrp040300-q2r_E03606-000_LossOnSalesOfAffiliatesStocksEL" />
    <link:loc xlink:type="locator" xlink:href="jpcrp040300-q2r-001_E03606-000_2019-09-30_01_2019-11-29.xsd#jpcrp040300-q2r_E03606-000_NetInterestIncome" xlink:label="jpcrp040300-q2r_E03606-000_NetInterestIncome" />
    <link:loc xlink:type="locator" xlink:href="jpcrp040300-q2r-001_E03606-000_2019-09-30_01_2019-11-29.xsd#jpcrp040300-q2r_E03606-000_NetNonInterestIncomeExpense" xlink:label="jpcrp040300-q2r_E03606-000_NetNonInterestIncomeExpense" />
    <link:loc xlink:type="locator" xlink:href="jpcrp040300-q2r-001_E03606-000_2019-09-30_01_2019-11-29.xsd#jpcrp040300-q2r_E03606-000_NetRevenue" xlink:label="jpcrp040300-q2r_E03606-000_NetRevenue" />
    <link:loc xlink:type="locator" xlink:href="jpcrp040300-q2r-001_E03606-000_2019-09-30_01_2019-11-29.xsd#jpcrp040300-q2r_E03606-000_NotesRegardingContingentLiabilitiesTextBlock" xlink:label="jpcrp040300-q2r_E03606-000_NotesRegardingContingentLiabilitiesTextBlock" />
    <link:loc xlink:type="locator" xlink:href="jpcrp040300-q2r-001_E03606-000_2019-09-30_01_2019-11-29.xsd#jpcrp040300-q2r_E03606-000_NotesRegardingPrincipalGuaranteedTrustAccountsTextBlock" xlink:label="jpcrp040300-q2r_E03606-000_NotesRegardingPrincipalGuaranteedTrustAccountsTextBlock" />
    <link:loc xlink:type="locator" xlink:href="jpcrp040300-q2r-001_E03606-000_2019-09-30_01_2019-11-29.xsd#jpcrp040300-q2r_E03606-000_NotesRegardingSelfSettledTrustTextBlock" xlink:label="jpcrp040300-q2r_E03606-000_NotesRegardingSelfSettledTrustTextBlock" />
    <link:loc xlink:type="locator" xlink:href="jpcrp040300-q2r-001_E03606-000_2019-09-30_01_2019-11-29.xsd#jpcrp040300-q2r_E03606-000_OperatingProfit" xlink:label="jpcrp040300-q2r_E03606-000_OperatingProfit" />
    <link:loc xlink:type="locator" xlink:href="jpcrp040300-q2r-001_E03606-000_2019-09-30_01_2019-11-29.xsd#jpcrp040300-q2r_E03606-000_OtherMember" xlink:label="jpcrp040300-q2r_E03606-000_OtherMember" />
    <link:loc xlink:type="locator" xlink:href="jpcrp040300-q2r-001_E03606-000_2019-09-30_01_2019-11-29.xsd#jpcrp040300-q2r_E03606-000_OtherThanBTMUAndMUTB" xlink:label="jpcrp040300-q2r_E03606-000_OtherThanBTMUAndMUTB" />
    <link:loc xlink:type="locator" xlink:href="jpcrp040300-q2r-001_E03606-000_2019-09-30_01_2019-11-29.xsd#jpcrp040300-q2r_E03606-000_ReserveForLoyaltyAwardsCreditsLiabilitiesBNK" xlink:label="jpcrp040300-q2r_E03606-000_ReserveForLoyaltyAwardsCreditsLiabilitiesBNK" />
    <link:loc xlink:type="locator" xlink:href="jpcrp040300-q2r-001_E03606-000_2019-09-30_01_2019-11-29.xsd#jpcrp040300-q2r_E03606-000_ReserveForStocksPaymentLiabilities" xlink:label="jpcrp040300-q2r_E03606-000_ReserveForStocksPaymentLiabilities" />
    <link:loc xlink:type="locator" xlink:href="jpcrp040300-q2r-001_E03606-000_2019-09-30_01_2019-11-29.xsd#jpcrp040300-q2r_E03606-000_RestatedBalanceReflectsCumulativeEffectsDueToRevisionOfAccountingStandardsForForeignSubsidiariesAndAffiliates" xlink:label="jpcrp040300-q2r_E03606-000_RestatedBalanceReflectsCumulativeEffectsDueToRevisionOfAccountingStandardsForForeignSubsidiariesAndAffiliates" />
    <link:loc xlink:type="locator" xlink:href="jpcrp040300-q2r-001_E03606-000_2019-09-30_01_2019-11-29.xsd#jpcrp040300-q2r_E03606-000_RetailAndCommercialBankingBusinessGroupMember" xlink:label="jpcrp040300-q2r_E03606-000_RetailAndCommercialBankingBusinessGroupMember" />
    <link:loc xlink:type="locator" xlink:href="jpcrp040300-q2r-001_E03606-000_2019-09-30_01_2019-11-29.xsd#jpcrp040300-q2r_E03606-000_SummaryOfBusinessResultsTextBlock" xlink:label="jpcrp040300-q2r_E03606-000_SummaryOfBusinessResultsTextBlock" />
    <link:loc xlink:type="locator" xlink:href="jpcrp040300-q2r-001_E03606-000_2019-09-30_01_2019-11-29.xsd#jpcrp040300-q2r_E03606-000_SundryExpense" xlink:label="jpcrp040300-q2r_E03606-000_SundryExpense" />
    <link:loc xlink:type="locator" xlink:href="jpcrp040300-q2r-001_E03606-000_2019-09-30_01_2019-11-29.xsd#jpcrp040300-q2r_E03606-000_TotalMember" xlink:label="jpcrp040300-q2r_E03606-000_TotalMember" />
    <link:loc xlink:type="locator" xlink:href="jpcrp040300-q2r-001_E03606-000_2019-09-30_01_2019-11-29.xsd#jpcrp040300-q2r_E03606-000_TotalOfCustomerBusinessUnitMember" xlink:label="jpcrp040300-q2r_E03606-000_TotalOfCustomerBusinessUnitMember" />
    <link:labelArc xlink:type="arc" xlink:from="jpcrp040300-q2r_E03606-000_AccountingPoliciesAppliedToForeignSubsidiariesTextBlock" xlink:to="jpcrp040300-q2r_E03606-000_AccountingPoliciesAppliedToForeignSubsidiariesTextBlock_label_1" xlink:arcrole="http://www.xbrl.org/2003/arcrole/concept-label" order="1" />
    <link:labelArc xlink:type="arc" xlink:from="jpcrp040300-q2r_E03606-000_AccountingPoliciesAppliedToForeignSubsidiariesTextBlock" xlink:to="jpcrp040300-q2r_E03606-000_AccountingPoliciesAppliedToForeignSubsidiariesTextBlock_label" xlink:arcrole="http://www.xbrl.org/2003/arcrole/concept-label" order="1" />
    <link:labelArc xlink:type="arc" xlink:from="jpcrp040300-q2r_E03606-000_AccountingPolicyForBillsDiscountedAndBillsRediscountedTextBlock" xlink:to="jpcrp040300-q2r_E03606-000_AccountingPolicyForBillsDiscountedAndBillsRediscountedTextBlock_label_1" xlink:arcrole="http://www.xbrl.org/2003/arcrole/concept-label" order="1" />
    <link:labelArc xlink:type="arc" xlink:from="jpcrp040300-q2r_E03606-000_AccountingPolicyForBillsDiscountedAndBillsRediscountedTextBlock" xlink:to="jpcrp040300-q2r_E03606-000_AccountingPolicyForBillsDiscountedAndBillsRediscountedTextBlock_label" xlink:arcrole="http://www.xbrl.org/2003/arcrole/concept-label" order="1" />
    <link:labelArc xlink:type="arc" xlink:from="jpcrp040300-q2r_E03606-000_AccountingPolicyForLeasesTextBlock" xlink:to="jpcrp040300-q2r_E03606-000_AccountingPolicyForLeasesTextBlock_label_1" xlink:arcrole="http://www.xbrl.org/2003/arcrole/concept-label" order="1" />
    <link:labelArc xlink:type="arc" xlink:from="jpcrp040300-q2r_E03606-000_AccountingPolicyForLeasesTextBlock" xlink:to="jpcrp040300-q2r_E03606-000_AccountingPolicyForLeasesTextBlock_label" xlink:arcrole="http://www.xbrl.org/2003/arcrole/concept-label" order="1" />
    <link:labelArc xlink:type="arc" xlink:from="jpcrp040300-q2r_E03606-000_ApplicationOfConsolidatedTaxationSystemTextBlock" xlink:to="jpcrp040300-q2r_E03606-000_ApplicationOfConsolidatedTaxationSystemTextBlock_label_1" xlink:arcrole="http://www.xbrl.org/2003/arcrole/concept-label" order="1" />
    <link:labelArc xlink:type="arc" xlink:from="jpcrp040300-q2r_E03606-000_ApplicationOfConsolidatedTaxationSystemTextBlock" xlink:to="jpcrp040300-q2r_E03606-000_ApplicationOfConsolidatedTaxationSystemTextBlock_label" xlink:arcrole="http://www.xbrl.org/2003/arcrole/concept-label" order="1" />
    <link:labelArc xlink:type="arc" xlink:from="jpcrp040300-q2r_E03606-000_AssetManagementAndInvestorServicesBusinessGroupMember" xlink:to="jpcrp040300-q2r_E03606-000_AssetManagementAndInvestorServicesBusinessGroupMember_label_1" xlink:arcrole="http://www.xbrl.org/2003/arcrole/concept-label" order="1" />
    <link:labelArc xlink:type="arc" xlink:from="jpcrp040300-q2r_E03606-000_AssetManagementAndInvestorServicesBusinessGroupMember" xlink:to="jpcrp040300-q2r_E03606-000_AssetManagementAndInvestorServicesBusinessGroupMember_label" xlink:arcrole="http://www.xbrl.org/2003/arcrole/concept-label" order="1" />
    <link:labelArc xlink:type="arc" xlink:from="jpcrp040300-q2r_E03606-000_BTMUAndMUTB" xlink:to="jpcrp040300-q2r_E03606-000_BTMUAndMUTB_label_1" xlink:arcrole="http://www.xbrl.org/2003/arcrole/concept-label" order="1" />
    <link:labelArc xlink:type="arc" xlink:from="jpcrp040300-q2r_E03606-000_BTMUAndMUTB" xlink:to="jpcrp040300-q2r_E03606-000_BTMUAndMUTB_label" xlink:arcrole="http://www.xbrl.org/2003/arcrole/concept-label" order="1" />
    <link:labelArc xlink:type="arc" xlink:from="jpcrp040300-q2r_E03606-000_ChangesInSubsidiariesEquity" xlink:to="jpcrp040300-q2r_E03606-000_ChangesInSubsidiariesEquity_label_1" xlink:arcrole="http://www.xbrl.org/2003/arcrole/concept-label" order="1" />
    <link:labelArc xlink:type="arc" xlink:from="jpcrp040300-q2r_E03606-000_ChangesInSubsidiariesEquity" xlink:to="jpcrp040300-q2r_E03606-000_ChangesInSubsidiariesEquity_label" xlink:arcrole="http://www.xbrl.org/2003/arcrole/concept-label" order="1" />
    <link:labelArc xlink:type="arc" xlink:from="jpcrp040300-q2r_E03606-000_CumulativeEffectsDueToRevisionOfAccountingStandardsForForeignSubsidiariesAndAffiliates" xlink:to="jpcrp040300-q2r_E03606-000_CumulativeEffectsDueToRevisionOfAccountingStandardsForForeignSubsidiariesAndAffiliates_label_2" xlink:arcrole="http://www.xbrl.org/2003/arcrole/concept-label" order="1" />
    <link:labelArc xlink:type="arc" xlink:from="jpcrp040300-q2r_E03606-000_CumulativeEffectsDueToRevisionOfAccountingStandardsForForeignSubsidiariesAndAffiliates" xlink:to="jpcrp040300-q2r_E03606-000_CumulativeEffectsDueToRevisionOfAccountingStandardsForForeignSubsidiariesAndAffiliates_label_1" xlink:arcrole="http://www.xbrl.org/2003/arcrole/concept-label" order="1" />
    <link:labelArc xlink:type="arc" xlink:from="jpcrp040300-q2r_E03606-000_CumulativeEffectsDueToRevisionOfAccountingStandardsForForeignSubsidiariesAndAffiliates" xlink:to="jpcrp040300-q2r_E03606-000_CumulativeEffectsDueToRevisionOfAccountingStandardsForForeignSubsidiariesAndAffiliates_label" xlink:arcrole="http://www.xbrl.org/2003/arcrole/concept-label" order="1" />
    <link:labelArc xlink:type="arc" xlink:from="jpcrp040300-q2r_E03606-000_DebtValueAdjustmentsOfForeignSubsidiariesAndAffiliatesMember" xlink:to="jpcrp040300-q2r_E03606-000_DebtValueAdjustmentsOfForeignSubsidiariesAndAffiliatesMember_label_1" xlink:arcrole="http://www.xbrl.org/2003/arcrole/concept-label" order="1" />
    <link:labelArc xlink:type="arc" xlink:from="jpcrp040300-q2r_E03606-000_DebtValueAdjustmentsOfForeignSubsidiariesAndAffiliatesMember" xlink:to="jpcrp040300-q2r_E03606-000_DebtValueAdjustmentsOfForeignSubsidiariesAndAffiliatesMember_label" xlink:arcrole="http://www.xbrl.org/2003/arcrole/concept-label" order="1" />
    <link:labelArc xlink:type="arc" xlink:from="jpcrp040300-q2r_E03606-000_DebtValueAdjustmentsOfForeignSubsidiariesAndAffiliatesVTA" xlink:to="jpcrp040300-q2r_E03606-000_DebtValueAdjustmentsOfForeignSubsidiariesAndAffiliatesVTA_label_1" xlink:arcrole="http://www.xbrl.org/2003/arcrole/concept-label" order="1" />
    <link:labelArc xlink:type="arc" xlink:from="jpcrp040300-q2r_E03606-000_DebtValueAdjustmentsOfForeignSubsidiariesAndAffiliatesVTA" xlink:to="jpcrp040300-q2r_E03606-000_DebtValueAdjustmentsOfForeignSubsidiariesAndAffiliatesVTA_label" xlink:arcrole="http://www.xbrl.org/2003/arcrole/concept-label" order="1" />
    <link:labelArc xlink:type="arc" xlink:from="jpcrp040300-q2r_E03606-000_DecreaseInRedemptionOfPreferredStockFinCFBNK" xlink:to="jpcrp040300-q2r_E03606-000_DecreaseInRedemptionOfPreferredStockFinCFBNK_label_2" xlink:arcrole="http://www.xbrl.org/2003/arcrole/concept-label" order="1" />
    <link:labelArc xlink:type="arc" xlink:from="jpcrp040300-q2r_E03606-000_DecreaseInRedemptionOfPreferredStockFinCFBNK" xlink:to="jpcrp040300-q2r_E03606-000_DecreaseInRedemptionOfPreferredStockFinCFBNK_label_1" xlink:arcrole="http://www.xbrl.org/2003/arcrole/concept-label" order="1" />
    <link:labelArc xlink:type="arc" xlink:from="jpcrp040300-q2r_E03606-000_DecreaseInRedemptionOfPreferredStockFinCFBNK" xlink:to="jpcrp040300-q2r_E03606-000_DecreaseInRedemptionOfPreferredStockFinCFBNK_label" xlink:arcrole="http://www.xbrl.org/2003/arcrole/concept-label" order="1" />
    <link:labelArc xlink:type="arc" xlink:from="jpcrp040300-q2r_E03606-000_GlobalCommercialBankingBusinessGroupMember" xlink:to="jpcrp040300-q2r_E03606-000_GlobalCommercialBankingBusinessGroupMember_label_1" xlink:arcrole="http://www.xbrl.org/2003/arcrole/concept-label" order="1" />
    <link:labelArc xlink:type="arc" xlink:from="jpcrp040300-q2r_E03606-000_GlobalCommercialBankingBusinessGroupMember" xlink:to="jpcrp040300-q2r_E03606-000_GlobalCommercialBankingBusinessGroupMember_label" xlink:arcrole="http://www.xbrl.org/2003/arcrole/concept-label" order="1" />
    <link:labelArc xlink:type="arc" xlink:from="jpcrp040300-q2r_E03606-000_GlobalCorporateAndInvestmentBankingBusinessGroupMember" xlink:to="jpcrp040300-q2r_E03606-000_GlobalCorporateAndInvestmentBankingBusinessGroupMember_label_1" xlink:arcrole="http://www.xbrl.org/2003/arcrole/concept-label" order="1" />
    <link:labelArc xlink:type="arc" xlink:from="jpcrp040300-q2r_E03606-000_GlobalCorporateAndInvestmentBankingBusinessGroupMember" xlink:to="jpcrp040300-q2r_E03606-000_GlobalCorporateAndInvestmentBankingBusinessGroupMember_label" xlink:arcrole="http://www.xbrl.org/2003/arcrole/concept-label" order="1" />
    <link:labelArc xlink:type="arc" xlink:from="jpcrp040300-q2r_E03606-000_GlobalMarketsBusinessGroupMember" xlink:to="jpcrp040300-q2r_E03606-000_GlobalMarketsBusinessGroupMember_label_1" xlink:arcrole="http://www.xbrl.org/2003/arcrole/concept-label" order="1" />
    <link:labelArc xlink:type="arc" xlink:from="jpcrp040300-q2r_E03606-000_GlobalMarketsBusinessGroupMember" xlink:to="jpcrp040300-q2r_E03606-000_GlobalMarketsBusinessGroupMember_label" xlink:arcrole="http://www.xbrl.org/2003/arcrole/concept-label" order="1" />
    <link:labelArc xlink:type="arc" xlink:from="jpcrp040300-q2r_E03606-000_JapaneseCorporateAndInvestmentBankingBusinessGroupMember" xlink:to="jpcrp040300-q2r_E03606-000_JapaneseCorporateAndInvestmentBankingBusinessGroupMember_label_1" xlink:arcrole="http://www.xbrl.org/2003/arcrole/concept-label" order="1" />
    <link:labelArc xlink:type="arc" xlink:from="jpcrp040300-q2r_E03606-000_JapaneseCorporateAndInvestmentBankingBusinessGroupMember" xlink:to="jpcrp040300-q2r_E03606-000_JapaneseCorporateAndInvestmentBankingBusinessGroupMember_label" xlink:arcrole="http://www.xbrl.org/2003/arcrole/concept-label" order="1" />
    <link:labelArc xlink:type="arc" xlink:from="jpcrp040300-q2r_E03606-000_LossOnSalesOfAffiliatesStocksEL" xlink:to="jpcrp040300-q2r_E03606-000_LossOnSalesOfAffiliatesStocksEL_label_2" xlink:arcrole="http://www.xbrl.org/2003/arcrole/concept-label" order="1" />
    <link:labelArc xlink:type="arc" xlink:from="jpcrp040300-q2r_E03606-000_LossOnSalesOfAffiliatesStocksEL" xlink:to="jpcrp040300-q2r_E03606-000_LossOnSalesOfAffiliatesStocksEL_label_1" xlink:arcrole="http://www.xbrl.org/2003/arcrole/concept-label" order="1" />
    <link:labelArc xlink:type="arc" xlink:from="jpcrp040300-q2r_E03606-000_LossOnSalesOfAffiliatesStocksEL" xlink:to="jpcrp040300-q2r_E03606-000_LossOnSalesOfAffiliatesStocksEL_label" xlink:arcrole="http://www.xbrl.org/2003/arcrole/concept-label" order="1" />
    <link:labelArc xlink:type="arc" xlink:from="jpcrp040300-q2r_E03606-000_NetInterestIncome" xlink:to="jpcrp040300-q2r_E03606-000_NetInterestIncome_label_1" xlink:arcrole="http://www.xbrl.org/2003/arcrole/concept-label" order="1" />
    <link:labelArc xlink:type="arc" xlink:from="jpcrp040300-q2r_E03606-000_NetInterestIncome" xlink:to="jpcrp040300-q2r_E03606-000_NetInterestIncome_label" xlink:arcrole="http://www.xbrl.org/2003/arcrole/concept-label" order="1" />
    <link:labelArc xlink:type="arc" xlink:from="jpcrp040300-q2r_E03606-000_NetNonInterestIncomeExpense" xlink:to="jpcrp040300-q2r_E03606-000_NetNonInterestIncomeExpense_label_1" xlink:arcrole="http://www.xbrl.org/2003/arcrole/concept-label" order="1" />
    <link:labelArc xlink:type="arc" xlink:from="jpcrp040300-q2r_E03606-000_NetNonInterestIncomeExpense" xlink:to="jpcrp040300-q2r_E03606-000_NetNonInterestIncomeExpense_label" xlink:arcrole="http://www.xbrl.org/2003/arcrole/concept-label" order="1" />
    <link:labelArc xlink:type="arc" xlink:from="jpcrp040300-q2r_E03606-000_NetRevenue" xlink:to="jpcrp040300-q2r_E03606-000_NetRevenue_label_1" xlink:arcrole="http://www.xbrl.org/2003/arcrole/concept-label" order="1" />
    <link:labelArc xlink:type="arc" xlink:from="jpcrp040300-q2r_E03606-000_NetRevenue" xlink:to="jpcrp040300-q2r_E03606-000_NetRevenue_label" xlink:arcrole="http://www.xbrl.org/2003/arcrole/concept-label" order="1" />
    <link:labelArc xlink:type="arc" xlink:from="jpcrp040300-q2r_E03606-000_NotesRegardingContingentLiabilitiesTextBlock" xlink:to="jpcrp040300-q2r_E03606-000_NotesRegardingContingentLiabilitiesTextBlock_label_1" xlink:arcrole="http://www.xbrl.org/2003/arcrole/concept-label" order="1" />
    <link:labelArc xlink:type="arc" xlink:from="jpcrp040300-q2r_E03606-000_NotesRegardingContingentLiabilitiesTextBlock" xlink:to="jpcrp040300-q2r_E03606-000_NotesRegardingContingentLiabilitiesTextBlock_label" xlink:arcrole="http://www.xbrl.org/2003/arcrole/concept-label" order="1" />
    <link:labelArc xlink:type="arc" xlink:from="jpcrp040300-q2r_E03606-000_NotesRegardingPrincipalGuaranteedTrustAccountsTextBlock" xlink:to="jpcrp040300-q2r_E03606-000_NotesRegardingPrincipalGuaranteedTrustAccountsTextBlock_label_1" xlink:arcrole="http://www.xbrl.org/2003/arcrole/concept-label" order="1" />
    <link:labelArc xlink:type="arc" xlink:from="jpcrp040300-q2r_E03606-000_NotesRegardingPrincipalGuaranteedTrustAccountsTextBlock" xlink:to="jpcrp040300-q2r_E03606-000_NotesRegardingPrincipalGuaranteedTrustAccountsTextBlock_label" xlink:arcrole="http://www.xbrl.org/2003/arcrole/concept-label" order="1" />
    <link:labelArc xlink:type="arc" xlink:from="jpcrp040300-q2r_E03606-000_NotesRegardingSelfSettledTrustTextBlock" xlink:to="jpcrp040300-q2r_E03606-000_NotesRegardingSelfSettledTrustTextBlock_label_1" xlink:arcrole="http://www.xbrl.org/2003/arcrole/concept-label" order="1" />
    <link:labelArc xlink:type="arc" xlink:from="jpcrp040300-q2r_E03606-000_NotesRegardingSelfSettledTrustTextBlock" xlink:to="jpcrp040300-q2r_E03606-000_NotesRegardingSelfSettledTrustTextBlock_label" xlink:arcrole="http://www.xbrl.org/2003/arcrole/concept-label" order="1" />
    <link:labelArc xlink:type="arc" xlink:from="jpcrp040300-q2r_E03606-000_OperatingProfit" xlink:to="jpcrp040300-q2r_E03606-000_OperatingProfit_label_1" xlink:arcrole="http://www.xbrl.org/2003/arcrole/concept-label" order="1" />
    <link:labelArc xlink:type="arc" xlink:from="jpcrp040300-q2r_E03606-000_OperatingProfit" xlink:to="jpcrp040300-q2r_E03606-000_OperatingProfit_label" xlink:arcrole="http://www.xbrl.org/2003/arcrole/concept-label" order="1" />
    <link:labelArc xlink:type="arc" xlink:from="jpcrp040300-q2r_E03606-000_OtherMember" xlink:to="jpcrp040300-q2r_E03606-000_OtherMember_label_1" xlink:arcrole="http://www.xbrl.org/2003/arcrole/concept-label" order="1" />
    <link:labelArc xlink:type="arc" xlink:from="jpcrp040300-q2r_E03606-000_OtherMember" xlink:to="jpcrp040300-q2r_E03606-000_OtherMember_label" xlink:arcrole="http://www.xbrl.org/2003/arcrole/concept-label" order="1" />
    <link:labelArc xlink:type="arc" xlink:from="jpcrp040300-q2r_E03606-000_OtherThanBTMUAndMUTB" xlink:to="jpcrp040300-q2r_E03606-000_OtherThanBTMUAndMUTB_label_1" xlink:arcrole="http://www.xbrl.org/2003/arcrole/concept-label" order="1" />
    <link:labelArc xlink:type="arc" xlink:from="jpcrp040300-q2r_E03606-000_OtherThanBTMUAndMUTB" xlink:to="jpcrp040300-q2r_E03606-000_OtherThanBTMUAndMUTB_label" xlink:arcrole="http://www.xbrl.org/2003/arcrole/concept-label" order="1" />
    <link:labelArc xlink:type="arc" xlink:from="jpcrp040300-q2r_E03606-000_ReserveForLoyaltyAwardsCreditsLiabilitiesBNK" xlink:to="jpcrp040300-q2r_E03606-000_ReserveForLoyaltyAwardsCreditsLiabilitiesBNK_label_2" xlink:arcrole="http://www.xbrl.org/2003/arcrole/concept-label" order="1" />
    <link:labelArc xlink:type="arc" xlink:from="jpcrp040300-q2r_E03606-000_ReserveForLoyaltyAwardsCreditsLiabilitiesBNK" xlink:to="jpcrp040300-q2r_E03606-000_ReserveForLoyaltyAwardsCreditsLiabilitiesBNK_label_1" xlink:arcrole="http://www.xbrl.org/2003/arcrole/concept-label" order="1" />
    <link:labelArc xlink:type="arc" xlink:from="jpcrp040300-q2r_E03606-000_ReserveForLoyaltyAwardsCreditsLiabilitiesBNK" xlink:to="jpcrp040300-q2r_E03606-000_ReserveForLoyaltyAwardsCreditsLiabilitiesBNK_label" xlink:arcrole="http://www.xbrl.org/2003/arcrole/concept-label" order="1" />
    <link:labelArc xlink:type="arc" xlink:from="jpcrp040300-q2r_E03606-000_ReserveForStocksPaymentLiabilities" xlink:to="jpcrp040300-q2r_E03606-000_ReserveForStocksPaymentLiabilities_label_1" xlink:arcrole="http://www.xbrl.org/2003/arcrole/concept-label" order="1" />
    <link:labelArc xlink:type="arc" xlink:from="jpcrp040300-q2r_E03606-000_ReserveForStocksPaymentLiabilities" xlink:to="jpcrp040300-q2r_E03606-000_ReserveForStocksPaymentLiabilities_label" xlink:arcrole="http://www.xbrl.org/2003/arcrole/concept-label" order="1" />
    <link:labelArc xlink:type="arc" xlink:from="jpcrp040300-q2r_E03606-000_RestatedBalanceReflectsCumulativeEffectsDueToRevisionOfAccountingStandardsForForeignSubsidiariesAndAffiliates" xlink:to="jpcrp040300-q2r_E03606-000_RestatedBalanceReflectsCumulativeEffectsDueToRevisionOfAccountingStandardsForForeignSubsidiariesAndAffiliates_label_2" xlink:arcrole="http://www.xbrl.org/2003/arcrole/concept-label" order="1" />
    <link:labelArc xlink:type="arc" xlink:from="jpcrp040300-q2r_E03606-000_RestatedBalanceReflectsCumulativeEffectsDueToRevisionOfAccountingStandardsForForeignSubsidiariesAndAffiliates" xlink:to="jpcrp040300-q2r_E03606-000_RestatedBalanceReflectsCumulativeEffectsDueToRevisionOfAccountingStandardsForForeignSubsidiariesAndAffiliates_label_1" xlink:arcrole="http://www.xbrl.org/2003/arcrole/concept-label" order="1" />
    <link:labelArc xlink:type="arc" xlink:from="jpcrp040300-q2r_E03606-000_RestatedBalanceReflectsCumulativeEffectsDueToRevisionOfAccountingStandardsForForeignSubsidiariesAndAffiliates" xlink:to="jpcrp040300-q2r_E03606-000_RestatedBalanceReflectsCumulativeEffectsDueToRevisionOfAccountingStandardsForForeignSubsidiariesAndAffiliates_label" xlink:arcrole="http://www.xbrl.org/2003/arcrole/concept-label" order="1" />
    <link:labelArc xlink:type="arc" xlink:from="jpcrp040300-q2r_E03606-000_RetailAndCommercialBankingBusinessGroupMember" xlink:to="jpcrp040300-q2r_E03606-000_RetailAndCommercialBankingBusinessGroupMember_label_1" xlink:arcrole="http://www.xbrl.org/2003/arcrole/concept-label" order="1" />
    <link:labelArc xlink:type="arc" xlink:from="jpcrp040300-q2r_E03606-000_RetailAndCommercialBankingBusinessGroupMember" xlink:to="jpcrp040300-q2r_E03606-000_RetailAndCommercialBankingBusinessGroupMember_label" xlink:arcrole="http://www.xbrl.org/2003/arcrole/concept-label" order="1" />
    <link:labelArc xlink:type="arc" xlink:from="jpcrp040300-q2r_E03606-000_SummaryOfBusinessResultsTextBlock" xlink:to="jpcrp040300-q2r_E03606-000_SummaryOfBusinessResultsTextBlock_label_1" xlink:arcrole="http://www.xbrl.org/2003/arcrole/concept-label" order="1" />
    <link:labelArc xlink:type="arc" xlink:from="jpcrp040300-q2r_E03606-000_SummaryOfBusinessResultsTextBlock" xlink:to="jpcrp040300-q2r_E03606-000_SummaryOfBusinessResultsTextBlock_label" xlink:arcrole="http://www.xbrl.org/2003/arcrole/concept-label" order="1" />
    <link:labelArc xlink:type="arc" xlink:from="jpcrp040300-q2r_E03606-000_SundryExpense" xlink:to="jpcrp040300-q2r_E03606-000_SundryExpense_label_1" xlink:arcrole="http://www.xbrl.org/2003/arcrole/concept-label" order="1" />
    <link:labelArc xlink:type="arc" xlink:from="jpcrp040300-q2r_E03606-000_SundryExpense" xlink:to="jpcrp040300-q2r_E03606-000_SundryExpense_label" xlink:arcrole="http://www.xbrl.org/2003/arcrole/concept-label" order="1" />
    <link:labelArc xlink:type="arc" xlink:from="jpcrp040300-q2r_E03606-000_TotalMember" xlink:to="jpcrp040300-q2r_E03606-000_TotalMember_label_1" xlink:arcrole="http://www.xbrl.org/2003/arcrole/concept-label" order="1" />
    <link:labelArc xlink:type="arc" xlink:from="jpcrp040300-q2r_E03606-000_TotalMember" xlink:to="jpcrp040300-q2r_E03606-000_TotalMember_label" xlink:arcrole="http://www.xbrl.org/2003/arcrole/concept-label" order="1" />
    <link:labelArc xlink:type="arc" xlink:from="jpcrp040300-q2r_E03606-000_TotalOfCustomerBusinessUnitMember" xlink:to="jpcrp040300-q2r_E03606-000_TotalOfCustomerBusinessUnitMember_label_1" xlink:arcrole="http://www.xbrl.org/2003/arcrole/concept-label" order="1" />
    <link:labelArc xlink:type="arc" xlink:from="jpcrp040300-q2r_E03606-000_TotalOfCustomerBusinessUnitMember" xlink:to="jpcrp040300-q2r_E03606-000_TotalOfCustomerBusinessUnitMember_label" xlink:arcrole="http://www.xbrl.org/2003/arcrole/concept-label" order="1" />
  </link:labelLink>
</link:linkbase>