﻿<?xml version="1.0" encoding="utf-8"?>
<!-- Edited with XiRUTE .NET Library 01-08 -->
<link:linkbase xmlns:xlink="http://www.w3.org/1999/xlink" xmlns:xsi="http://www.w3.org/2001/XMLSchema-instance" xmlns:link="http://www.xbrl.org/2003/linkbase">
  <link:labelLink xlink:type="extended" xlink:role="http://www.xbrl.org/2003/role/link">
    <link:label xml:lang="en" xlink:type="resource" xlink:label="jpcrp040300-q2r_E03606-000_AccountingPoliciesAppliedToForeignSubsidiariesTextBlock_label" xlink:role="http://www.xbrl.org/2003/role/label">Accounting Policies Applied to Foreign Subsidiaries</link:label>
    <link:label xml:lang="en" xlink:type="resource" xlink:label="jpcrp040300-q2r_E03606-000_AccountingPoliciesAppliedToForeignSubsidiariesTextBlock_label_1" xlink:role="http://www.xbrl.org/2003/role/verboseLabel">Accounting Policies applied to foreign subsidiaries[text block]</link:label>
    <link:label xml:lang="en" xlink:type="resource" xlink:label="jpcrp040300-q2r_E03606-000_AccountingPolicyForBillsDiscountedAndBillsRediscountedTextBlock_label" xlink:role="http://www.xbrl.org/2003/role/label">Accounting policy for bills discounted and bills rediscounted</link:label>
    <link:label xml:lang="en" xlink:type="resource" xlink:label="jpcrp040300-q2r_E03606-000_AccountingPolicyForBillsDiscountedAndBillsRediscountedTextBlock_label_1" xlink:role="http://www.xbrl.org/2003/role/verboseLabel">Accounting policy for bills discounted and bills rediscounted[text block]</link:label>
    <link:label xml:lang="en" xlink:type="resource" xlink:label="jpcrp040300-q2r_E03606-000_AccountingPolicyForLeasesTextBlock_label" xlink:role="http://www.xbrl.org/2003/role/label">Accounting policy for Leases</link:label>
    <link:label xml:lang="en" xlink:type="resource" xlink:label="jpcrp040300-q2r_E03606-000_AccountingPolicyForLeasesTextBlock_label_1" xlink:role="http://www.xbrl.org/2003/role/verboseLabel">Accounting policy for leases[text block]</link:label>
    <link:label xml:lang="en" xlink:type="resource" xlink:label="jpcrp040300-q2r_E03606-000_ApplicationOfConsolidatedTaxationSystemTextBlock_label" xlink:role="http://www.xbrl.org/2003/role/label">Application of consolidated taxation system</link:label>
    <link:label xml:lang="en" xlink:type="resource" xlink:label="jpcrp040300-q2r_E03606-000_ApplicationOfConsolidatedTaxationSystemTextBlock_label_1" xlink:role="http://www.xbrl.org/2003/role/verboseLabel">Application of consolidated taxation system[text block]</link:label>
    <link:label xml:lang="en" xlink:type="resource" xlink:label="jpcrp040300-q2r_E03606-000_AssetManagementAndInvestorServicesBusinessGroupMember_label" xlink:role="http://www.xbrl.org/2003/role/label">Asset management and investor services business group</link:label>
    <link:label xml:lang="en" xlink:type="resource" xlink:label="jpcrp040300-q2r_E03606-000_AssetManagementAndInvestorServicesBusinessGroupMember_label_1" xlink:role="http://www.xbrl.org/2003/role/verboseLabel">Asset management and investor services business group [member]</link:label>
    <link:label xml:lang="en" xlink:type="resource" xlink:label="jpcrp040300-q2r_E03606-000_BTMUAndMUTB_label" xlink:role="http://www.xbrl.org/2003/role/label">BTMU and MUTB</link:label>
    <link:label xml:lang="en" xlink:type="resource" xlink:label="jpcrp040300-q2r_E03606-000_BTMUAndMUTB_label_1" xlink:role="http://www.xbrl.org/2003/role/verboseLabel">BTMU and MUTB</link:label>
    <link:label xml:lang="en" xlink:type="resource" xlink:label="jpcrp040300-q2r_E03606-000_ChangesInSubsidiariesEquity_label" xlink:role="http://www.xbrl.org/2003/role/label">Changes in subsidiaries' equity</link:label>
    <link:label xml:lang="en" xlink:type="resource" xlink:label="jpcrp040300-q2r_E03606-000_ChangesInSubsidiariesEquity_label_1" xlink:role="http://www.xbrl.org/2003/role/verboseLabel">Changes in subsidiaries' equity</link:label>
    <link:label xml:lang="en" xlink:type="resource" xlink:label="jpcrp040300-q2r_E03606-000_CumulativeEffectsDueToRevisionOfAccountingStandardsForForeignSubsidiariesAndAffiliates_label" xlink:role="http://www.xbrl.org/2003/role/label">Cumulative effects due to revision of accounting standards for foreign subsidiaries and affiliates</link:label>
    <link:label xml:lang="en" xlink:type="resource" xlink:label="jpcrp040300-q2r_E03606-000_CumulativeEffectsDueToRevisionOfAccountingStandardsForForeignSubsidiariesAndAffiliates_label_2" xlink:role="http://www.xbrl.org/2003/role/verboseLabel">Cumulative effects due to revision of accounting standards for foreign subsidiaries and affiliates</link:label>
    <link:label xml:lang="en" xlink:type="resource" xlink:label="jpcrp040300-q2r_E03606-000_CumulativeEffectsDueToRevisionOfAccountingStandardsForForeignSubsidiariesAndAffiliates_label_1" xlink:role="http://www.xbrl.org/2003/role/periodStartLabel">Cumulative effects due to revision of accounting standards for foreign subsidiaries and affiliates</link:label>
    <link:label xml:lang="en" xlink:type="resource" xlink:label="jpcrp040300-q2r_E03606-000_DebtValueAdjustmentsOfForeignSubsidiariesAndAffiliatesMember_label" xlink:role="http://www.xbrl.org/2003/role/label">Debt value adjustments of foreign subsidiaries and affiliates</link:label>
    <link:label xml:lang="en" xlink:type="resource" xlink:label="jpcrp040300-q2r_E03606-000_DebtValueAdjustmentsOfForeignSubsidiariesAndAffiliatesMember_label_1" xlink:role="http://www.xbrl.org/2003/role/verboseLabel">Debt value adjustments of foreign subsidiaries and affiliates [member]</link:label>
    <link:label xml:lang="en" xlink:type="resource" xlink:label="jpcrp040300-q2r_E03606-000_DebtValueAdjustmentsOfForeignSubsidiariesAndAffiliatesVTA_label" xlink:role="http://www.xbrl.org/2003/role/label">Debt value adjustments of foreign subsidiaries and affiliates</link:label>
    <link:label xml:lang="en" xlink:type="resource" xlink:label="jpcrp040300-q2r_E03606-000_DebtValueAdjustmentsOfForeignSubsidiariesAndAffiliatesVTA_label_1" xlink:role="http://www.xbrl.org/2003/role/verboseLabel">Debt value adjustments of foreign subsidiaries and affiliates-VTA</link:label>
    <link:label xml:lang="en" xlink:type="resource" xlink:label="jpcrp040300-q2r_E03606-000_DecreaseInRedemptionOfPreferredStockFinCFBNK_label_1" xlink:role="http://www.xbrl.org/2003/role/label">Decrease in redemption of preferred stock</link:label>
    <link:label xml:lang="en" xlink:type="resource" xlink:label="jpcrp040300-q2r_E03606-000_DecreaseInRedemptionOfPreferredStockFinCFBNK_label_2" xlink:role="http://www.xbrl.org/2003/role/verboseLabel">Decrease in redemption of preferred stock-FinCF-BNK</link:label>
    <link:label xml:lang="en" xlink:type="resource" xlink:label="jpcrp040300-q2r_E03606-000_DecreaseInRedemptionOfPreferredStockFinCFBNK_label" xlink:role="http://www.xbrl.org/2003/role/documentation">Decrease in redemption of preferred stock-FinCF-BNK</link:label>
    <link:label xml:lang="en" xlink:type="resource" xlink:label="jpcrp040300-q2r_E03606-000_GlobalCommercialBankingBusinessGroupMember_label" xlink:role="http://www.xbrl.org/2003/role/label">Global commercial banking business group</link:label>
    <link:label xml:lang="en" xlink:type="resource" xlink:label="jpcrp040300-q2r_E03606-000_GlobalCommercialBankingBusinessGroupMember_label_1" xlink:role="http://www.xbrl.org/2003/role/verboseLabel">Global commercial banking business group [member]</link:label>
    <link:label xml:lang="en" xlink:type="resource" xlink:label="jpcrp040300-q2r_E03606-000_GlobalCorporateAndInvestmentBankingBusinessGroupMember_label" xlink:role="http://www.xbrl.org/2003/role/label">Global corporate and investment banking business group</link:label>
    <link:label xml:lang="en" xlink:type="resource" xlink:label="jpcrp040300-q2r_E03606-000_GlobalCorporateAndInvestmentBankingBusinessGroupMember_label_1" xlink:role="http://www.xbrl.org/2003/role/verboseLabel">Global corporate and investment banking business group [member]</link:label>
    <link:label xml:lang="en" xlink:type="resource" xlink:label="jpcrp040300-q2r_E03606-000_GlobalMarketsBusinessGroupMember_label" xlink:role="http://www.xbrl.org/2003/role/label">Global Markets Business Group</link:label>
    <link:label xml:lang="en" xlink:type="resource" xlink:label="jpcrp040300-q2r_E03606-000_GlobalMarketsBusinessGroupMember_label_1" xlink:role="http://www.xbrl.org/2003/role/verboseLabel">Global Markets Business Group [member]</link:label>
    <link:label xml:lang="en" xlink:type="resource" xlink:label="jpcrp040300-q2r_E03606-000_JapaneseCorporateAndInvestmentBankingBusinessGroupMember_label" xlink:role="http://www.xbrl.org/2003/role/label">Japanese corporate and investment banking business group</link:label>
    <link:label xml:lang="en" xlink:type="resource" xlink:label="jpcrp040300-q2r_E03606-000_JapaneseCorporateAndInvestmentBankingBusinessGroupMember_label_1" xlink:role="http://www.xbrl.org/2003/role/verboseLabel">Japanese corporate and investment banking business group [member]</link:label>
    <link:label xml:lang="en" xlink:type="resource" xlink:label="jpcrp040300-q2r_E03606-000_LossOnSalesOfAffiliatesStocksEL_label_1" xlink:role="http://www.xbrl.org/2003/role/label">Loss on sales of affiliates' stocks</link:label>
    <link:label xml:lang="en" xlink:type="resource" xlink:label="jpcrp040300-q2r_E03606-000_LossOnSalesOfAffiliatesStocksEL_label_2" xlink:role="http://www.xbrl.org/2003/role/verboseLabel">Loss on sales of affiliates' stocks-EL</link:label>
    <link:label xml:lang="en" xlink:type="resource" xlink:label="jpcrp040300-q2r_E03606-000_LossOnSalesOfAffiliatesStocksEL_label" xlink:role="http://www.xbrl.org/2003/role/documentation">Loss on sales of affiliates' stocks-EL</link:label>
    <link:label xml:lang="en" xlink:type="resource" xlink:label="jpcrp040300-q2r_E03606-000_NetInterestIncome_label" xlink:role="http://www.xbrl.org/2003/role/label">Net Interest income</link:label>
    <link:label xml:lang="en" xlink:type="resource" xlink:label="jpcrp040300-q2r_E03606-000_NetInterestIncome_label_1" xlink:role="http://www.xbrl.org/2003/role/verboseLabel">Net Interest income</link:label>
    <link:label xml:lang="en" xlink:type="resource" xlink:label="jpcrp040300-q2r_E03606-000_NetNonInterestIncomeExpense_label" xlink:role="http://www.xbrl.org/2003/role/label">Net non-interest income (expense)</link:label>
    <link:label xml:lang="en" xlink:type="resource" xlink:label="jpcrp040300-q2r_E03606-000_NetNonInterestIncomeExpense_label_1" xlink:role="http://www.xbrl.org/2003/role/verboseLabel">Net non-interest income (expense)</link:label>
    <link:label xml:lang="en" xlink:type="resource" xlink:label="jpcrp040300-q2r_E03606-000_NetRevenue_label" xlink:role="http://www.xbrl.org/2003/role/label">Net revenue</link:label>
    <link:label xml:lang="en" xlink:type="resource" xlink:label="jpcrp040300-q2r_E03606-000_NetRevenue_label_1" xlink:role="http://www.xbrl.org/2003/role/verboseLabel">Net revenue</link:label>
    <link:label xml:lang="en" xlink:type="resource" xlink:label="jpcrp040300-q2r_E03606-000_NotesRegardingContingentLiabilitiesTextBlock_label" xlink:role="http://www.xbrl.org/2003/role/label">Notes regarding contingent Liabilities</link:label>
    <link:label xml:lang="en" xlink:type="resource" xlink:label="jpcrp040300-q2r_E03606-000_NotesRegardingContingentLiabilitiesTextBlock_label_1" xlink:role="http://www.xbrl.org/2003/role/verboseLabel">Notes regarding contingent Liabilities [text block]</link:label>
    <link:label xml:lang="en" xlink:type="resource" xlink:label="jpcrp040300-q2r_E03606-000_NotesRegardingPrincipalGuaranteedTrustAccountsTextBlock_label" xlink:role="http://www.xbrl.org/2003/role/label">Notes regarding principal guaranteed trust accounts</link:label>
    <link:label xml:lang="en" xlink:type="resource" xlink:label="jpcrp040300-q2r_E03606-000_NotesRegardingPrincipalGuaranteedTrustAccountsTextBlock_label_1" xlink:role="http://www.xbrl.org/2003/role/verboseLabel">Notes regarding principal guaranteed trust accounts [text block]</link:label>
    <link:label xml:lang="en" xlink:type="resource" xlink:label="jpcrp040300-q2r_E03606-000_NotesRegardingSelfSettledTrustTextBlock_label" xlink:role="http://www.xbrl.org/2003/role/label">Notes regarding self-settled trust</link:label>
    <link:label xml:lang="en" xlink:type="resource" xlink:label="jpcrp040300-q2r_E03606-000_NotesRegardingSelfSettledTrustTextBlock_label_1" xlink:role="http://www.xbrl.org/2003/role/verboseLabel">Notes regarding self-settled trust [text block]</link:label>
    <link:label xml:lang="en" xlink:type="resource" xlink:label="jpcrp040300-q2r_E03606-000_OperatingProfit_label" xlink:role="http://www.xbrl.org/2003/role/label">Operating profit</link:label>
    <link:label xml:lang="en" xlink:type="resource" xlink:label="jpcrp040300-q2r_E03606-000_OperatingProfit_label_1" xlink:role="http://www.xbrl.org/2003/role/verboseLabel">Operating profit</link:label>
    <link:label xml:lang="en" xlink:type="resource" xlink:label="jpcrp040300-q2r_E03606-000_OtherMember_label" xlink:role="http://www.xbrl.org/2003/role/label">Other</link:label>
    <link:label xml:lang="en" xlink:type="resource" xlink:label="jpcrp040300-q2r_E03606-000_OtherMember_label_1" xlink:role="http://www.xbrl.org/2003/role/verboseLabel">Other [member]</link:label>
    <link:label xml:lang="en" xlink:type="resource" xlink:label="jpcrp040300-q2r_E03606-000_OtherThanBTMUAndMUTB_label" xlink:role="http://www.xbrl.org/2003/role/label">Other than BTMU and MUTB</link:label>
    <link:label xml:lang="en" xlink:type="resource" xlink:label="jpcrp040300-q2r_E03606-000_OtherThanBTMUAndMUTB_label_1" xlink:role="http://www.xbrl.org/2003/role/verboseLabel">Other than BTMU and MUTB</link:label>
    <link:label xml:lang="en" xlink:type="resource" xlink:label="jpcrp040300-q2r_E03606-000_ReserveForLoyaltyAwardsCreditsLiabilitiesBNK_label_1" xlink:role="http://www.xbrl.org/2003/role/label">Reserve for loyalty awards credits</link:label>
    <link:label xml:lang="en" xlink:type="resource" xlink:label="jpcrp040300-q2r_E03606-000_ReserveForLoyaltyAwardsCreditsLiabilitiesBNK_label_2" xlink:role="http://www.xbrl.org/2003/role/verboseLabel">Reserve for loyalty awards credits-liabilities-BNK</link:label>
    <link:label xml:lang="en" xlink:type="resource" xlink:label="jpcrp040300-q2r_E03606-000_ReserveForLoyaltyAwardsCreditsLiabilitiesBNK_label" xlink:role="http://www.xbrl.org/2003/role/documentation">Reserve for loyalty awards credits-liabilities-BNK</link:label>
    <link:label xml:lang="en" xlink:type="resource" xlink:label="jpcrp040300-q2r_E03606-000_ReserveForStocksPaymentLiabilities_label" xlink:role="http://www.xbrl.org/2003/role/label">Reserve for stocks payment</link:label>
    <link:label xml:lang="en" xlink:type="resource" xlink:label="jpcrp040300-q2r_E03606-000_ReserveForStocksPaymentLiabilities_label_1" xlink:role="http://www.xbrl.org/2003/role/verboseLabel">Reserve for stocks payment-liabilities</link:label>
    <link:label xml:lang="en" xlink:type="resource" xlink:label="jpcrp040300-q2r_E03606-000_RestatedBalanceReflectsCumulativeEffectsDueToRevisionOfAccountingStandardsForForeignSubsidiariesAndAffiliates_label" xlink:role="http://www.xbrl.org/2003/role/label">Restated balance reflects cumulative effects due to revision of accounting standards for foreign subsidiaries and affiliates</link:label>
    <link:label xml:lang="en" xlink:type="resource" xlink:label="jpcrp040300-q2r_E03606-000_RestatedBalanceReflectsCumulativeEffectsDueToRevisionOfAccountingStandardsForForeignSubsidiariesAndAffiliates_label_2" xlink:role="http://www.xbrl.org/2003/role/verboseLabel">Restated balance reflects cumulative effects due to revision of accounting standards for foreign subsidiaries and affiliates</link:label>
    <link:label xml:lang="en" xlink:type="resource" xlink:label="jpcrp040300-q2r_E03606-000_RestatedBalanceReflectsCumulativeEffectsDueToRevisionOfAccountingStandardsForForeignSubsidiariesAndAffiliates_label_1" xlink:role="http://www.xbrl.org/2003/role/periodStartLabel">Restated balance reflects cumulative effects due to revision of accounting standards for foreign subsidiaries and affiliates</link:label>
    <link:label xml:lang="en" xlink:type="resource" xlink:label="jpcrp040300-q2r_E03606-000_RetailAndCommercialBankingBusinessGroupMember_label" xlink:role="http://www.xbrl.org/2003/role/label">Retail and commercial banking business group</link:label>
    <link:label xml:lang="en" xlink:type="resource" xlink:label="jpcrp040300-q2r_E03606-000_RetailAndCommercialBankingBusinessGroupMember_label_1" xlink:role="http://www.xbrl.org/2003/role/verboseLabel">Retail and commercial banking business group [member]</link:label>
    <link:label xml:lang="en" xlink:type="resource" xlink:label="jpcrp040300-q2r_E03606-000_SummaryOfBusinessResultsTextBlock_label" xlink:role="http://www.xbrl.org/2003/role/label">Summary of business results</link:label>
    <link:label xml:lang="en" xlink:type="resource" xlink:label="jpcrp040300-q2r_E03606-000_SummaryOfBusinessResultsTextBlock_label_1" xlink:role="http://www.xbrl.org/2003/role/verboseLabel">Summary of business results [text block]</link:label>
    <link:label xml:lang="en" xlink:type="resource" xlink:label="jpcrp040300-q2r_E03606-000_SundryExpense_label" xlink:role="http://www.xbrl.org/2003/role/label">Sundry expense</link:label>
    <link:label xml:lang="en" xlink:type="resource" xlink:label="jpcrp040300-q2r_E03606-000_SundryExpense_label_1" xlink:role="http://www.xbrl.org/2003/role/verboseLabel">Sundry expense</link:label>
    <link:label xml:lang="en" xlink:type="resource" xlink:label="jpcrp040300-q2r_E03606-000_TotalMember_label" xlink:role="http://www.xbrl.org/2003/role/label">Total</link:label>
    <link:label xml:lang="en" xlink:type="resource" xlink:label="jpcrp040300-q2r_E03606-000_TotalMember_label_1" xlink:role="http://www.xbrl.org/2003/role/verboseLabel">Total [member]</link:label>
    <link:label xml:lang="en" xlink:type="resource" xlink:label="jpcrp040300-q2r_E03606-000_TotalOfCustomerBusinessUnitMember_label" xlink:role="http://www.xbrl.org/2003/role/label">Total of Customer Business Unit</link:label>
    <link:label xml:lang="en" xlink:type="resource" xlink:label="jpcrp040300-q2r_E03606-000_TotalOfCustomerBusinessUnitMember_label_1" xlink:role="http://www.xbrl.org/2003/role/verboseLabel">Total of Customer Business Unit [member]</link:label>
    <link:loc xlink:type="locator" xlink:href="jpcrp040300-q2r-001_E03606-000_2019-09-30_01_2019-11-29.xsd#jpcrp040300-q2r_E03606-000_AccountingPoliciesAppliedToForeignSubsidiariesTextBlock" xlink:label="jpcrp040300-q2r_E03606-000_AccountingPoliciesAppliedToForeignSubsidiariesTextBlock" />
    <link:loc xlink:type="locator" xlink:href="jpcrp040300-q2r-001_E03606-000_2019-09-30_01_2019-11-29.xsd#jpcrp040300-q2r_E03606-000_AccountingPolicyForBillsDiscountedAndBillsRediscountedTextBlock" xlink:label="jpcrp040300-q2r_E03606-000_AccountingPolicyForBillsDiscountedAndBillsRediscountedTextBlock" />
    <link:loc xlink:type="locator" xlink:href="jpcrp040300-q2r-001_E03606-000_2019-09-30_01_2019-11-29.xsd#jpcrp040300-q2r_E03606-000_AccountingPolicyForLeasesTextBlock" xlink:label="jpcrp040300-q2r_E03606-000_AccountingPolicyForLeasesTextBlock" />
    <link:loc xlink:type="locator" xlink:href="jpcrp040300-q2r-001_E03606-000_2019-09-30_01_2019-11-29.xsd#jpcrp040300-q2r_E03606-000_ApplicationOfConsolidatedTaxationSystemTextBlock" xlink:label="jpcrp040300-q2r_E03606-000_ApplicationOfConsolidatedTaxationSystemTextBlock" />
    <link:loc xlink:type="locator" xlink:href="jpcrp040300-q2r-001_E03606-000_2019-09-30_01_2019-11-29.xsd#jpcrp040300-q2r_E03606-000_AssetManagementAndInvestorServicesBusinessGroupMember" xlink:label="jpcrp040300-q2r_E03606-000_AssetManagementAndInvestorServicesBusinessGroupMember" />
    <link:loc xlink:type="locator" xlink:href="jpcrp040300-q2r-001_E03606-000_2019-09-30_01_2019-11-29.xsd#jpcrp040300-q2r_E03606-000_BTMUAndMUTB" xlink:label="jpcrp040300-q2r_E03606-000_BTMUAndMUTB" />
    <link:loc xlink:type="locator" xlink:href="jpcrp040300-q2r-001_E03606-000_2019-09-30_01_2019-11-29.xsd#jpcrp040300-q2r_E03606-000_ChangesInSubsidiariesEquity" xlink:label="jpcrp040300-q2r_E03606-000_ChangesInSubsidiariesEquity" />
    <link:loc xlink:type="locator" xlink:href="jpcrp040300-q2r-001_E03606-000_2019-09-30_01_2019-11-29.xsd#jpcrp040300-q2r_E03606-000_CumulativeEffectsDueToRevisionOfAccountingStandardsForForeignSubsidiariesAndAffiliates" xlink:label="jpcrp040300-q2r_E03606-000_CumulativeEffectsDueToRevisionOfAccountingStandardsForForeignSubsidiariesAndAffiliates" />
    <link:loc xlink:type="locator" xlink:href="jpcrp040300-q2r-001_E03606-000_2019-09-30_01_2019-11-29.xsd#jpcrp040300-q2r_E03606-000_DebtValueAdjustmentsOfForeignSubsidiariesAndAffiliatesMember" xlink:label="jpcrp040300-q2r_E03606-000_DebtValueAdjustmentsOfForeignSubsidiariesAndAffiliatesMember" />
    <link:loc xlink:type="locator" xlink:href="jpcrp040300-q2r-001_E03606-000_2019-09-30_01_2019-11-29.xsd#jpcrp040300-q2r_E03606-000_DebtValueAdjustmentsOfForeignSubsidiariesAndAffiliatesVTA" xlink:label="jpcrp040300-q2r_E03606-000_DebtValueAdjustmentsOfForeignSubsidiariesAndAffiliatesVTA" />
    <link:loc xlink:type="locator" xlink:href="jpcrp040300-q2r-001_E03606-000_2019-09-30_01_2019-11-29.xsd#jpcrp040300-q2r_E03606-000_DecreaseInRedemptionOfPreferredStockFinCFBNK" xlink:label="jpcrp040300-q2r_E03606-000_DecreaseInRedemptionOfPreferredStockFinCFBNK" />
    <link:loc xlink:type="locator" xlink:href="jpcrp040300-q2r-001_E03606-000_2019-09-30_01_2019-11-29.xsd#jpcrp040300-q2r_E03606-000_GlobalCommercialBankingBusinessGroupMember" xlink:label="jpcrp040300-q2r_E03606-000_GlobalCommercialBankingBusinessGroupMember" />
    <link:loc xlink:type="locator" xlink:href="jpcrp040300-q2r-001_E03606-000_2019-09-30_01_2019-11-29.xsd#jpcrp040300-q2r_E03606-000_GlobalCorporateAndInvestmentBankingBusinessGroupMember" xlink:label="jpcrp040300-q2r_E03606-000_GlobalCorporateAndInvestmentBankingBusinessGroupMember" />
    <link:loc xlink:type="locator" xlink:href="jpcrp040300-q2r-001_E03606-000_2019-09-30_01_2019-11-29.xsd#jpcrp040300-q2r_E03606-000_GlobalMarketsBusinessGroupMember" xlink:label="jpcrp040300-q2r_E03606-000_GlobalMarketsBusinessGroupMember" />
    <link:loc xlink:type="locator" xlink:href="jpcrp040300-q2r-001_E03606-000_2019-09-30_01_2019-11-29.xsd#jpcrp040300-q2r_E03606-000_JapaneseCorporateAndInvestmentBankingBusinessGroupMember" xlink:label="jpcrp040300-q2r_E03606-000_JapaneseCorporateAndInvestmentBankingBusinessGroupMember" />
    <link:loc xlink:type="locator" xlink:href="jpcrp040300-q2r-001_E03606-000_2019-09-30_01_2019-11-29.xsd#jpcrp040300-q2r_E03606-000_LossOnSalesOfAffiliatesStocksEL" xlink:label="jpcrp040300-q2r_E03606-000_LossOnSalesOfAffiliatesStocksEL" />
    <link:loc xlink:type="locator" xlink:href="jpcrp040300-q2r-001_E03606-000_2019-09-30_01_2019-11-29.xsd#jpcrp040300-q2r_E03606-000_NetInterestIncome" xlink:label="jpcrp040300-q2r_E03606-000_NetInterestIncome" />
    <link:loc xlink:type="locator" xlink:href="jpcrp040300-q2r-001_E03606-000_2019-09-30_01_2019-11-29.xsd#jpcrp040300-q2r_E03606-000_NetNonInterestIncomeExpense" xlink:label="jpcrp040300-q2r_E03606-000_NetNonInterestIncomeExpense" />
    <link:loc xlink:type="locator" xlink:href="jpcrp040300-q2r-001_E03606-000_2019-09-30_01_2019-11-29.xsd#jpcrp040300-q2r_E03606-000_NetRevenue" xlink:label="jpcrp040300-q2r_E03606-000_NetRevenue" />
    <link:loc xlink:type="locator" xlink:href="jpcrp040300-q2r-001_E03606-000_2019-09-30_01_2019-11-29.xsd#jpcrp040300-q2r_E03606-000_NotesRegardingContingentLiabilitiesTextBlock" xlink:label="jpcrp040300-q2r_E03606-000_NotesRegardingContingentLiabilitiesTextBlock" />
    <link:loc xlink:type="locator" xlink:href="jpcrp040300-q2r-001_E03606-000_2019-09-30_01_2019-11-29.xsd#jpcrp040300-q2r_E03606-000_NotesRegardingPrincipalGuaranteedTrustAccountsTextBlock" xlink:label="jpcrp040300-q2r_E03606-000_NotesRegardingPrincipalGuaranteedTrustAccountsTextBlock" />
    <link:loc xlink:type="locator" xlink:href="jpcrp040300-q2r-001_E03606-000_2019-09-30_01_2019-11-29.xsd#jpcrp040300-q2r_E03606-000_NotesRegardingSelfSettledTrustTextBlock" xlink:label="jpcrp040300-q2r_E03606-000_NotesRegardingSelfSettledTrustTextBlock" />
    <link:loc xlink:type="locator" xlink:href="jpcrp040300-q2r-001_E03606-000_2019-09-30_01_2019-11-29.xsd#jpcrp040300-q2r_E03606-000_OperatingProfit" xlink:label="jpcrp040300-q2r_E03606-000_OperatingProfit" />
    <link:loc xlink:type="locator" xlink:href="jpcrp040300-q2r-001_E03606-000_2019-09-30_01_2019-11-29.xsd#jpcrp040300-q2r_E03606-000_OtherMember" xlink:label="jpcrp040300-q2r_E03606-000_OtherMember" />
    <link:loc xlink:type="locator" xlink:href="jpcrp040300-q2r-001_E03606-000_2019-09-30_01_2019-11-29.xsd#jpcrp040300-q2r_E03606-000_OtherThanBTMUAndMUTB" xlink:label="jpcrp040300-q2r_E03606-000_OtherThanBTMUAndMUTB" />
    <link:loc xlink:type="locator" xlink:href="jpcrp040300-q2r-001_E03606-000_2019-09-30_01_2019-11-29.xsd#jpcrp040300-q2r_E03606-000_ReserveForLoyaltyAwardsCreditsLiabilitiesBNK" xlink:label="jpcrp040300-q2r_E03606-000_ReserveForLoyaltyAwardsCreditsLiabilitiesBNK" />
    <link:loc xlink:type="locator" xlink:href="jpcrp040300-q2r-001_E03606-000_2019-09-30_01_2019-11-29.xsd#jpcrp040300-q2r_E03606-000_ReserveForStocksPaymentLiabilities" xlink:label="jpcrp040300-q2r_E03606-000_ReserveForStocksPaymentLiabilities" />
    <link:loc xlink:type="locator" xlink:href="jpcrp040300-q2r-001_E03606-000_2019-09-30_01_2019-11-29.xsd#jpcrp040300-q2r_E03606-000_RestatedBalanceReflectsCumulativeEffectsDueToRevisionOfAccountingStandardsForForeignSubsidiariesAndAffiliates" xlink:label="jpcrp040300-q2r_E03606-000_RestatedBalanceReflectsCumulativeEffectsDueToRevisionOfAccountingStandardsForForeignSubsidiariesAndAffiliates" />
    <link:loc xlink:type="locator" xlink:href="jpcrp040300-q2r-001_E03606-000_2019-09-30_01_2019-11-29.xsd#jpcrp040300-q2r_E03606-000_RetailAndCommercialBankingBusinessGroupMember" xlink:label="jpcrp040300-q2r_E03606-000_RetailAndCommercialBankingBusinessGroupMember" />
    <link:loc xlink:type="locator" xlink:href="jpcrp040300-q2r-001_E03606-000_2019-09-30_01_2019-11-29.xsd#jpcrp040300-q2r_E03606-000_SummaryOfBusinessResultsTextBlock" xlink:label="jpcrp040300-q2r_E03606-000_SummaryOfBusinessResultsTextBlock" />
    <link:loc xlink:type="locator" xlink:href="jpcrp040300-q2r-001_E03606-000_2019-09-30_01_2019-11-29.xsd#jpcrp040300-q2r_E03606-000_SundryExpense" xlink:label="jpcrp040300-q2r_E03606-000_SundryExpense" />
    <link:loc xlink:type="locator" xlink:href="jpcrp040300-q2r-001_E03606-000_2019-09-30_01_2019-11-29.xsd#jpcrp040300-q2r_E03606-000_TotalMember" xlink:label="jpcrp040300-q2r_E03606-000_TotalMember" />
    <link:loc xlink:type="locator" xlink:href="jpcrp040300-q2r-001_E03606-000_2019-09-30_01_2019-11-29.xsd#jpcrp040300-q2r_E03606-000_TotalOfCustomerBusinessUnitMember" xlink:label="jpcrp040300-q2r_E03606-000_TotalOfCustomerBusinessUnitMember" />
    <link:labelArc xlink:type="arc" xlink:from="jpcrp040300-q2r_E03606-000_AccountingPoliciesAppliedToForeignSubsidiariesTextBlock" xlink:to="jpcrp040300-q2r_E03606-000_AccountingPoliciesAppliedToForeignSubsidiariesTextBlock_label_1" xlink:arcrole="http://www.xbrl.org/2003/arcrole/concept-label" order="1" />
    <link:labelArc xlink:type="arc" xlink:from="jpcrp040300-q2r_E03606-000_AccountingPoliciesAppliedToForeignSubsidiariesTextBlock" xlink:to="jpcrp040300-q2r_E03606-000_AccountingPoliciesAppliedToForeignSubsidiariesTextBlock_label" xlink:arcrole="http://www.xbrl.org/2003/arcrole/concept-label" order="1" />
    <link:labelArc xlink:type="arc" xlink:from="jpcrp040300-q2r_E03606-000_AccountingPolicyForBillsDiscountedAndBillsRediscountedTextBlock" xlink:to="jpcrp040300-q2r_E03606-000_AccountingPolicyForBillsDiscountedAndBillsRediscountedTextBlock_label_1" xlink:arcrole="http://www.xbrl.org/2003/arcrole/concept-label" order="1" />
    <link:labelArc xlink:type="arc" xlink:from="jpcrp040300-q2r_E03606-000_AccountingPolicyForBillsDiscountedAndBillsRediscountedTextBlock" xlink:to="jpcrp040300-q2r_E03606-000_AccountingPolicyForBillsDiscountedAndBillsRediscountedTextBlock_label" xlink:arcrole="http://www.xbrl.org/2003/arcrole/concept-label" order="1" />
    <link:labelArc xlink:type="arc" xlink:from="jpcrp040300-q2r_E03606-000_AccountingPolicyForLeasesTextBlock" xlink:to="jpcrp040300-q2r_E03606-000_AccountingPolicyForLeasesTextBlock_label_1" xlink:arcrole="http://www.xbrl.org/2003/arcrole/concept-label" order="1" />
    <link:labelArc xlink:type="arc" xlink:from="jpcrp040300-q2r_E03606-000_AccountingPolicyForLeasesTextBlock" xlink:to="jpcrp040300-q2r_E03606-000_AccountingPolicyForLeasesTextBlock_label" xlink:arcrole="http://www.xbrl.org/2003/arcrole/concept-label" order="1" />
    <link:labelArc xlink:type="arc" xlink:from="jpcrp040300-q2r_E03606-000_ApplicationOfConsolidatedTaxationSystemTextBlock" xlink:to="jpcrp040300-q2r_E03606-000_ApplicationOfConsolidatedTaxationSystemTextBlock_label_1" xlink:arcrole="http://www.xbrl.org/2003/arcrole/concept-label" order="1" />
    <link:labelArc xlink:type="arc" xlink:from="jpcrp040300-q2r_E03606-000_ApplicationOfConsolidatedTaxationSystemTextBlock" xlink:to="jpcrp040300-q2r_E03606-000_ApplicationOfConsolidatedTaxationSystemTextBlock_label" xlink:arcrole="http://www.xbrl.org/2003/arcrole/concept-label" order="1" />
    <link:labelArc xlink:type="arc" xlink:from="jpcrp040300-q2r_E03606-000_AssetManagementAndInvestorServicesBusinessGroupMember" xlink:to="jpcrp040300-q2r_E03606-000_AssetManagementAndInvestorServicesBusinessGroupMember_label_1" xlink:arcrole="http://www.xbrl.org/2003/arcrole/concept-label" order="1" />
    <link:labelArc xlink:type="arc" xlink:from="jpcrp040300-q2r_E03606-000_AssetManagementAndInvestorServicesBusinessGroupMember" xlink:to="jpcrp040300-q2r_E03606-000_AssetManagementAndInvestorServicesBusinessGroupMember_label" xlink:arcrole="http://www.xbrl.org/2003/arcrole/concept-label" order="1" />
    <link:labelArc xlink:type="arc" xlink:from="jpcrp040300-q2r_E03606-000_BTMUAndMUTB" xlink:to="jpcrp040300-q2r_E03606-000_BTMUAndMUTB_label_1" xlink:arcrole="http://www.xbrl.org/2003/arcrole/concept-label" order="1" />
    <link:labelArc xlink:type="arc" xlink:from="jpcrp040300-q2r_E03606-000_BTMUAndMUTB" xlink:to="jpcrp040300-q2r_E03606-000_BTMUAndMUTB_label" xlink:arcrole="http://www.xbrl.org/2003/arcrole/concept-label" order="1" />
    <link:labelArc xlink:type="arc" xlink:from="jpcrp040300-q2r_E03606-000_ChangesInSubsidiariesEquity" xlink:to="jpcrp040300-q2r_E03606-000_ChangesInSubsidiariesEquity_label_1" xlink:arcrole="http://www.xbrl.org/2003/arcrole/concept-label" order="1" />
    <link:labelArc xlink:type="arc" xlink:from="jpcrp040300-q2r_E03606-000_ChangesInSubsidiariesEquity" xlink:to="jpcrp040300-q2r_E03606-000_ChangesInSubsidiariesEquity_label" xlink:arcrole="http://www.xbrl.org/2003/arcrole/concept-label" order="1" />
    <link:labelArc xlink:type="arc" xlink:from="jpcrp040300-q2r_E03606-000_CumulativeEffectsDueToRevisionOfAccountingStandardsForForeignSubsidiariesAndAffiliates" xlink:to="jpcrp040300-q2r_E03606-000_CumulativeEffectsDueToRevisionOfAccountingStandardsForForeignSubsidiariesAndAffiliates_label_2" xlink:arcrole="http://www.xbrl.org/2003/arcrole/concept-label" order="1" />
    <link:labelArc xlink:type="arc" xlink:from="jpcrp040300-q2r_E03606-000_CumulativeEffectsDueToRevisionOfAccountingStandardsForForeignSubsidiariesAndAffiliates" xlink:to="jpcrp040300-q2r_E03606-000_CumulativeEffectsDueToRevisionOfAccountingStandardsForForeignSubsidiariesAndAffiliates_label_1" xlink:arcrole="http://www.xbrl.org/2003/arcrole/concept-label" order="1" />
    <link:labelArc xlink:type="arc" xlink:from="jpcrp040300-q2r_E03606-000_CumulativeEffectsDueToRevisionOfAccountingStandardsForForeignSubsidiariesAndAffiliates" xlink:to="jpcrp040300-q2r_E03606-000_CumulativeEffectsDueToRevisionOfAccountingStandardsForForeignSubsidiariesAndAffiliates_label" xlink:arcrole="http://www.xbrl.org/2003/arcrole/concept-label" order="1" />
    <link:labelArc xlink:type="arc" xlink:from="jpcrp040300-q2r_E03606-000_DebtValueAdjustmentsOfForeignSubsidiariesAndAffiliatesMember" xlink:to="jpcrp040300-q2r_E03606-000_DebtValueAdjustmentsOfForeignSubsidiariesAndAffiliatesMember_label_1" xlink:arcrole="http://www.xbrl.org/2003/arcrole/concept-label" order="1" />
    <link:labelArc xlink:type="arc" xlink:from="jpcrp040300-q2r_E03606-000_DebtValueAdjustmentsOfForeignSubsidiariesAndAffiliatesMember" xlink:to="jpcrp040300-q2r_E03606-000_DebtValueAdjustmentsOfForeignSubsidiariesAndAffiliatesMember_label" xlink:arcrole="http://www.xbrl.org/2003/arcrole/concept-label" order="1" />
    <link:labelArc xlink:type="arc" xlink:from="jpcrp040300-q2r_E03606-000_DebtValueAdjustmentsOfForeignSubsidiariesAndAffiliatesVTA" xlink:to="jpcrp040300-q2r_E03606-000_DebtValueAdjustmentsOfForeignSubsidiariesAndAffiliatesVTA_label_1" xlink:arcrole="http://www.xbrl.org/2003/arcrole/concept-label" order="1" />
    <link:labelArc xlink:type="arc" xlink:from="jpcrp040300-q2r_E03606-000_DebtValueAdjustmentsOfForeignSubsidiariesAndAffiliatesVTA" xlink:to="jpcrp040300-q2r_E03606-000_DebtValueAdjustmentsOfForeignSubsidiariesAndAffiliatesVTA_label" xlink:arcrole="http://www.xbrl.org/2003/arcrole/concept-label" order="1" />
    <link:labelArc xlink:type="arc" xlink:from="jpcrp040300-q2r_E03606-000_DecreaseInRedemptionOfPreferredStockFinCFBNK" xlink:to="jpcrp040300-q2r_E03606-000_DecreaseInRedemptionOfPreferredStockFinCFBNK_label_2" xlink:arcrole="http://www.xbrl.org/2003/arcrole/concept-label" order="1" />
    <link:labelArc xlink:type="arc" xlink:from="jpcrp040300-q2r_E03606-000_DecreaseInRedemptionOfPreferredStockFinCFBNK" xlink:to="jpcrp040300-q2r_E03606-000_DecreaseInRedemptionOfPreferredStockFinCFBNK_label_1" xlink:arcrole="http://www.xbrl.org/2003/arcrole/concept-label" order="1" />
    <link:labelArc xlink:type="arc" xlink:from="jpcrp040300-q2r_E03606-000_DecreaseInRedemptionOfPreferredStockFinCFBNK" xlink:to="jpcrp040300-q2r_E03606-000_DecreaseInRedemptionOfPreferredStockFinCFBNK_label" xlink:arcrole="http://www.xbrl.org/2003/arcrole/concept-label" order="1" />
    <link:labelArc xlink:type="arc" xlink:from="jpcrp040300-q2r_E03606-000_GlobalCommercialBankingBusinessGroupMember" xlink:to="jpcrp040300-q2r_E03606-000_GlobalCommercialBankingBusinessGroupMember_label_1" xlink:arcrole="http://www.xbrl.org/2003/arcrole/concept-label" order="1" />
    <link:labelArc xlink:type="arc" xlink:from="jpcrp040300-q2r_E03606-000_GlobalCommercialBankingBusinessGroupMember" xlink:to="jpcrp040300-q2r_E03606-000_GlobalCommercialBankingBusinessGroupMember_label" xlink:arcrole="http://www.xbrl.org/2003/arcrole/concept-label" order="1" />
    <link:labelArc xlink:type="arc" xlink:from="jpcrp040300-q2r_E03606-000_GlobalCorporateAndInvestmentBankingBusinessGroupMember" xlink:to="jpcrp040300-q2r_E03606-000_GlobalCorporateAndInvestmentBankingBusinessGroupMember_label_1" xlink:arcrole="http://www.xbrl.org/2003/arcrole/concept-label" order="1" />
    <link:labelArc xlink:type="arc" xlink:from="jpcrp040300-q2r_E03606-000_GlobalCorporateAndInvestmentBankingBusinessGroupMember" xlink:to="jpcrp040300-q2r_E03606-000_GlobalCorporateAndInvestmentBankingBusinessGroupMember_label" xlink:arcrole="http://www.xbrl.org/2003/arcrole/concept-label" order="1" />
    <link:labelArc xlink:type="arc" xlink:from="jpcrp040300-q2r_E03606-000_GlobalMarketsBusinessGroupMember" xlink:to="jpcrp040300-q2r_E03606-000_GlobalMarketsBusinessGroupMember_label_1" xlink:arcrole="http://www.xbrl.org/2003/arcrole/concept-label" order="1" />
    <link:labelArc xlink:type="arc" xlink:from="jpcrp040300-q2r_E03606-000_GlobalMarketsBusinessGroupMember" xlink:to="jpcrp040300-q2r_E03606-000_GlobalMarketsBusinessGroupMember_label" xlink:arcrole="http://www.xbrl.org/2003/arcrole/concept-label" order="1" />
    <link:labelArc xlink:type="arc" xlink:from="jpcrp040300-q2r_E03606-000_JapaneseCorporateAndInvestmentBankingBusinessGroupMember" xlink:to="jpcrp040300-q2r_E03606-000_JapaneseCorporateAndInvestmentBankingBusinessGroupMember_label_1" xlink:arcrole="http://www.xbrl.org/2003/arcrole/concept-label" order="1" />
    <link:labelArc xlink:type="arc" xlink:from="jpcrp040300-q2r_E03606-000_JapaneseCorporateAndInvestmentBankingBusinessGroupMember" xlink:to="jpcrp040300-q2r_E03606-000_JapaneseCorporateAndInvestmentBankingBusinessGroupMember_label" xlink:arcrole="http://www.xbrl.org/2003/arcrole/concept-label" order="1" />
    <link:labelArc xlink:type="arc" xlink:from="jpcrp040300-q2r_E03606-000_LossOnSalesOfAffiliatesStocksEL" xlink:to="jpcrp040300-q2r_E03606-000_LossOnSalesOfAffiliatesStocksEL_label_2" xlink:arcrole="http://www.xbrl.org/2003/arcrole/concept-label" order="1" />
    <link:labelArc xlink:type="arc" xlink:from="jpcrp040300-q2r_E03606-000_LossOnSalesOfAffiliatesStocksEL" xlink:to="jpcrp040300-q2r_E03606-000_LossOnSalesOfAffiliatesStocksEL_label_1" xlink:arcrole="http://www.xbrl.org/2003/arcrole/concept-label" order="1" />
    <link:labelArc xlink:type="arc" xlink:from="jpcrp040300-q2r_E03606-000_LossOnSalesOfAffiliatesStocksEL" xlink:to="jpcrp040300-q2r_E03606-000_LossOnSalesOfAffiliatesStocksEL_label" xlink:arcrole="http://www.xbrl.org/2003/arcrole/concept-label" order="1" />
    <link:labelArc xlink:type="arc" xlink:from="jpcrp040300-q2r_E03606-000_NetInterestIncome" xlink:to="jpcrp040300-q2r_E03606-000_NetInterestIncome_label_1" xlink:arcrole="http://www.xbrl.org/2003/arcrole/concept-label" order="1" />
    <link:labelArc xlink:type="arc" xlink:from="jpcrp040300-q2r_E03606-000_NetInterestIncome" xlink:to="jpcrp040300-q2r_E03606-000_NetInterestIncome_label" xlink:arcrole="http://www.xbrl.org/2003/arcrole/concept-label" order="1" />
    <link:labelArc xlink:type="arc" xlink:from="jpcrp040300-q2r_E03606-000_NetNonInterestIncomeExpense" xlink:to="jpcrp040300-q2r_E03606-000_NetNonInterestIncomeExpense_label_1" xlink:arcrole="http://www.xbrl.org/2003/arcrole/concept-label" order="1" />
    <link:labelArc xlink:type="arc" xlink:from="jpcrp040300-q2r_E03606-000_NetNonInterestIncomeExpense" xlink:to="jpcrp040300-q2r_E03606-000_NetNonInterestIncomeExpense_label" xlink:arcrole="http://www.xbrl.org/2003/arcrole/concept-label" order="1" />
    <link:labelArc xlink:type="arc" xlink:from="jpcrp040300-q2r_E03606-000_NetRevenue" xlink:to="jpcrp040300-q2r_E03606-000_NetRevenue_label_1" xlink:arcrole="http://www.xbrl.org/2003/arcrole/concept-label" order="1" />
    <link:labelArc xlink:type="arc" xlink:from="jpcrp040300-q2r_E03606-000_NetRevenue" xlink:to="jpcrp040300-q2r_E03606-000_NetRevenue_label" xlink:arcrole="http://www.xbrl.org/2003/arcrole/concept-label" order="1" />
    <link:labelArc xlink:type="arc" xlink:from="jpcrp040300-q2r_E03606-000_NotesRegardingContingentLiabilitiesTextBlock" xlink:to="jpcrp040300-q2r_E03606-000_NotesRegardingContingentLiabilitiesTextBlock_label_1" xlink:arcrole="http://www.xbrl.org/2003/arcrole/concept-label" order="1" />
    <link:labelArc xlink:type="arc" xlink:from="jpcrp040300-q2r_E03606-000_NotesRegardingContingentLiabilitiesTextBlock" xlink:to="jpcrp040300-q2r_E03606-000_NotesRegardingContingentLiabilitiesTextBlock_label" xlink:arcrole="http://www.xbrl.org/2003/arcrole/concept-label" order="1" />
    <link:labelArc xlink:type="arc" xlink:from="jpcrp040300-q2r_E03606-000_NotesRegardingPrincipalGuaranteedTrustAccountsTextBlock" xlink:to="jpcrp040300-q2r_E03606-000_NotesRegardingPrincipalGuaranteedTrustAccountsTextBlock_label_1" xlink:arcrole="http://www.xbrl.org/2003/arcrole/concept-label" order="1" />
    <link:labelArc xlink:type="arc" xlink:from="jpcrp040300-q2r_E03606-000_NotesRegardingPrincipalGuaranteedTrustAccountsTextBlock" xlink:to="jpcrp040300-q2r_E03606-000_NotesRegardingPrincipalGuaranteedTrustAccountsTextBlock_label" xlink:arcrole="http://www.xbrl.org/2003/arcrole/concept-label" order="1" />
    <link:labelArc xlink:type="arc" xlink:from="jpcrp040300-q2r_E03606-000_NotesRegardingSelfSettledTrustTextBlock" xlink:to="jpcrp040300-q2r_E03606-000_NotesRegardingSelfSettledTrustTextBlock_label_1" xlink:arcrole="http://www.xbrl.org/2003/arcrole/concept-label" order="1" />
    <link:labelArc xlink:type="arc" xlink:from="jpcrp040300-q2r_E03606-000_NotesRegardingSelfSettledTrustTextBlock" xlink:to="jpcrp040300-q2r_E03606-000_NotesRegardingSelfSettledTrustTextBlock_label" xlink:arcrole="http://www.xbrl.org/2003/arcrole/concept-label" order="1" />
    <link:labelArc xlink:type="arc" xlink:from="jpcrp040300-q2r_E03606-000_OperatingProfit" xlink:to="jpcrp040300-q2r_E03606-000_OperatingProfit_label_1" xlink:arcrole="http://www.xbrl.org/2003/arcrole/concept-label" order="1" />
    <link:labelArc xlink:type="arc" xlink:from="jpcrp040300-q2r_E03606-000_OperatingProfit" xlink:to="jpcrp040300-q2r_E03606-000_OperatingProfit_label" xlink:arcrole="http://www.xbrl.org/2003/arcrole/concept-label" order="1" />
    <link:labelArc xlink:type="arc" xlink:from="jpcrp040300-q2r_E03606-000_OtherMember" xlink:to="jpcrp040300-q2r_E03606-000_OtherMember_label_1" xlink:arcrole="http://www.xbrl.org/2003/arcrole/concept-label" order="1" />
    <link:labelArc xlink:type="arc" xlink:from="jpcrp040300-q2r_E03606-000_OtherMember" xlink:to="jpcrp040300-q2r_E03606-000_OtherMember_label" xlink:arcrole="http://www.xbrl.org/2003/arcrole/concept-label" order="1" />
    <link:labelArc xlink:type="arc" xlink:from="jpcrp040300-q2r_E03606-000_OtherThanBTMUAndMUTB" xlink:to="jpcrp040300-q2r_E03606-000_OtherThanBTMUAndMUTB_label_1" xlink:arcrole="http://www.xbrl.org/2003/arcrole/concept-label" order="1" />
    <link:labelArc xlink:type="arc" xlink:from="jpcrp040300-q2r_E03606-000_OtherThanBTMUAndMUTB" xlink:to="jpcrp040300-q2r_E03606-000_OtherThanBTMUAndMUTB_label" xlink:arcrole="http://www.xbrl.org/2003/arcrole/concept-label" order="1" />
    <link:labelArc xlink:type="arc" xlink:from="jpcrp040300-q2r_E03606-000_ReserveForLoyaltyAwardsCreditsLiabilitiesBNK" xlink:to="jpcrp040300-q2r_E03606-000_ReserveForLoyaltyAwardsCreditsLiabilitiesBNK_label_2" xlink:arcrole="http://www.xbrl.org/2003/arcrole/concept-label" order="1" />
    <link:labelArc xlink:type="arc" xlink:from="jpcrp040300-q2r_E03606-000_ReserveForLoyaltyAwardsCreditsLiabilitiesBNK" xlink:to="jpcrp040300-q2r_E03606-000_ReserveForLoyaltyAwardsCreditsLiabilitiesBNK_label_1" xlink:arcrole="http://www.xbrl.org/2003/arcrole/concept-label" order="1" />
    <link:labelArc xlink:type="arc" xlink:from="jpcrp040300-q2r_E03606-000_ReserveForLoyaltyAwardsCreditsLiabilitiesBNK" xlink:to="jpcrp040300-q2r_E03606-000_ReserveForLoyaltyAwardsCreditsLiabilitiesBNK_label" xlink:arcrole="http://www.xbrl.org/2003/arcrole/concept-label" order="1" />
    <link:labelArc xlink:type="arc" xlink:from="jpcrp040300-q2r_E03606-000_ReserveForStocksPaymentLiabilities" xlink:to="jpcrp040300-q2r_E03606-000_ReserveForStocksPaymentLiabilities_label_1" xlink:arcrole="http://www.xbrl.org/2003/arcrole/concept-label" order="1" />
    <link:labelArc xlink:type="arc" xlink:from="jpcrp040300-q2r_E03606-000_ReserveForStocksPaymentLiabilities" xlink:to="jpcrp040300-q2r_E03606-000_ReserveForStocksPaymentLiabilities_label" xlink:arcrole="http://www.xbrl.org/2003/arcrole/concept-label" order="1" />
    <link:labelArc xlink:type="arc" xlink:from="jpcrp040300-q2r_E03606-000_RestatedBalanceReflectsCumulativeEffectsDueToRevisionOfAccountingStandardsForForeignSubsidiariesAndAffiliates" xlink:to="jpcrp040300-q2r_E03606-000_RestatedBalanceReflectsCumulativeEffectsDueToRevisionOfAccountingStandardsForForeignSubsidiariesAndAffiliates_label_2" xlink:arcrole="http://www.xbrl.org/2003/arcrole/concept-label" order="1" />
    <link:labelArc xlink:type="arc" xlink:from="jpcrp040300-q2r_E03606-000_RestatedBalanceReflectsCumulativeEffectsDueToRevisionOfAccountingStandardsForForeignSubsidiariesAndAffiliates" xlink:to="jpcrp040300-q2r_E03606-000_RestatedBalanceReflectsCumulativeEffectsDueToRevisionOfAccountingStandardsForForeignSubsidiariesAndAffiliates_label_1" xlink:arcrole="http://www.xbrl.org/2003/arcrole/concept-label" order="1" />
    <link:labelArc xlink:type="arc" xlink:from="jpcrp040300-q2r_E03606-000_RestatedBalanceReflectsCumulativeEffectsDueToRevisionOfAccountingStandardsForForeignSubsidiariesAndAffiliates" xlink:to="jpcrp040300-q2r_E03606-000_RestatedBalanceReflectsCumulativeEffectsDueToRevisionOfAccountingStandardsForForeignSubsidiariesAndAffiliates_label" xlink:arcrole="http://www.xbrl.org/2003/arcrole/concept-label" order="1" />
    <link:labelArc xlink:type="arc" xlink:from="jpcrp040300-q2r_E03606-000_RetailAndCommercialBankingBusinessGroupMember" xlink:to="jpcrp040300-q2r_E03606-000_RetailAndCommercialBankingBusinessGroupMember_label_1" xlink:arcrole="http://www.xbrl.org/2003/arcrole/concept-label" order="1" />
    <link:labelArc xlink:type="arc" xlink:from="jpcrp040300-q2r_E03606-000_RetailAndCommercialBankingBusinessGroupMember" xlink:to="jpcrp040300-q2r_E03606-000_RetailAndCommercialBankingBusinessGroupMember_label" xlink:arcrole="http://www.xbrl.org/2003/arcrole/concept-label" order="1" />
    <link:labelArc xlink:type="arc" xlink:from="jpcrp040300-q2r_E03606-000_SummaryOfBusinessResultsTextBlock" xlink:to="jpcrp040300-q2r_E03606-000_SummaryOfBusinessResultsTextBlock_label_1" xlink:arcrole="http://www.xbrl.org/2003/arcrole/concept-label" order="1" />
    <link:labelArc xlink:type="arc" xlink:from="jpcrp040300-q2r_E03606-000_SummaryOfBusinessResultsTextBlock" xlink:to="jpcrp040300-q2r_E03606-000_SummaryOfBusinessResultsTextBlock_label" xlink:arcrole="http://www.xbrl.org/2003/arcrole/concept-label" order="1" />
    <link:labelArc xlink:type="arc" xlink:from="jpcrp040300-q2r_E03606-000_SundryExpense" xlink:to="jpcrp040300-q2r_E03606-000_SundryExpense_label_1" xlink:arcrole="http://www.xbrl.org/2003/arcrole/concept-label" order="1" />
    <link:labelArc xlink:type="arc" xlink:from="jpcrp040300-q2r_E03606-000_SundryExpense" xlink:to="jpcrp040300-q2r_E03606-000_SundryExpense_label" xlink:arcrole="http://www.xbrl.org/2003/arcrole/concept-label" order="1" />
    <link:labelArc xlink:type="arc" xlink:from="jpcrp040300-q2r_E03606-000_TotalMember" xlink:to="jpcrp040300-q2r_E03606-000_TotalMember_label_1" xlink:arcrole="http://www.xbrl.org/2003/arcrole/concept-label" order="1" />
    <link:labelArc xlink:type="arc" xlink:from="jpcrp040300-q2r_E03606-000_TotalMember" xlink:to="jpcrp040300-q2r_E03606-000_TotalMember_label" xlink:arcrole="http://www.xbrl.org/2003/arcrole/concept-label" order="1" />
    <link:labelArc xlink:type="arc" xlink:from="jpcrp040300-q2r_E03606-000_TotalOfCustomerBusinessUnitMember" xlink:to="jpcrp040300-q2r_E03606-000_TotalOfCustomerBusinessUnitMember_label_1" xlink:arcrole="http://www.xbrl.org/2003/arcrole/concept-label" order="1" />
    <link:labelArc xlink:type="arc" xlink:from="jpcrp040300-q2r_E03606-000_TotalOfCustomerBusinessUnitMember" xlink:to="jpcrp040300-q2r_E03606-000_TotalOfCustomerBusinessUnitMember_label" xlink:arcrole="http://www.xbrl.org/2003/arcrole/concept-label" order="1" />
  </link:labelLink>
</link:linkbase>