<?xml version="1.0" encoding="utf-8"?>
<!-- Generated by PRONEXUS WORKS -->
<link:linkbase xmlns:link="http://www.xbrl.org/2003/linkbase" xmlns:xsi="http://www.w3.org/2001/XMLSchema-instance" xmlns:xbrli="http://www.xbrl.org/2003/instance" xmlns:xlink="http://www.w3.org/1999/xlink">
  <link:labelLink xlink:type="extended" xlink:role="http://www.xbrl.org/2003/role/link">
    <link:loc xlink:type="locator" xlink:href="jpcrp040300-q2r-001_E03600-000_2019-09-30_01_2019-11-29.xsd#jpcrp040300-q2r_E03600-000_BankingBusinessMember" xlink:label="BankingBusinessMember" />
    <link:loc xlink:type="locator" xlink:href="jpcrp040300-q2r-001_E03600-000_2019-09-30_01_2019-11-29.xsd#jpcrp040300-q2r_E03600-000_LeasingBusinessMember" xlink:label="LeasingBusinessMember" />
    <link:loc xlink:type="locator" xlink:href="jpcrp040300-q2r-001_E03600-000_2019-09-30_01_2019-11-29.xsd#jpcrp040300-q2r_E03600-000_AccountingPolicyForSignificantLeaseTransactionsTextBlock" xlink:label="AccountingPolicyForSignificantLeaseTransactionsTextBlock" />
    <link:loc xlink:type="locator" xlink:href="jpcrp040300-q2r-001_E03600-000_2019-09-30_01_2019-11-29.xsd#jpcrp040300-q2r_E03600-000_SummaryOfBusinessResultsTextBlock" xlink:label="SummaryOfBusinessResultsTextBlock" />
    <link:label xlink:type="resource" xlink:label="label_SummaryOfBusinessResultsTextBlock" xml:lang="en" xlink:role="http://www.xbrl.org/2003/role/label" id="label_SummaryOfBusinessResultsTextBlock">Summary of business results</link:label>
    <link:labelArc xlink:type="arc" xlink:arcrole="http://www.xbrl.org/2003/arcrole/concept-label" xlink:from="SummaryOfBusinessResultsTextBlock" xlink:to="label_SummaryOfBusinessResultsTextBlock" />
    <link:label xlink:type="resource" xlink:label="label_SummaryOfBusinessResultsTextBlock_2" xml:lang="en" xlink:role="http://www.xbrl.org/2003/role/verboseLabel" id="label_SummaryOfBusinessResultsTextBlock_2">Summary of business results [text block]</link:label>
    <link:labelArc xlink:type="arc" xlink:arcrole="http://www.xbrl.org/2003/arcrole/concept-label" xlink:from="SummaryOfBusinessResultsTextBlock" xlink:to="label_SummaryOfBusinessResultsTextBlock_2" />
    <link:label xlink:type="resource" xlink:label="label_AccountingPolicyForSignificantLeaseTransactionsTextBlock" xml:lang="en" xlink:role="http://www.xbrl.org/2003/role/label" id="label_AccountingPolicyForSignificantLeaseTransactionsTextBlock">Accounting policy for significant lease transactions</link:label>
    <link:labelArc xlink:type="arc" xlink:arcrole="http://www.xbrl.org/2003/arcrole/concept-label" xlink:from="AccountingPolicyForSignificantLeaseTransactionsTextBlock" xlink:to="label_AccountingPolicyForSignificantLeaseTransactionsTextBlock" />
    <link:label xlink:type="resource" xlink:label="label_AccountingPolicyForSignificantLeaseTransactionsTextBlock_2" xml:lang="en" xlink:role="http://www.xbrl.org/2003/role/verboseLabel" id="label_AccountingPolicyForSignificantLeaseTransactionsTextBlock_2">Accounting policy for significant lease transactions [text block]</link:label>
    <link:labelArc xlink:type="arc" xlink:arcrole="http://www.xbrl.org/2003/arcrole/concept-label" xlink:from="AccountingPolicyForSignificantLeaseTransactionsTextBlock" xlink:to="label_AccountingPolicyForSignificantLeaseTransactionsTextBlock_2" />
    <link:label xlink:type="resource" xlink:label="label_BankingBusinessMember" xml:lang="en" xlink:role="http://www.xbrl.org/2003/role/label" id="label_BankingBusinessMember">Banking business</link:label>
    <link:labelArc xlink:type="arc" xlink:arcrole="http://www.xbrl.org/2003/arcrole/concept-label" xlink:from="BankingBusinessMember" xlink:to="label_BankingBusinessMember" />
    <link:label xlink:type="resource" xlink:label="label_BankingBusinessMember_2" xml:lang="en" xlink:role="http://www.xbrl.org/2003/role/verboseLabel" id="label_BankingBusinessMember_2">Banking business [member]</link:label>
    <link:labelArc xlink:type="arc" xlink:arcrole="http://www.xbrl.org/2003/arcrole/concept-label" xlink:from="BankingBusinessMember" xlink:to="label_BankingBusinessMember_2" />
    <link:label xlink:type="resource" xlink:label="label_LeasingBusinessMember" xml:lang="en" xlink:role="http://www.xbrl.org/2003/role/label" id="label_LeasingBusinessMember">Leasing business</link:label>
    <link:labelArc xlink:type="arc" xlink:arcrole="http://www.xbrl.org/2003/arcrole/concept-label" xlink:from="LeasingBusinessMember" xlink:to="label_LeasingBusinessMember" />
    <link:label xlink:type="resource" xlink:label="label_LeasingBusinessMember_2" xml:lang="en" xlink:role="http://www.xbrl.org/2003/role/verboseLabel" id="label_LeasingBusinessMember_2">Leasing business [member]</link:label>
    <link:labelArc xlink:type="arc" xlink:arcrole="http://www.xbrl.org/2003/arcrole/concept-label" xlink:from="LeasingBusinessMember" xlink:to="label_LeasingBusinessMember_2" />
  </link:labelLink>
</link:linkbase>