<?xml version="1.0" encoding="utf-8"?>
<!-- Generated by PRONEXUS WORKS -->
<link:linkbase xmlns:link="http://www.xbrl.org/2003/linkbase" xmlns:xsi="http://www.w3.org/2001/XMLSchema-instance" xmlns:xbrli="http://www.xbrl.org/2003/instance" xmlns:xlink="http://www.w3.org/1999/xlink">
  <link:roleRef xlink:type="simple" roleURI="http://disclosure.edinet-fsa.go.jp/role/jppfs/rol_SemiAnnualConsolidatedStatementOfComprehensiveIncome" xlink:href="http://disclosure.edinet-fsa.go.jp/taxonomy/jppfs/2019-02-28/jppfs_rt_2019-02-28.xsd#rol_SemiAnnualConsolidatedStatementOfComprehensiveIncome" />
  <link:roleRef xlink:type="simple" roleURI="http://disclosure.edinet-fsa.go.jp/role/jppfs/rol_SemiAnnualConsolidatedStatementOfCashFlows-indirect" xlink:href="http://disclosure.edinet-fsa.go.jp/taxonomy/jppfs/2019-02-28/jppfs_rt_2019-02-28.xsd#rol_SemiAnnualConsolidatedStatementOfCashFlows-indirect" />
  <link:roleRef xlink:type="simple" roleURI="http://disclosure.edinet-fsa.go.jp/role/jppfs/rol_SemiAnnualStatementOfChangesInEquity" xlink:href="http://disclosure.edinet-fsa.go.jp/taxonomy/jppfs/2019-02-28/jppfs_rt_2019-02-28.xsd#rol_SemiAnnualStatementOfChangesInEquity" />
  <link:roleRef xlink:type="simple" roleURI="http://disclosure.edinet-fsa.go.jp/role/jppfs/rol_SemiAnnualStatementOfIncome" xlink:href="http://disclosure.edinet-fsa.go.jp/taxonomy/jppfs/2019-02-28/jppfs_rt_2019-02-28.xsd#rol_SemiAnnualStatementOfIncome" />
  <link:roleRef xlink:type="simple" roleURI="http://disclosure.edinet-fsa.go.jp/role/jppfs/rol_SemiAnnualBalanceSheet" xlink:href="http://disclosure.edinet-fsa.go.jp/taxonomy/jppfs/2019-02-28/jppfs_rt_2019-02-28.xsd#rol_SemiAnnualBalanceSheet" />
  <link:roleRef xlink:type="simple" roleURI="http://disclosure.edinet-fsa.go.jp/role/jppfs/rol_SemiAnnualConsolidatedStatementOfChangesInEquity" xlink:href="http://disclosure.edinet-fsa.go.jp/taxonomy/jppfs/2019-02-28/jppfs_rt_2019-02-28.xsd#rol_SemiAnnualConsolidatedStatementOfChangesInEquity" />
  <link:roleRef xlink:type="simple" roleURI="http://disclosure.edinet-fsa.go.jp/role/jppfs/rol_SemiAnnualConsolidatedStatementOfIncome" xlink:href="http://disclosure.edinet-fsa.go.jp/taxonomy/jppfs/2019-02-28/jppfs_rt_2019-02-28.xsd#rol_SemiAnnualConsolidatedStatementOfIncome" />
  <link:roleRef xlink:type="simple" roleURI="http://disclosure.edinet-fsa.go.jp/role/jppfs/rol_SemiAnnualConsolidatedBalanceSheet" xlink:href="http://disclosure.edinet-fsa.go.jp/taxonomy/jppfs/2019-02-28/jppfs_rt_2019-02-28.xsd#rol_SemiAnnualConsolidatedBalanceSheet" />
  <link:calculationLink xlink:type="extended" xlink:role="http://disclosure.edinet-fsa.go.jp/role/jppfs/rol_SemiAnnualConsolidatedBalanceSheet">
    <link:loc xlink:type="locator" xlink:href="http://disclosure.edinet-fsa.go.jp/taxonomy/jppfs/2019-02-28/jppfs_cor_2019-02-28.xsd#jppfs_cor_Assets" xlink:label="Assets" />
    <link:loc xlink:type="locator" xlink:href="http://disclosure.edinet-fsa.go.jp/taxonomy/jppfs/2019-02-28/jppfs_cor_2019-02-28.xsd#jppfs_cor_CashAndDueFromBanksAssetsBNK" xlink:label="CashAndDueFromBanksAssetsBNK" />
    <link:calculationArc xlink:type="arc" weight="1" xlink:arcrole="http://www.xbrl.org/2003/arcrole/summation-item" xlink:from="Assets" xlink:to="CashAndDueFromBanksAssetsBNK" order="1.0" />
    <link:loc xlink:type="locator" xlink:href="http://disclosure.edinet-fsa.go.jp/taxonomy/jppfs/2019-02-28/jppfs_cor_2019-02-28.xsd#jppfs_cor_CallLoansAndBillsBoughtAssetsBNK" xlink:label="CallLoansAndBillsBoughtAssetsBNK" />
    <link:calculationArc xlink:type="arc" weight="1" xlink:arcrole="http://www.xbrl.org/2003/arcrole/summation-item" xlink:from="Assets" xlink:to="CallLoansAndBillsBoughtAssetsBNK" order="2.0" />
    <link:loc xlink:type="locator" xlink:href="http://disclosure.edinet-fsa.go.jp/taxonomy/jppfs/2019-02-28/jppfs_cor_2019-02-28.xsd#jppfs_cor_MonetaryClaimsBoughtAssetsBNK" xlink:label="MonetaryClaimsBoughtAssetsBNK" />
    <link:calculationArc xlink:type="arc" weight="1" xlink:arcrole="http://www.xbrl.org/2003/arcrole/summation-item" xlink:from="Assets" xlink:to="MonetaryClaimsBoughtAssetsBNK" order="5.0" />
    <link:loc xlink:type="locator" xlink:href="http://disclosure.edinet-fsa.go.jp/taxonomy/jppfs/2019-02-28/jppfs_cor_2019-02-28.xsd#jppfs_cor_TradingAccountSecuritiesAssetsBNK" xlink:label="TradingAccountSecuritiesAssetsBNK" />
    <link:calculationArc xlink:type="arc" weight="1" xlink:arcrole="http://www.xbrl.org/2003/arcrole/summation-item" xlink:from="Assets" xlink:to="TradingAccountSecuritiesAssetsBNK" order="7.0" />
    <link:loc xlink:type="locator" xlink:href="http://disclosure.edinet-fsa.go.jp/taxonomy/jppfs/2019-02-28/jppfs_cor_2019-02-28.xsd#jppfs_cor_SecuritiesAssetsBNK" xlink:label="SecuritiesAssetsBNK" />
    <link:calculationArc xlink:type="arc" weight="1" xlink:arcrole="http://www.xbrl.org/2003/arcrole/summation-item" xlink:from="Assets" xlink:to="SecuritiesAssetsBNK" order="9.0" />
    <link:loc xlink:type="locator" xlink:href="http://disclosure.edinet-fsa.go.jp/taxonomy/jppfs/2019-02-28/jppfs_cor_2019-02-28.xsd#jppfs_cor_LoansAndBillsDiscountedAssetsBNK" xlink:label="LoansAndBillsDiscountedAssetsBNK" />
    <link:calculationArc xlink:type="arc" weight="1" xlink:arcrole="http://www.xbrl.org/2003/arcrole/summation-item" xlink:from="Assets" xlink:to="LoansAndBillsDiscountedAssetsBNK" order="10.0" />
    <link:loc xlink:type="locator" xlink:href="http://disclosure.edinet-fsa.go.jp/taxonomy/jppfs/2019-02-28/jppfs_cor_2019-02-28.xsd#jppfs_cor_ForeignExchangesAssetsBNK" xlink:label="ForeignExchangesAssetsBNK" />
    <link:calculationArc xlink:type="arc" weight="1" xlink:arcrole="http://www.xbrl.org/2003/arcrole/summation-item" xlink:from="Assets" xlink:to="ForeignExchangesAssetsBNK" order="11.0" />
    <link:loc xlink:type="locator" xlink:href="http://disclosure.edinet-fsa.go.jp/taxonomy/jppfs/2019-02-28/jppfs_cor_2019-02-28.xsd#jppfs_cor_LeaseReceivablesAndInvestmentAssetsCA" xlink:label="LeaseReceivablesAndInvestmentAssetsCA" />
    <link:calculationArc xlink:type="arc" weight="1" xlink:arcrole="http://www.xbrl.org/2003/arcrole/summation-item" xlink:from="Assets" xlink:to="LeaseReceivablesAndInvestmentAssetsCA" order="12.0" />
    <link:loc xlink:type="locator" xlink:href="http://disclosure.edinet-fsa.go.jp/taxonomy/jppfs/2019-02-28/jppfs_cor_2019-02-28.xsd#jppfs_cor_OtherAssetsAssetsBNK" xlink:label="OtherAssetsAssetsBNK" />
    <link:calculationArc xlink:type="arc" weight="1" xlink:arcrole="http://www.xbrl.org/2003/arcrole/summation-item" xlink:from="Assets" xlink:to="OtherAssetsAssetsBNK" order="13.0" />
    <link:loc xlink:type="locator" xlink:href="http://disclosure.edinet-fsa.go.jp/taxonomy/jppfs/2019-02-28/jppfs_cor_2019-02-28.xsd#jppfs_cor_PropertyPlantAndEquipment" xlink:label="PropertyPlantAndEquipment" />
    <link:calculationArc xlink:type="arc" weight="1" xlink:arcrole="http://www.xbrl.org/2003/arcrole/summation-item" xlink:from="Assets" xlink:to="PropertyPlantAndEquipment" order="14.0" />
    <link:loc xlink:type="locator" xlink:href="http://disclosure.edinet-fsa.go.jp/taxonomy/jppfs/2019-02-28/jppfs_cor_2019-02-28.xsd#jppfs_cor_IntangibleAssets" xlink:label="IntangibleAssets" />
    <link:calculationArc xlink:type="arc" weight="1" xlink:arcrole="http://www.xbrl.org/2003/arcrole/summation-item" xlink:from="Assets" xlink:to="IntangibleAssets" order="15.0" />
    <link:loc xlink:type="locator" xlink:href="http://disclosure.edinet-fsa.go.jp/taxonomy/jppfs/2019-02-28/jppfs_cor_2019-02-28.xsd#jppfs_cor_DeferredTaxAssets" xlink:label="DeferredTaxAssets" />
    <link:calculationArc xlink:type="arc" weight="1" xlink:arcrole="http://www.xbrl.org/2003/arcrole/summation-item" xlink:from="Assets" xlink:to="DeferredTaxAssets" order="16.0" />
    <link:loc xlink:type="locator" xlink:href="http://disclosure.edinet-fsa.go.jp/taxonomy/jppfs/2019-02-28/jppfs_cor_2019-02-28.xsd#jppfs_cor_CustomersLiabilitiesForAcceptancesAndGuaranteesAssetsBNK" xlink:label="CustomersLiabilitiesForAcceptancesAndGuaranteesAssetsBNK" />
    <link:calculationArc xlink:type="arc" weight="1" xlink:arcrole="http://www.xbrl.org/2003/arcrole/summation-item" xlink:from="Assets" xlink:to="CustomersLiabilitiesForAcceptancesAndGuaranteesAssetsBNK" order="18.0" />
    <link:loc xlink:type="locator" xlink:href="http://disclosure.edinet-fsa.go.jp/taxonomy/jppfs/2019-02-28/jppfs_cor_2019-02-28.xsd#jppfs_cor_AllowanceForLoanLossesAssetsBNK" xlink:label="AllowanceForLoanLossesAssetsBNK" />
    <link:calculationArc xlink:type="arc" weight="1" xlink:arcrole="http://www.xbrl.org/2003/arcrole/summation-item" xlink:from="Assets" xlink:to="AllowanceForLoanLossesAssetsBNK" order="19.0" />
    <link:loc xlink:type="locator" xlink:href="http://disclosure.edinet-fsa.go.jp/taxonomy/jppfs/2019-02-28/jppfs_cor_2019-02-28.xsd#jppfs_cor_LiabilitiesAndNetAssets" xlink:label="LiabilitiesAndNetAssets" />
    <link:loc xlink:type="locator" xlink:href="http://disclosure.edinet-fsa.go.jp/taxonomy/jppfs/2019-02-28/jppfs_cor_2019-02-28.xsd#jppfs_cor_Liabilities" xlink:label="Liabilities_2" />
    <link:calculationArc xlink:type="arc" weight="1" xlink:arcrole="http://www.xbrl.org/2003/arcrole/summation-item" xlink:from="LiabilitiesAndNetAssets" xlink:to="Liabilities_2" order="1.0" />
    <link:loc xlink:type="locator" xlink:href="http://disclosure.edinet-fsa.go.jp/taxonomy/jppfs/2019-02-28/jppfs_cor_2019-02-28.xsd#jppfs_cor_Liabilities" xlink:label="Liabilities" />
    <link:loc xlink:type="locator" xlink:href="http://disclosure.edinet-fsa.go.jp/taxonomy/jppfs/2019-02-28/jppfs_cor_2019-02-28.xsd#jppfs_cor_DepositsLiabilitiesBNK" xlink:label="DepositsLiabilitiesBNK" />
    <link:calculationArc xlink:type="arc" weight="1" xlink:arcrole="http://www.xbrl.org/2003/arcrole/summation-item" xlink:from="Liabilities" xlink:to="DepositsLiabilitiesBNK" order="1.0" />
    <link:loc xlink:type="locator" xlink:href="http://disclosure.edinet-fsa.go.jp/taxonomy/jppfs/2019-02-28/jppfs_cor_2019-02-28.xsd#jppfs_cor_BorrowedMoneyLiabilitiesBNK" xlink:label="BorrowedMoneyLiabilitiesBNK" />
    <link:calculationArc xlink:type="arc" weight="1" xlink:arcrole="http://www.xbrl.org/2003/arcrole/summation-item" xlink:from="Liabilities" xlink:to="BorrowedMoneyLiabilitiesBNK" order="8.0" />
    <link:loc xlink:type="locator" xlink:href="http://disclosure.edinet-fsa.go.jp/taxonomy/jppfs/2019-02-28/jppfs_cor_2019-02-28.xsd#jppfs_cor_ForeignExchangesLiabilitiesBNK" xlink:label="ForeignExchangesLiabilitiesBNK" />
    <link:calculationArc xlink:type="arc" weight="1" xlink:arcrole="http://www.xbrl.org/2003/arcrole/summation-item" xlink:from="Liabilities" xlink:to="ForeignExchangesLiabilitiesBNK" order="9.0" />
    <link:loc xlink:type="locator" xlink:href="http://disclosure.edinet-fsa.go.jp/taxonomy/jppfs/2019-02-28/jppfs_cor_2019-02-28.xsd#jppfs_cor_OtherLiabilitiesLiabilitiesBNK" xlink:label="OtherLiabilitiesLiabilitiesBNK" />
    <link:calculationArc xlink:type="arc" weight="1" xlink:arcrole="http://www.xbrl.org/2003/arcrole/summation-item" xlink:from="Liabilities" xlink:to="OtherLiabilitiesLiabilitiesBNK" order="13.0" />
    <link:loc xlink:type="locator" xlink:href="http://disclosure.edinet-fsa.go.jp/taxonomy/jppfs/2019-02-28/jppfs_cor_2019-02-28.xsd#jppfs_cor_ProvisionForDirectorsBonuses" xlink:label="ProvisionForDirectorsBonuses" />
    <link:calculationArc xlink:type="arc" weight="1" xlink:arcrole="http://www.xbrl.org/2003/arcrole/summation-item" xlink:from="Liabilities" xlink:to="ProvisionForDirectorsBonuses" order="15.0" />
    <link:loc xlink:type="locator" xlink:href="http://disclosure.edinet-fsa.go.jp/taxonomy/jppfs/2019-02-28/jppfs_cor_2019-02-28.xsd#jppfs_cor_NetDefinedBenefitLiability" xlink:label="NetDefinedBenefitLiability" />
    <link:calculationArc xlink:type="arc" weight="1" xlink:arcrole="http://www.xbrl.org/2003/arcrole/summation-item" xlink:from="Liabilities" xlink:to="NetDefinedBenefitLiability" order="16.0" />
    <link:loc xlink:type="locator" xlink:href="http://disclosure.edinet-fsa.go.jp/taxonomy/jppfs/2019-02-28/jppfs_cor_2019-02-28.xsd#jppfs_cor_ProvisionForDirectorsRetirementBenefits" xlink:label="ProvisionForDirectorsRetirementBenefits" />
    <link:calculationArc xlink:type="arc" weight="1" xlink:arcrole="http://www.xbrl.org/2003/arcrole/summation-item" xlink:from="Liabilities" xlink:to="ProvisionForDirectorsRetirementBenefits" order="17.0" />
    <link:loc xlink:type="locator" xlink:href="http://disclosure.edinet-fsa.go.jp/taxonomy/jppfs/2019-02-28/jppfs_cor_2019-02-28.xsd#jppfs_cor_ProvisionForReimbursementOfDepositsLiabilitiesBNK" xlink:label="ProvisionForReimbursementOfDepositsLiabilitiesBNK" />
    <link:calculationArc xlink:type="arc" weight="1" xlink:arcrole="http://www.xbrl.org/2003/arcrole/summation-item" xlink:from="Liabilities" xlink:to="ProvisionForReimbursementOfDepositsLiabilitiesBNK" order="18.0859375" />
    <link:loc xlink:type="locator" xlink:href="http://disclosure.edinet-fsa.go.jp/taxonomy/jppfs/2019-02-28/jppfs_cor_2019-02-28.xsd#jppfs_cor_ProvisionForContingentLossLiabilitiesBNK" xlink:label="ProvisionForContingentLossLiabilitiesBNK" />
    <link:calculationArc xlink:type="arc" weight="1" xlink:arcrole="http://www.xbrl.org/2003/arcrole/summation-item" xlink:from="Liabilities" xlink:to="ProvisionForContingentLossLiabilitiesBNK" order="19.16796875" />
    <link:loc xlink:type="locator" xlink:href="http://disclosure.edinet-fsa.go.jp/taxonomy/jppfs/2019-02-28/jppfs_cor_2019-02-28.xsd#jppfs_cor_DeferredTaxLiabilities" xlink:label="DeferredTaxLiabilities" />
    <link:calculationArc xlink:type="arc" weight="1" xlink:arcrole="http://www.xbrl.org/2003/arcrole/summation-item" xlink:from="Liabilities" xlink:to="DeferredTaxLiabilities" order="20.25" />
    <link:loc xlink:type="locator" xlink:href="http://disclosure.edinet-fsa.go.jp/taxonomy/jppfs/2019-02-28/jppfs_cor_2019-02-28.xsd#jppfs_cor_DeferredTaxLiabilitiesForLandRevaluation" xlink:label="DeferredTaxLiabilitiesForLandRevaluation" />
    <link:calculationArc xlink:type="arc" weight="1" xlink:arcrole="http://www.xbrl.org/2003/arcrole/summation-item" xlink:from="Liabilities" xlink:to="DeferredTaxLiabilitiesForLandRevaluation" order="21.0" />
    <link:loc xlink:type="locator" xlink:href="http://disclosure.edinet-fsa.go.jp/taxonomy/jppfs/2019-02-28/jppfs_cor_2019-02-28.xsd#jppfs_cor_AcceptancesAndGuaranteesLiabilitiesBNK" xlink:label="AcceptancesAndGuaranteesLiabilitiesBNK" />
    <link:calculationArc xlink:type="arc" weight="1" xlink:arcrole="http://www.xbrl.org/2003/arcrole/summation-item" xlink:from="Liabilities" xlink:to="AcceptancesAndGuaranteesLiabilitiesBNK" order="22.0" />
    <link:loc xlink:type="locator" xlink:href="http://disclosure.edinet-fsa.go.jp/taxonomy/jppfs/2019-02-28/jppfs_cor_2019-02-28.xsd#jppfs_cor_NetAssets" xlink:label="NetAssets_2" />
    <link:calculationArc xlink:type="arc" weight="1" xlink:arcrole="http://www.xbrl.org/2003/arcrole/summation-item" xlink:from="LiabilitiesAndNetAssets" xlink:to="NetAssets_2" order="2.0" />
    <link:loc xlink:type="locator" xlink:href="http://disclosure.edinet-fsa.go.jp/taxonomy/jppfs/2019-02-28/jppfs_cor_2019-02-28.xsd#jppfs_cor_NetAssets" xlink:label="NetAssets" />
    <link:loc xlink:type="locator" xlink:href="http://disclosure.edinet-fsa.go.jp/taxonomy/jppfs/2019-02-28/jppfs_cor_2019-02-28.xsd#jppfs_cor_ShareholdersEquity" xlink:label="ShareholdersEquity_2" />
    <link:calculationArc xlink:type="arc" weight="1" xlink:arcrole="http://www.xbrl.org/2003/arcrole/summation-item" xlink:from="NetAssets" xlink:to="ShareholdersEquity_2" order="1.0" />
    <link:loc xlink:type="locator" xlink:href="http://disclosure.edinet-fsa.go.jp/taxonomy/jppfs/2019-02-28/jppfs_cor_2019-02-28.xsd#jppfs_cor_ShareholdersEquity" xlink:label="ShareholdersEquity" />
    <link:loc xlink:type="locator" xlink:href="http://disclosure.edinet-fsa.go.jp/taxonomy/jppfs/2019-02-28/jppfs_cor_2019-02-28.xsd#jppfs_cor_CapitalStock" xlink:label="CapitalStock" />
    <link:calculationArc xlink:type="arc" weight="1" xlink:arcrole="http://www.xbrl.org/2003/arcrole/summation-item" xlink:from="ShareholdersEquity" xlink:to="CapitalStock" order="1.0" />
    <link:loc xlink:type="locator" xlink:href="http://disclosure.edinet-fsa.go.jp/taxonomy/jppfs/2019-02-28/jppfs_cor_2019-02-28.xsd#jppfs_cor_CapitalSurplus" xlink:label="CapitalSurplus" />
    <link:calculationArc xlink:type="arc" weight="1" xlink:arcrole="http://www.xbrl.org/2003/arcrole/summation-item" xlink:from="ShareholdersEquity" xlink:to="CapitalSurplus" order="3.0" />
    <link:loc xlink:type="locator" xlink:href="http://disclosure.edinet-fsa.go.jp/taxonomy/jppfs/2019-02-28/jppfs_cor_2019-02-28.xsd#jppfs_cor_RetainedEarnings" xlink:label="RetainedEarnings" />
    <link:calculationArc xlink:type="arc" weight="1" xlink:arcrole="http://www.xbrl.org/2003/arcrole/summation-item" xlink:from="ShareholdersEquity" xlink:to="RetainedEarnings" order="4.0" />
    <link:loc xlink:type="locator" xlink:href="http://disclosure.edinet-fsa.go.jp/taxonomy/jppfs/2019-02-28/jppfs_cor_2019-02-28.xsd#jppfs_cor_ValuationAndTranslationAdjustments" xlink:label="ValuationAndTranslationAdjustments_2" />
    <link:calculationArc xlink:type="arc" weight="1" xlink:arcrole="http://www.xbrl.org/2003/arcrole/summation-item" xlink:from="NetAssets" xlink:to="ValuationAndTranslationAdjustments_2" order="2.0" />
    <link:loc xlink:type="locator" xlink:href="http://disclosure.edinet-fsa.go.jp/taxonomy/jppfs/2019-02-28/jppfs_cor_2019-02-28.xsd#jppfs_cor_ValuationAndTranslationAdjustments" xlink:label="ValuationAndTranslationAdjustments" />
    <link:loc xlink:type="locator" xlink:href="http://disclosure.edinet-fsa.go.jp/taxonomy/jppfs/2019-02-28/jppfs_cor_2019-02-28.xsd#jppfs_cor_ValuationDifferenceOnAvailableForSaleSecurities" xlink:label="ValuationDifferenceOnAvailableForSaleSecurities" />
    <link:calculationArc xlink:type="arc" weight="1" xlink:arcrole="http://www.xbrl.org/2003/arcrole/summation-item" xlink:from="ValuationAndTranslationAdjustments" xlink:to="ValuationDifferenceOnAvailableForSaleSecurities" order="1.0" />
    <link:loc xlink:type="locator" xlink:href="http://disclosure.edinet-fsa.go.jp/taxonomy/jppfs/2019-02-28/jppfs_cor_2019-02-28.xsd#jppfs_cor_DeferredGainsOrLossesOnHedges" xlink:label="DeferredGainsOrLossesOnHedges" />
    <link:calculationArc xlink:type="arc" weight="1" xlink:arcrole="http://www.xbrl.org/2003/arcrole/summation-item" xlink:from="ValuationAndTranslationAdjustments" xlink:to="DeferredGainsOrLossesOnHedges" order="2.0" />
    <link:loc xlink:type="locator" xlink:href="http://disclosure.edinet-fsa.go.jp/taxonomy/jppfs/2019-02-28/jppfs_cor_2019-02-28.xsd#jppfs_cor_RevaluationReserveForLand" xlink:label="RevaluationReserveForLand" />
    <link:calculationArc xlink:type="arc" weight="1" xlink:arcrole="http://www.xbrl.org/2003/arcrole/summation-item" xlink:from="ValuationAndTranslationAdjustments" xlink:to="RevaluationReserveForLand" order="3.0" />
    <link:loc xlink:type="locator" xlink:href="http://disclosure.edinet-fsa.go.jp/taxonomy/jppfs/2019-02-28/jppfs_cor_2019-02-28.xsd#jppfs_cor_RemeasurementsOfDefinedBenefitPlans" xlink:label="RemeasurementsOfDefinedBenefitPlans" />
    <link:calculationArc xlink:type="arc" weight="1" xlink:arcrole="http://www.xbrl.org/2003/arcrole/summation-item" xlink:from="ValuationAndTranslationAdjustments" xlink:to="RemeasurementsOfDefinedBenefitPlans" order="4.0" />
    <link:loc xlink:type="locator" xlink:href="http://disclosure.edinet-fsa.go.jp/taxonomy/jppfs/2019-02-28/jppfs_cor_2019-02-28.xsd#jppfs_cor_NonControllingInterests" xlink:label="NonControllingInterests" />
    <link:calculationArc xlink:type="arc" weight="1" xlink:arcrole="http://www.xbrl.org/2003/arcrole/summation-item" xlink:from="NetAssets" xlink:to="NonControllingInterests" order="3.0" />
  </link:calculationLink>
  <link:calculationLink xlink:type="extended" xlink:role="http://disclosure.edinet-fsa.go.jp/role/jppfs/rol_SemiAnnualConsolidatedStatementOfIncome">
    <link:loc xlink:type="locator" xlink:href="http://disclosure.edinet-fsa.go.jp/taxonomy/jppfs/2019-02-28/jppfs_cor_2019-02-28.xsd#jppfs_cor_ProfitLoss" xlink:label="ProfitLoss" />
    <link:loc xlink:type="locator" xlink:href="http://disclosure.edinet-fsa.go.jp/taxonomy/jppfs/2019-02-28/jppfs_cor_2019-02-28.xsd#jppfs_cor_IncomeBeforeIncomeTaxes" xlink:label="IncomeBeforeIncomeTaxes_2" />
    <link:calculationArc xlink:type="arc" weight="1" xlink:arcrole="http://www.xbrl.org/2003/arcrole/summation-item" xlink:from="ProfitLoss" xlink:to="IncomeBeforeIncomeTaxes_2" order="1.0" />
    <link:loc xlink:type="locator" xlink:href="http://disclosure.edinet-fsa.go.jp/taxonomy/jppfs/2019-02-28/jppfs_cor_2019-02-28.xsd#jppfs_cor_IncomeBeforeIncomeTaxes" xlink:label="IncomeBeforeIncomeTaxes" />
    <link:loc xlink:type="locator" xlink:href="http://disclosure.edinet-fsa.go.jp/taxonomy/jppfs/2019-02-28/jppfs_cor_2019-02-28.xsd#jppfs_cor_OrdinaryIncome" xlink:label="OrdinaryIncome_2" />
    <link:calculationArc xlink:type="arc" weight="1" xlink:arcrole="http://www.xbrl.org/2003/arcrole/summation-item" xlink:from="IncomeBeforeIncomeTaxes" xlink:to="OrdinaryIncome_2" order="1.0" />
    <link:loc xlink:type="locator" xlink:href="http://disclosure.edinet-fsa.go.jp/taxonomy/jppfs/2019-02-28/jppfs_cor_2019-02-28.xsd#jppfs_cor_OrdinaryIncome" xlink:label="OrdinaryIncome" />
    <link:loc xlink:type="locator" xlink:href="http://disclosure.edinet-fsa.go.jp/taxonomy/jppfs/2019-02-28/jppfs_cor_2019-02-28.xsd#jppfs_cor_OrdinaryIncomeBNK" xlink:label="OrdinaryIncomeBNK_2" />
    <link:calculationArc xlink:type="arc" weight="1" xlink:arcrole="http://www.xbrl.org/2003/arcrole/summation-item" xlink:from="OrdinaryIncome" xlink:to="OrdinaryIncomeBNK_2" order="1.0" />
    <link:loc xlink:type="locator" xlink:href="http://disclosure.edinet-fsa.go.jp/taxonomy/jppfs/2019-02-28/jppfs_cor_2019-02-28.xsd#jppfs_cor_OrdinaryIncomeBNK" xlink:label="OrdinaryIncomeBNK" />
    <link:loc xlink:type="locator" xlink:href="http://disclosure.edinet-fsa.go.jp/taxonomy/jppfs/2019-02-28/jppfs_cor_2019-02-28.xsd#jppfs_cor_InterestIncomeOIBNK" xlink:label="InterestIncomeOIBNK" />
    <link:calculationArc xlink:type="arc" weight="1" xlink:arcrole="http://www.xbrl.org/2003/arcrole/summation-item" xlink:from="OrdinaryIncomeBNK" xlink:to="InterestIncomeOIBNK" order="1.0" />
    <link:loc xlink:type="locator" xlink:href="http://disclosure.edinet-fsa.go.jp/taxonomy/jppfs/2019-02-28/jppfs_cor_2019-02-28.xsd#jppfs_cor_FeesAndCommissionsOIBNK" xlink:label="FeesAndCommissionsOIBNK" />
    <link:calculationArc xlink:type="arc" weight="1" xlink:arcrole="http://www.xbrl.org/2003/arcrole/summation-item" xlink:from="OrdinaryIncomeBNK" xlink:to="FeesAndCommissionsOIBNK" order="2.0" />
    <link:loc xlink:type="locator" xlink:href="http://disclosure.edinet-fsa.go.jp/taxonomy/jppfs/2019-02-28/jppfs_cor_2019-02-28.xsd#jppfs_cor_OtherOrdinaryIncomeOIBNK" xlink:label="OtherOrdinaryIncomeOIBNK" />
    <link:calculationArc xlink:type="arc" weight="1" xlink:arcrole="http://www.xbrl.org/2003/arcrole/summation-item" xlink:from="OrdinaryIncomeBNK" xlink:to="OtherOrdinaryIncomeOIBNK" order="3.0" />
    <link:loc xlink:type="locator" xlink:href="http://disclosure.edinet-fsa.go.jp/taxonomy/jppfs/2019-02-28/jppfs_cor_2019-02-28.xsd#jppfs_cor_OtherIncomeOIBNK" xlink:label="OtherIncomeOIBNK" />
    <link:calculationArc xlink:type="arc" weight="1" xlink:arcrole="http://www.xbrl.org/2003/arcrole/summation-item" xlink:from="OrdinaryIncomeBNK" xlink:to="OtherIncomeOIBNK" order="4.0" />
    <link:loc xlink:type="locator" xlink:href="http://disclosure.edinet-fsa.go.jp/taxonomy/jppfs/2019-02-28/jppfs_cor_2019-02-28.xsd#jppfs_cor_OrdinaryExpensesBNK" xlink:label="OrdinaryExpensesBNK_2" />
    <link:calculationArc xlink:type="arc" weight="-1" xlink:arcrole="http://www.xbrl.org/2003/arcrole/summation-item" xlink:from="OrdinaryIncome" xlink:to="OrdinaryExpensesBNK_2" order="2.0" />
    <link:loc xlink:type="locator" xlink:href="http://disclosure.edinet-fsa.go.jp/taxonomy/jppfs/2019-02-28/jppfs_cor_2019-02-28.xsd#jppfs_cor_OrdinaryExpensesBNK" xlink:label="OrdinaryExpensesBNK" />
    <link:loc xlink:type="locator" xlink:href="http://disclosure.edinet-fsa.go.jp/taxonomy/jppfs/2019-02-28/jppfs_cor_2019-02-28.xsd#jppfs_cor_InterestExpensesOEBNK" xlink:label="InterestExpensesOEBNK" />
    <link:calculationArc xlink:type="arc" weight="1" xlink:arcrole="http://www.xbrl.org/2003/arcrole/summation-item" xlink:from="OrdinaryExpensesBNK" xlink:to="InterestExpensesOEBNK" order="1.0" />
    <link:loc xlink:type="locator" xlink:href="http://disclosure.edinet-fsa.go.jp/taxonomy/jppfs/2019-02-28/jppfs_cor_2019-02-28.xsd#jppfs_cor_FeesAndCommissionsPaymentsOEBNK" xlink:label="FeesAndCommissionsPaymentsOEBNK" />
    <link:calculationArc xlink:type="arc" weight="1" xlink:arcrole="http://www.xbrl.org/2003/arcrole/summation-item" xlink:from="OrdinaryExpensesBNK" xlink:to="FeesAndCommissionsPaymentsOEBNK" order="2.0" />
    <link:loc xlink:type="locator" xlink:href="http://disclosure.edinet-fsa.go.jp/taxonomy/jppfs/2019-02-28/jppfs_cor_2019-02-28.xsd#jppfs_cor_OtherOrdinaryExpensesOEBNK" xlink:label="OtherOrdinaryExpensesOEBNK" />
    <link:calculationArc xlink:type="arc" weight="1" xlink:arcrole="http://www.xbrl.org/2003/arcrole/summation-item" xlink:from="OrdinaryExpensesBNK" xlink:to="OtherOrdinaryExpensesOEBNK" order="3.0" />
    <link:loc xlink:type="locator" xlink:href="http://disclosure.edinet-fsa.go.jp/taxonomy/jppfs/2019-02-28/jppfs_cor_2019-02-28.xsd#jppfs_cor_GeneralAndAdministrativeExpensesOEBNK" xlink:label="GeneralAndAdministrativeExpensesOEBNK" />
    <link:calculationArc xlink:type="arc" weight="1" xlink:arcrole="http://www.xbrl.org/2003/arcrole/summation-item" xlink:from="OrdinaryExpensesBNK" xlink:to="GeneralAndAdministrativeExpensesOEBNK" order="4.0" />
    <link:loc xlink:type="locator" xlink:href="http://disclosure.edinet-fsa.go.jp/taxonomy/jppfs/2019-02-28/jppfs_cor_2019-02-28.xsd#jppfs_cor_OtherExpensesOEBNK" xlink:label="OtherExpensesOEBNK" />
    <link:calculationArc xlink:type="arc" weight="1" xlink:arcrole="http://www.xbrl.org/2003/arcrole/summation-item" xlink:from="OrdinaryExpensesBNK" xlink:to="OtherExpensesOEBNK" order="5.0" />
    <link:loc xlink:type="locator" xlink:href="http://disclosure.edinet-fsa.go.jp/taxonomy/jppfs/2019-02-28/jppfs_cor_2019-02-28.xsd#jppfs_cor_ExtraordinaryLoss" xlink:label="ExtraordinaryLoss_2" />
    <link:calculationArc xlink:type="arc" weight="-1" xlink:arcrole="http://www.xbrl.org/2003/arcrole/summation-item" xlink:from="IncomeBeforeIncomeTaxes" xlink:to="ExtraordinaryLoss_2" order="2.0" />
    <link:loc xlink:type="locator" xlink:href="http://disclosure.edinet-fsa.go.jp/taxonomy/jppfs/2019-02-28/jppfs_cor_2019-02-28.xsd#jppfs_cor_ExtraordinaryLoss" xlink:label="ExtraordinaryLoss" />
    <link:loc xlink:type="locator" xlink:href="http://disclosure.edinet-fsa.go.jp/taxonomy/jppfs/2019-02-28/jppfs_cor_2019-02-28.xsd#jppfs_cor_LossOnDisposalOfNoncurrentAssetsEL" xlink:label="LossOnDisposalOfNoncurrentAssetsEL" />
    <link:calculationArc xlink:type="arc" weight="1" xlink:arcrole="http://www.xbrl.org/2003/arcrole/summation-item" xlink:from="ExtraordinaryLoss" xlink:to="LossOnDisposalOfNoncurrentAssetsEL" order="1.0" />
    <link:loc xlink:type="locator" xlink:href="http://disclosure.edinet-fsa.go.jp/taxonomy/jppfs/2019-02-28/jppfs_cor_2019-02-28.xsd#jppfs_cor_ImpairmentLossEL" xlink:label="ImpairmentLossEL" />
    <link:calculationArc xlink:type="arc" weight="1" xlink:arcrole="http://www.xbrl.org/2003/arcrole/summation-item" xlink:from="ExtraordinaryLoss" xlink:to="ImpairmentLossEL" order="2.0" />
    <link:loc xlink:type="locator" xlink:href="http://disclosure.edinet-fsa.go.jp/taxonomy/jppfs/2019-02-28/jppfs_cor_2019-02-28.xsd#jppfs_cor_OtherEL" xlink:label="OtherEL" />
    <link:calculationArc xlink:type="arc" weight="1" xlink:arcrole="http://www.xbrl.org/2003/arcrole/summation-item" xlink:from="ExtraordinaryLoss" xlink:to="OtherEL" order="3.0" />
    <link:loc xlink:type="locator" xlink:href="http://disclosure.edinet-fsa.go.jp/taxonomy/jppfs/2019-02-28/jppfs_cor_2019-02-28.xsd#jppfs_cor_IncomeTaxes" xlink:label="IncomeTaxes_2" />
    <link:calculationArc xlink:type="arc" weight="-1" xlink:arcrole="http://www.xbrl.org/2003/arcrole/summation-item" xlink:from="ProfitLoss" xlink:to="IncomeTaxes_2" order="2.0" />
    <link:loc xlink:type="locator" xlink:href="http://disclosure.edinet-fsa.go.jp/taxonomy/jppfs/2019-02-28/jppfs_cor_2019-02-28.xsd#jppfs_cor_IncomeTaxes" xlink:label="IncomeTaxes" />
    <link:loc xlink:type="locator" xlink:href="http://disclosure.edinet-fsa.go.jp/taxonomy/jppfs/2019-02-28/jppfs_cor_2019-02-28.xsd#jppfs_cor_IncomeTaxesCurrent" xlink:label="IncomeTaxesCurrent" />
    <link:calculationArc xlink:type="arc" weight="1" xlink:arcrole="http://www.xbrl.org/2003/arcrole/summation-item" xlink:from="IncomeTaxes" xlink:to="IncomeTaxesCurrent" order="1.0" />
    <link:loc xlink:type="locator" xlink:href="http://disclosure.edinet-fsa.go.jp/taxonomy/jppfs/2019-02-28/jppfs_cor_2019-02-28.xsd#jppfs_cor_IncomeTaxesDeferred" xlink:label="IncomeTaxesDeferred" />
    <link:calculationArc xlink:type="arc" weight="1" xlink:arcrole="http://www.xbrl.org/2003/arcrole/summation-item" xlink:from="IncomeTaxes" xlink:to="IncomeTaxesDeferred" order="2.0" />
  </link:calculationLink>
  <link:calculationLink xlink:type="extended" xlink:role="http://disclosure.edinet-fsa.go.jp/role/jppfs/rol_SemiAnnualConsolidatedStatementOfChangesInEquity">
    <link:loc xlink:type="locator" xlink:href="http://disclosure.edinet-fsa.go.jp/taxonomy/jppfs/2019-02-28/jppfs_cor_2019-02-28.xsd#jppfs_cor_TotalChangesOfItemsDuringThePeriod" xlink:label="TotalChangesOfItemsDuringThePeriod" />
    <link:loc xlink:type="locator" xlink:href="http://disclosure.edinet-fsa.go.jp/taxonomy/jppfs/2019-02-28/jppfs_cor_2019-02-28.xsd#jppfs_cor_DividendsFromSurplus" xlink:label="DividendsFromSurplus" />
    <link:calculationArc xlink:type="arc" weight="1" xlink:arcrole="http://www.xbrl.org/2003/arcrole/summation-item" xlink:from="TotalChangesOfItemsDuringThePeriod" xlink:to="DividendsFromSurplus" order="1.0" />
    <link:loc xlink:type="locator" xlink:href="http://disclosure.edinet-fsa.go.jp/taxonomy/jppfs/2019-02-28/jppfs_cor_2019-02-28.xsd#jppfs_cor_ProfitLossAttributableToOwnersOfParent" xlink:label="ProfitLossAttributableToOwnersOfParent" />
    <link:calculationArc xlink:type="arc" weight="1" xlink:arcrole="http://www.xbrl.org/2003/arcrole/summation-item" xlink:from="TotalChangesOfItemsDuringThePeriod" xlink:to="ProfitLossAttributableToOwnersOfParent" order="2.0" />
    <link:loc xlink:type="locator" xlink:href="http://disclosure.edinet-fsa.go.jp/taxonomy/jppfs/2019-02-28/jppfs_cor_2019-02-28.xsd#jppfs_cor_PurchaseOfTreasuryStock" xlink:label="PurchaseOfTreasuryStock" />
    <link:calculationArc xlink:type="arc" weight="1" xlink:arcrole="http://www.xbrl.org/2003/arcrole/summation-item" xlink:from="TotalChangesOfItemsDuringThePeriod" xlink:to="PurchaseOfTreasuryStock" order="3.0" />
    <link:loc xlink:type="locator" xlink:href="http://disclosure.edinet-fsa.go.jp/taxonomy/jppfs/2019-02-28/jppfs_cor_2019-02-28.xsd#jppfs_cor_DisposalOfTreasuryStock" xlink:label="DisposalOfTreasuryStock" />
    <link:calculationArc xlink:type="arc" weight="1" xlink:arcrole="http://www.xbrl.org/2003/arcrole/summation-item" xlink:from="TotalChangesOfItemsDuringThePeriod" xlink:to="DisposalOfTreasuryStock" order="4.0" />
    <link:loc xlink:type="locator" xlink:href="http://disclosure.edinet-fsa.go.jp/taxonomy/jppfs/2019-02-28/jppfs_cor_2019-02-28.xsd#jppfs_cor_NetChangesOfItemsOtherThanShareholdersEquity" xlink:label="NetChangesOfItemsOtherThanShareholdersEquity" />
    <link:calculationArc xlink:type="arc" weight="1" xlink:arcrole="http://www.xbrl.org/2003/arcrole/summation-item" xlink:from="TotalChangesOfItemsDuringThePeriod" xlink:to="NetChangesOfItemsOtherThanShareholdersEquity" order="5.0" />
  </link:calculationLink>
  <link:calculationLink xlink:type="extended" xlink:role="http://disclosure.edinet-fsa.go.jp/role/jppfs/rol_SemiAnnualBalanceSheet">
    <link:loc xlink:type="locator" xlink:href="http://disclosure.edinet-fsa.go.jp/taxonomy/jppfs/2019-02-28/jppfs_cor_2019-02-28.xsd#jppfs_cor_Assets" xlink:label="Assets" />
    <link:loc xlink:type="locator" xlink:href="http://disclosure.edinet-fsa.go.jp/taxonomy/jppfs/2019-02-28/jppfs_cor_2019-02-28.xsd#jppfs_cor_CashAndDueFromBanksAssetsBNK" xlink:label="CashAndDueFromBanksAssetsBNK" />
    <link:calculationArc xlink:type="arc" weight="1" xlink:arcrole="http://www.xbrl.org/2003/arcrole/summation-item" xlink:from="Assets" xlink:to="CashAndDueFromBanksAssetsBNK" order="1.0" />
    <link:loc xlink:type="locator" xlink:href="http://disclosure.edinet-fsa.go.jp/taxonomy/jppfs/2019-02-28/jppfs_cor_2019-02-28.xsd#jppfs_cor_CallLoansAssetsBNK" xlink:label="CallLoansAssetsBNK" />
    <link:calculationArc xlink:type="arc" weight="1" xlink:arcrole="http://www.xbrl.org/2003/arcrole/summation-item" xlink:from="Assets" xlink:to="CallLoansAssetsBNK" order="2.0" />
    <link:loc xlink:type="locator" xlink:href="http://disclosure.edinet-fsa.go.jp/taxonomy/jppfs/2019-02-28/jppfs_cor_2019-02-28.xsd#jppfs_cor_MonetaryClaimsBoughtAssetsBNK" xlink:label="MonetaryClaimsBoughtAssetsBNK" />
    <link:calculationArc xlink:type="arc" weight="1" xlink:arcrole="http://www.xbrl.org/2003/arcrole/summation-item" xlink:from="Assets" xlink:to="MonetaryClaimsBoughtAssetsBNK" order="6.0" />
    <link:loc xlink:type="locator" xlink:href="http://disclosure.edinet-fsa.go.jp/taxonomy/jppfs/2019-02-28/jppfs_cor_2019-02-28.xsd#jppfs_cor_TradingAccountSecuritiesAssetsBNK" xlink:label="TradingAccountSecuritiesAssetsBNK" />
    <link:calculationArc xlink:type="arc" weight="1" xlink:arcrole="http://www.xbrl.org/2003/arcrole/summation-item" xlink:from="Assets" xlink:to="TradingAccountSecuritiesAssetsBNK" order="7.0" />
    <link:loc xlink:type="locator" xlink:href="http://disclosure.edinet-fsa.go.jp/taxonomy/jppfs/2019-02-28/jppfs_cor_2019-02-28.xsd#jppfs_cor_SecuritiesAssetsBNK" xlink:label="SecuritiesAssetsBNK" />
    <link:calculationArc xlink:type="arc" weight="1" xlink:arcrole="http://www.xbrl.org/2003/arcrole/summation-item" xlink:from="Assets" xlink:to="SecuritiesAssetsBNK" order="9.0" />
    <link:loc xlink:type="locator" xlink:href="http://disclosure.edinet-fsa.go.jp/taxonomy/jppfs/2019-02-28/jppfs_cor_2019-02-28.xsd#jppfs_cor_LoansAndBillsDiscountedAssetsBNK" xlink:label="LoansAndBillsDiscountedAssetsBNK" />
    <link:calculationArc xlink:type="arc" weight="1" xlink:arcrole="http://www.xbrl.org/2003/arcrole/summation-item" xlink:from="Assets" xlink:to="LoansAndBillsDiscountedAssetsBNK" order="10.0" />
    <link:loc xlink:type="locator" xlink:href="http://disclosure.edinet-fsa.go.jp/taxonomy/jppfs/2019-02-28/jppfs_cor_2019-02-28.xsd#jppfs_cor_ForeignExchangesAssetsBNK" xlink:label="ForeignExchangesAssetsBNK" />
    <link:calculationArc xlink:type="arc" weight="1" xlink:arcrole="http://www.xbrl.org/2003/arcrole/summation-item" xlink:from="Assets" xlink:to="ForeignExchangesAssetsBNK" order="11.0" />
    <link:loc xlink:type="locator" xlink:href="http://disclosure.edinet-fsa.go.jp/taxonomy/jppfs/2019-02-28/jppfs_cor_2019-02-28.xsd#jppfs_cor_OtherAssetsAssetsBNK" xlink:label="OtherAssetsAssetsBNK_2" />
    <link:calculationArc xlink:type="arc" weight="1" xlink:arcrole="http://www.xbrl.org/2003/arcrole/summation-item" xlink:from="Assets" xlink:to="OtherAssetsAssetsBNK_2" order="12.0" />
    <link:loc xlink:type="locator" xlink:href="http://disclosure.edinet-fsa.go.jp/taxonomy/jppfs/2019-02-28/jppfs_cor_2019-02-28.xsd#jppfs_cor_OtherAssetsAssetsBNK" xlink:label="OtherAssetsAssetsBNK" />
    <link:loc xlink:type="locator" xlink:href="http://disclosure.edinet-fsa.go.jp/taxonomy/jppfs/2019-02-28/jppfs_cor_2019-02-28.xsd#jppfs_cor_OtherOtherAssetsAssetsBNK" xlink:label="OtherOtherAssetsAssetsBNK" />
    <link:calculationArc xlink:type="arc" weight="1" xlink:arcrole="http://www.xbrl.org/2003/arcrole/summation-item" xlink:from="OtherAssetsAssetsBNK" xlink:to="OtherOtherAssetsAssetsBNK" order="2.0" />
    <link:loc xlink:type="locator" xlink:href="http://disclosure.edinet-fsa.go.jp/taxonomy/jppfs/2019-02-28/jppfs_cor_2019-02-28.xsd#jppfs_cor_PropertyPlantAndEquipment" xlink:label="PropertyPlantAndEquipment" />
    <link:calculationArc xlink:type="arc" weight="1" xlink:arcrole="http://www.xbrl.org/2003/arcrole/summation-item" xlink:from="Assets" xlink:to="PropertyPlantAndEquipment" order="13.0" />
    <link:loc xlink:type="locator" xlink:href="http://disclosure.edinet-fsa.go.jp/taxonomy/jppfs/2019-02-28/jppfs_cor_2019-02-28.xsd#jppfs_cor_IntangibleAssets" xlink:label="IntangibleAssets" />
    <link:calculationArc xlink:type="arc" weight="1" xlink:arcrole="http://www.xbrl.org/2003/arcrole/summation-item" xlink:from="Assets" xlink:to="IntangibleAssets" order="14.0" />
    <link:loc xlink:type="locator" xlink:href="http://disclosure.edinet-fsa.go.jp/taxonomy/jppfs/2019-02-28/jppfs_cor_2019-02-28.xsd#jppfs_cor_CustomersLiabilitiesForAcceptancesAndGuaranteesAssetsBNK" xlink:label="CustomersLiabilitiesForAcceptancesAndGuaranteesAssetsBNK" />
    <link:calculationArc xlink:type="arc" weight="1" xlink:arcrole="http://www.xbrl.org/2003/arcrole/summation-item" xlink:from="Assets" xlink:to="CustomersLiabilitiesForAcceptancesAndGuaranteesAssetsBNK" order="17.0" />
    <link:loc xlink:type="locator" xlink:href="http://disclosure.edinet-fsa.go.jp/taxonomy/jppfs/2019-02-28/jppfs_cor_2019-02-28.xsd#jppfs_cor_AllowanceForLoanLossesAssetsBNK" xlink:label="AllowanceForLoanLossesAssetsBNK" />
    <link:calculationArc xlink:type="arc" weight="1" xlink:arcrole="http://www.xbrl.org/2003/arcrole/summation-item" xlink:from="Assets" xlink:to="AllowanceForLoanLossesAssetsBNK" order="18.0" />
    <link:loc xlink:type="locator" xlink:href="http://disclosure.edinet-fsa.go.jp/taxonomy/jppfs/2019-02-28/jppfs_cor_2019-02-28.xsd#jppfs_cor_LiabilitiesAndNetAssets" xlink:label="LiabilitiesAndNetAssets" />
    <link:loc xlink:type="locator" xlink:href="http://disclosure.edinet-fsa.go.jp/taxonomy/jppfs/2019-02-28/jppfs_cor_2019-02-28.xsd#jppfs_cor_Liabilities" xlink:label="Liabilities_2" />
    <link:calculationArc xlink:type="arc" weight="1" xlink:arcrole="http://www.xbrl.org/2003/arcrole/summation-item" xlink:from="LiabilitiesAndNetAssets" xlink:to="Liabilities_2" order="1.0" />
    <link:loc xlink:type="locator" xlink:href="http://disclosure.edinet-fsa.go.jp/taxonomy/jppfs/2019-02-28/jppfs_cor_2019-02-28.xsd#jppfs_cor_Liabilities" xlink:label="Liabilities" />
    <link:loc xlink:type="locator" xlink:href="http://disclosure.edinet-fsa.go.jp/taxonomy/jppfs/2019-02-28/jppfs_cor_2019-02-28.xsd#jppfs_cor_DepositsLiabilitiesBNK" xlink:label="DepositsLiabilitiesBNK" />
    <link:calculationArc xlink:type="arc" weight="1" xlink:arcrole="http://www.xbrl.org/2003/arcrole/summation-item" xlink:from="Liabilities" xlink:to="DepositsLiabilitiesBNK" order="1.0" />
    <link:loc xlink:type="locator" xlink:href="http://disclosure.edinet-fsa.go.jp/taxonomy/jppfs/2019-02-28/jppfs_cor_2019-02-28.xsd#jppfs_cor_BorrowedMoneyLiabilitiesBNK" xlink:label="BorrowedMoneyLiabilitiesBNK" />
    <link:calculationArc xlink:type="arc" weight="1" xlink:arcrole="http://www.xbrl.org/2003/arcrole/summation-item" xlink:from="Liabilities" xlink:to="BorrowedMoneyLiabilitiesBNK" order="8.0" />
    <link:loc xlink:type="locator" xlink:href="http://disclosure.edinet-fsa.go.jp/taxonomy/jppfs/2019-02-28/jppfs_cor_2019-02-28.xsd#jppfs_cor_ForeignExchangesLiabilitiesBNK" xlink:label="ForeignExchangesLiabilitiesBNK" />
    <link:calculationArc xlink:type="arc" weight="1" xlink:arcrole="http://www.xbrl.org/2003/arcrole/summation-item" xlink:from="Liabilities" xlink:to="ForeignExchangesLiabilitiesBNK" order="9.0" />
    <link:loc xlink:type="locator" xlink:href="http://disclosure.edinet-fsa.go.jp/taxonomy/jppfs/2019-02-28/jppfs_cor_2019-02-28.xsd#jppfs_cor_OtherLiabilitiesLiabilitiesBNK" xlink:label="OtherLiabilitiesLiabilitiesBNK_2" />
    <link:calculationArc xlink:type="arc" weight="1" xlink:arcrole="http://www.xbrl.org/2003/arcrole/summation-item" xlink:from="Liabilities" xlink:to="OtherLiabilitiesLiabilitiesBNK_2" order="13.0" />
    <link:loc xlink:type="locator" xlink:href="http://disclosure.edinet-fsa.go.jp/taxonomy/jppfs/2019-02-28/jppfs_cor_2019-02-28.xsd#jppfs_cor_OtherLiabilitiesLiabilitiesBNK" xlink:label="OtherLiabilitiesLiabilitiesBNK" />
    <link:loc xlink:type="locator" xlink:href="http://disclosure.edinet-fsa.go.jp/taxonomy/jppfs/2019-02-28/jppfs_cor_2019-02-28.xsd#jppfs_cor_IncomeTaxesPayable" xlink:label="IncomeTaxesPayable" />
    <link:calculationArc xlink:type="arc" weight="1" xlink:arcrole="http://www.xbrl.org/2003/arcrole/summation-item" xlink:from="OtherLiabilitiesLiabilitiesBNK" xlink:to="IncomeTaxesPayable" order="1.0" />
    <link:loc xlink:type="locator" xlink:href="http://disclosure.edinet-fsa.go.jp/taxonomy/jppfs/2019-02-28/jppfs_cor_2019-02-28.xsd#jppfs_cor_LeaseObligationsLiabilities" xlink:label="LeaseObligationsLiabilities" />
    <link:calculationArc xlink:type="arc" weight="1" xlink:arcrole="http://www.xbrl.org/2003/arcrole/summation-item" xlink:from="OtherLiabilitiesLiabilitiesBNK" xlink:to="LeaseObligationsLiabilities" order="2.0" />
    <link:loc xlink:type="locator" xlink:href="http://disclosure.edinet-fsa.go.jp/taxonomy/jppfs/2019-02-28/jppfs_cor_2019-02-28.xsd#jppfs_cor_OtherOtherLiabilitiesLiabilitiesBNK" xlink:label="OtherOtherLiabilitiesLiabilitiesBNK" />
    <link:calculationArc xlink:type="arc" weight="1" xlink:arcrole="http://www.xbrl.org/2003/arcrole/summation-item" xlink:from="OtherLiabilitiesLiabilitiesBNK" xlink:to="OtherOtherLiabilitiesLiabilitiesBNK" order="4.0" />
    <link:loc xlink:type="locator" xlink:href="http://disclosure.edinet-fsa.go.jp/taxonomy/jppfs/2019-02-28/jppfs_cor_2019-02-28.xsd#jppfs_cor_ProvisionForDirectorsBonuses" xlink:label="ProvisionForDirectorsBonuses" />
    <link:calculationArc xlink:type="arc" weight="1" xlink:arcrole="http://www.xbrl.org/2003/arcrole/summation-item" xlink:from="Liabilities" xlink:to="ProvisionForDirectorsBonuses" order="15.0" />
    <link:loc xlink:type="locator" xlink:href="http://disclosure.edinet-fsa.go.jp/taxonomy/jppfs/2019-02-28/jppfs_cor_2019-02-28.xsd#jppfs_cor_ProvisionForRetirementBenefits" xlink:label="ProvisionForRetirementBenefits" />
    <link:calculationArc xlink:type="arc" weight="1" xlink:arcrole="http://www.xbrl.org/2003/arcrole/summation-item" xlink:from="Liabilities" xlink:to="ProvisionForRetirementBenefits" order="16.0" />
    <link:loc xlink:type="locator" xlink:href="http://disclosure.edinet-fsa.go.jp/taxonomy/jppfs/2019-02-28/jppfs_cor_2019-02-28.xsd#jppfs_cor_ProvisionForDirectorsRetirementBenefits" xlink:label="ProvisionForDirectorsRetirementBenefits" />
    <link:calculationArc xlink:type="arc" weight="1" xlink:arcrole="http://www.xbrl.org/2003/arcrole/summation-item" xlink:from="Liabilities" xlink:to="ProvisionForDirectorsRetirementBenefits" order="17.0" />
    <link:loc xlink:type="locator" xlink:href="http://disclosure.edinet-fsa.go.jp/taxonomy/jppfs/2019-02-28/jppfs_cor_2019-02-28.xsd#jppfs_cor_ProvisionForReimbursementOfDepositsLiabilitiesBNK" xlink:label="ProvisionForReimbursementOfDepositsLiabilitiesBNK" />
    <link:calculationArc xlink:type="arc" weight="1" xlink:arcrole="http://www.xbrl.org/2003/arcrole/summation-item" xlink:from="Liabilities" xlink:to="ProvisionForReimbursementOfDepositsLiabilitiesBNK" order="18.0859375" />
    <link:loc xlink:type="locator" xlink:href="http://disclosure.edinet-fsa.go.jp/taxonomy/jppfs/2019-02-28/jppfs_cor_2019-02-28.xsd#jppfs_cor_ProvisionForContingentLossLiabilitiesBNK" xlink:label="ProvisionForContingentLossLiabilitiesBNK" />
    <link:calculationArc xlink:type="arc" weight="1" xlink:arcrole="http://www.xbrl.org/2003/arcrole/summation-item" xlink:from="Liabilities" xlink:to="ProvisionForContingentLossLiabilitiesBNK" order="19.16796875" />
    <link:loc xlink:type="locator" xlink:href="http://disclosure.edinet-fsa.go.jp/taxonomy/jppfs/2019-02-28/jppfs_cor_2019-02-28.xsd#jppfs_cor_DeferredTaxLiabilities" xlink:label="DeferredTaxLiabilities" />
    <link:calculationArc xlink:type="arc" weight="1" xlink:arcrole="http://www.xbrl.org/2003/arcrole/summation-item" xlink:from="Liabilities" xlink:to="DeferredTaxLiabilities" order="20.25" />
    <link:loc xlink:type="locator" xlink:href="http://disclosure.edinet-fsa.go.jp/taxonomy/jppfs/2019-02-28/jppfs_cor_2019-02-28.xsd#jppfs_cor_DeferredTaxLiabilitiesForLandRevaluation" xlink:label="DeferredTaxLiabilitiesForLandRevaluation" />
    <link:calculationArc xlink:type="arc" weight="1" xlink:arcrole="http://www.xbrl.org/2003/arcrole/summation-item" xlink:from="Liabilities" xlink:to="DeferredTaxLiabilitiesForLandRevaluation" order="21.0" />
    <link:loc xlink:type="locator" xlink:href="http://disclosure.edinet-fsa.go.jp/taxonomy/jppfs/2019-02-28/jppfs_cor_2019-02-28.xsd#jppfs_cor_AcceptancesAndGuaranteesLiabilitiesBNK" xlink:label="AcceptancesAndGuaranteesLiabilitiesBNK" />
    <link:calculationArc xlink:type="arc" weight="1" xlink:arcrole="http://www.xbrl.org/2003/arcrole/summation-item" xlink:from="Liabilities" xlink:to="AcceptancesAndGuaranteesLiabilitiesBNK" order="22.0" />
    <link:loc xlink:type="locator" xlink:href="http://disclosure.edinet-fsa.go.jp/taxonomy/jppfs/2019-02-28/jppfs_cor_2019-02-28.xsd#jppfs_cor_NetAssets" xlink:label="NetAssets_2" />
    <link:calculationArc xlink:type="arc" weight="1" xlink:arcrole="http://www.xbrl.org/2003/arcrole/summation-item" xlink:from="LiabilitiesAndNetAssets" xlink:to="NetAssets_2" order="2.0" />
    <link:loc xlink:type="locator" xlink:href="http://disclosure.edinet-fsa.go.jp/taxonomy/jppfs/2019-02-28/jppfs_cor_2019-02-28.xsd#jppfs_cor_NetAssets" xlink:label="NetAssets" />
    <link:loc xlink:type="locator" xlink:href="http://disclosure.edinet-fsa.go.jp/taxonomy/jppfs/2019-02-28/jppfs_cor_2019-02-28.xsd#jppfs_cor_ShareholdersEquity" xlink:label="ShareholdersEquity_2" />
    <link:calculationArc xlink:type="arc" weight="1" xlink:arcrole="http://www.xbrl.org/2003/arcrole/summation-item" xlink:from="NetAssets" xlink:to="ShareholdersEquity_2" order="1.0" />
    <link:loc xlink:type="locator" xlink:href="http://disclosure.edinet-fsa.go.jp/taxonomy/jppfs/2019-02-28/jppfs_cor_2019-02-28.xsd#jppfs_cor_ShareholdersEquity" xlink:label="ShareholdersEquity" />
    <link:loc xlink:type="locator" xlink:href="http://disclosure.edinet-fsa.go.jp/taxonomy/jppfs/2019-02-28/jppfs_cor_2019-02-28.xsd#jppfs_cor_CapitalStock" xlink:label="CapitalStock" />
    <link:calculationArc xlink:type="arc" weight="1" xlink:arcrole="http://www.xbrl.org/2003/arcrole/summation-item" xlink:from="ShareholdersEquity" xlink:to="CapitalStock" order="1.0" />
    <link:loc xlink:type="locator" xlink:href="http://disclosure.edinet-fsa.go.jp/taxonomy/jppfs/2019-02-28/jppfs_cor_2019-02-28.xsd#jppfs_cor_CapitalSurplus" xlink:label="CapitalSurplus_2" />
    <link:calculationArc xlink:type="arc" weight="1" xlink:arcrole="http://www.xbrl.org/2003/arcrole/summation-item" xlink:from="ShareholdersEquity" xlink:to="CapitalSurplus_2" order="3.0" />
    <link:loc xlink:type="locator" xlink:href="http://disclosure.edinet-fsa.go.jp/taxonomy/jppfs/2019-02-28/jppfs_cor_2019-02-28.xsd#jppfs_cor_CapitalSurplus" xlink:label="CapitalSurplus" />
    <link:loc xlink:type="locator" xlink:href="http://disclosure.edinet-fsa.go.jp/taxonomy/jppfs/2019-02-28/jppfs_cor_2019-02-28.xsd#jppfs_cor_LegalCapitalSurplus" xlink:label="LegalCapitalSurplus" />
    <link:calculationArc xlink:type="arc" weight="1" xlink:arcrole="http://www.xbrl.org/2003/arcrole/summation-item" xlink:from="CapitalSurplus" xlink:to="LegalCapitalSurplus" order="1.0" />
    <link:loc xlink:type="locator" xlink:href="http://disclosure.edinet-fsa.go.jp/taxonomy/jppfs/2019-02-28/jppfs_cor_2019-02-28.xsd#jppfs_cor_OtherCapitalSurplus" xlink:label="OtherCapitalSurplus" />
    <link:calculationArc xlink:type="arc" weight="1" xlink:arcrole="http://www.xbrl.org/2003/arcrole/summation-item" xlink:from="CapitalSurplus" xlink:to="OtherCapitalSurplus" order="2.0" />
    <link:loc xlink:type="locator" xlink:href="http://disclosure.edinet-fsa.go.jp/taxonomy/jppfs/2019-02-28/jppfs_cor_2019-02-28.xsd#jppfs_cor_RetainedEarnings" xlink:label="RetainedEarnings_2" />
    <link:calculationArc xlink:type="arc" weight="1" xlink:arcrole="http://www.xbrl.org/2003/arcrole/summation-item" xlink:from="ShareholdersEquity" xlink:to="RetainedEarnings_2" order="4.0" />
    <link:loc xlink:type="locator" xlink:href="http://disclosure.edinet-fsa.go.jp/taxonomy/jppfs/2019-02-28/jppfs_cor_2019-02-28.xsd#jppfs_cor_RetainedEarnings" xlink:label="RetainedEarnings" />
    <link:loc xlink:type="locator" xlink:href="http://disclosure.edinet-fsa.go.jp/taxonomy/jppfs/2019-02-28/jppfs_cor_2019-02-28.xsd#jppfs_cor_LegalRetainedEarnings" xlink:label="LegalRetainedEarnings" />
    <link:calculationArc xlink:type="arc" weight="1" xlink:arcrole="http://www.xbrl.org/2003/arcrole/summation-item" xlink:from="RetainedEarnings" xlink:to="LegalRetainedEarnings" order="1.0" />
    <link:loc xlink:type="locator" xlink:href="http://disclosure.edinet-fsa.go.jp/taxonomy/jppfs/2019-02-28/jppfs_cor_2019-02-28.xsd#jppfs_cor_OtherRetainedEarnings" xlink:label="OtherRetainedEarnings_2" />
    <link:calculationArc xlink:type="arc" weight="1" xlink:arcrole="http://www.xbrl.org/2003/arcrole/summation-item" xlink:from="RetainedEarnings" xlink:to="OtherRetainedEarnings_2" order="2.0" />
    <link:loc xlink:type="locator" xlink:href="http://disclosure.edinet-fsa.go.jp/taxonomy/jppfs/2019-02-28/jppfs_cor_2019-02-28.xsd#jppfs_cor_OtherRetainedEarnings" xlink:label="OtherRetainedEarnings" />
    <link:loc xlink:type="locator" xlink:href="http://disclosure.edinet-fsa.go.jp/taxonomy/jppfs/2019-02-28/jppfs_cor_2019-02-28.xsd#jppfs_cor_RetainedEarningsBroughtForward" xlink:label="RetainedEarningsBroughtForward" />
    <link:calculationArc xlink:type="arc" weight="1" xlink:arcrole="http://www.xbrl.org/2003/arcrole/summation-item" xlink:from="OtherRetainedEarnings" xlink:to="RetainedEarningsBroughtForward" order="1.0" />
    <link:loc xlink:type="locator" xlink:href="http://disclosure.edinet-fsa.go.jp/taxonomy/jppfs/2019-02-28/jppfs_cor_2019-02-28.xsd#jppfs_cor_GeneralReserve" xlink:label="GeneralReserve" />
    <link:calculationArc xlink:type="arc" weight="1" xlink:arcrole="http://www.xbrl.org/2003/arcrole/summation-item" xlink:from="OtherRetainedEarnings" xlink:to="GeneralReserve" order="2.0" />
    <link:loc xlink:type="locator" xlink:href="http://disclosure.edinet-fsa.go.jp/taxonomy/jppfs/2019-02-28/jppfs_cor_2019-02-28.xsd#jppfs_cor_ValuationAndTranslationAdjustments" xlink:label="ValuationAndTranslationAdjustments_2" />
    <link:calculationArc xlink:type="arc" weight="1" xlink:arcrole="http://www.xbrl.org/2003/arcrole/summation-item" xlink:from="NetAssets" xlink:to="ValuationAndTranslationAdjustments_2" order="2.0" />
    <link:loc xlink:type="locator" xlink:href="http://disclosure.edinet-fsa.go.jp/taxonomy/jppfs/2019-02-28/jppfs_cor_2019-02-28.xsd#jppfs_cor_ValuationAndTranslationAdjustments" xlink:label="ValuationAndTranslationAdjustments" />
    <link:loc xlink:type="locator" xlink:href="http://disclosure.edinet-fsa.go.jp/taxonomy/jppfs/2019-02-28/jppfs_cor_2019-02-28.xsd#jppfs_cor_ValuationDifferenceOnAvailableForSaleSecurities" xlink:label="ValuationDifferenceOnAvailableForSaleSecurities" />
    <link:calculationArc xlink:type="arc" weight="1" xlink:arcrole="http://www.xbrl.org/2003/arcrole/summation-item" xlink:from="ValuationAndTranslationAdjustments" xlink:to="ValuationDifferenceOnAvailableForSaleSecurities" order="1.0" />
    <link:loc xlink:type="locator" xlink:href="http://disclosure.edinet-fsa.go.jp/taxonomy/jppfs/2019-02-28/jppfs_cor_2019-02-28.xsd#jppfs_cor_DeferredGainsOrLossesOnHedges" xlink:label="DeferredGainsOrLossesOnHedges" />
    <link:calculationArc xlink:type="arc" weight="1" xlink:arcrole="http://www.xbrl.org/2003/arcrole/summation-item" xlink:from="ValuationAndTranslationAdjustments" xlink:to="DeferredGainsOrLossesOnHedges" order="2.0" />
    <link:loc xlink:type="locator" xlink:href="http://disclosure.edinet-fsa.go.jp/taxonomy/jppfs/2019-02-28/jppfs_cor_2019-02-28.xsd#jppfs_cor_RevaluationReserveForLand" xlink:label="RevaluationReserveForLand" />
    <link:calculationArc xlink:type="arc" weight="1" xlink:arcrole="http://www.xbrl.org/2003/arcrole/summation-item" xlink:from="ValuationAndTranslationAdjustments" xlink:to="RevaluationReserveForLand" order="3.0" />
  </link:calculationLink>
  <link:calculationLink xlink:type="extended" xlink:role="http://disclosure.edinet-fsa.go.jp/role/jppfs/rol_SemiAnnualStatementOfIncome">
    <link:loc xlink:type="locator" xlink:href="http://disclosure.edinet-fsa.go.jp/taxonomy/jppfs/2019-02-28/jppfs_cor_2019-02-28.xsd#jppfs_cor_ProfitLoss" xlink:label="ProfitLoss" />
    <link:loc xlink:type="locator" xlink:href="http://disclosure.edinet-fsa.go.jp/taxonomy/jppfs/2019-02-28/jppfs_cor_2019-02-28.xsd#jppfs_cor_IncomeBeforeIncomeTaxes" xlink:label="IncomeBeforeIncomeTaxes_2" />
    <link:calculationArc xlink:type="arc" weight="1" xlink:arcrole="http://www.xbrl.org/2003/arcrole/summation-item" xlink:from="ProfitLoss" xlink:to="IncomeBeforeIncomeTaxes_2" order="1.0" />
    <link:loc xlink:type="locator" xlink:href="http://disclosure.edinet-fsa.go.jp/taxonomy/jppfs/2019-02-28/jppfs_cor_2019-02-28.xsd#jppfs_cor_IncomeBeforeIncomeTaxes" xlink:label="IncomeBeforeIncomeTaxes" />
    <link:loc xlink:type="locator" xlink:href="http://disclosure.edinet-fsa.go.jp/taxonomy/jppfs/2019-02-28/jppfs_cor_2019-02-28.xsd#jppfs_cor_OrdinaryIncome" xlink:label="OrdinaryIncome_2" />
    <link:calculationArc xlink:type="arc" weight="1" xlink:arcrole="http://www.xbrl.org/2003/arcrole/summation-item" xlink:from="IncomeBeforeIncomeTaxes" xlink:to="OrdinaryIncome_2" order="1.0" />
    <link:loc xlink:type="locator" xlink:href="http://disclosure.edinet-fsa.go.jp/taxonomy/jppfs/2019-02-28/jppfs_cor_2019-02-28.xsd#jppfs_cor_OrdinaryIncome" xlink:label="OrdinaryIncome" />
    <link:loc xlink:type="locator" xlink:href="http://disclosure.edinet-fsa.go.jp/taxonomy/jppfs/2019-02-28/jppfs_cor_2019-02-28.xsd#jppfs_cor_OrdinaryIncomeBNK" xlink:label="OrdinaryIncomeBNK_2" />
    <link:calculationArc xlink:type="arc" weight="1" xlink:arcrole="http://www.xbrl.org/2003/arcrole/summation-item" xlink:from="OrdinaryIncome" xlink:to="OrdinaryIncomeBNK_2" order="1.0" />
    <link:loc xlink:type="locator" xlink:href="http://disclosure.edinet-fsa.go.jp/taxonomy/jppfs/2019-02-28/jppfs_cor_2019-02-28.xsd#jppfs_cor_OrdinaryIncomeBNK" xlink:label="OrdinaryIncomeBNK" />
    <link:loc xlink:type="locator" xlink:href="http://disclosure.edinet-fsa.go.jp/taxonomy/jppfs/2019-02-28/jppfs_cor_2019-02-28.xsd#jppfs_cor_InterestIncomeOIBNK" xlink:label="InterestIncomeOIBNK" />
    <link:calculationArc xlink:type="arc" weight="1" xlink:arcrole="http://www.xbrl.org/2003/arcrole/summation-item" xlink:from="OrdinaryIncomeBNK" xlink:to="InterestIncomeOIBNK" order="1.0" />
    <link:loc xlink:type="locator" xlink:href="http://disclosure.edinet-fsa.go.jp/taxonomy/jppfs/2019-02-28/jppfs_cor_2019-02-28.xsd#jppfs_cor_FeesAndCommissionsOIBNK" xlink:label="FeesAndCommissionsOIBNK" />
    <link:calculationArc xlink:type="arc" weight="1" xlink:arcrole="http://www.xbrl.org/2003/arcrole/summation-item" xlink:from="OrdinaryIncomeBNK" xlink:to="FeesAndCommissionsOIBNK" order="2.0" />
    <link:loc xlink:type="locator" xlink:href="http://disclosure.edinet-fsa.go.jp/taxonomy/jppfs/2019-02-28/jppfs_cor_2019-02-28.xsd#jppfs_cor_OtherOrdinaryIncomeOIBNK" xlink:label="OtherOrdinaryIncomeOIBNK" />
    <link:calculationArc xlink:type="arc" weight="1" xlink:arcrole="http://www.xbrl.org/2003/arcrole/summation-item" xlink:from="OrdinaryIncomeBNK" xlink:to="OtherOrdinaryIncomeOIBNK" order="3.0" />
    <link:loc xlink:type="locator" xlink:href="http://disclosure.edinet-fsa.go.jp/taxonomy/jppfs/2019-02-28/jppfs_cor_2019-02-28.xsd#jppfs_cor_OtherIncomeOIBNK" xlink:label="OtherIncomeOIBNK" />
    <link:calculationArc xlink:type="arc" weight="1" xlink:arcrole="http://www.xbrl.org/2003/arcrole/summation-item" xlink:from="OrdinaryIncomeBNK" xlink:to="OtherIncomeOIBNK" order="4.0" />
    <link:loc xlink:type="locator" xlink:href="http://disclosure.edinet-fsa.go.jp/taxonomy/jppfs/2019-02-28/jppfs_cor_2019-02-28.xsd#jppfs_cor_OrdinaryExpensesBNK" xlink:label="OrdinaryExpensesBNK_2" />
    <link:calculationArc xlink:type="arc" weight="-1" xlink:arcrole="http://www.xbrl.org/2003/arcrole/summation-item" xlink:from="OrdinaryIncome" xlink:to="OrdinaryExpensesBNK_2" order="2.0" />
    <link:loc xlink:type="locator" xlink:href="http://disclosure.edinet-fsa.go.jp/taxonomy/jppfs/2019-02-28/jppfs_cor_2019-02-28.xsd#jppfs_cor_OrdinaryExpensesBNK" xlink:label="OrdinaryExpensesBNK" />
    <link:loc xlink:type="locator" xlink:href="http://disclosure.edinet-fsa.go.jp/taxonomy/jppfs/2019-02-28/jppfs_cor_2019-02-28.xsd#jppfs_cor_InterestExpensesOEBNK" xlink:label="InterestExpensesOEBNK" />
    <link:calculationArc xlink:type="arc" weight="1" xlink:arcrole="http://www.xbrl.org/2003/arcrole/summation-item" xlink:from="OrdinaryExpensesBNK" xlink:to="InterestExpensesOEBNK" order="1.0" />
    <link:loc xlink:type="locator" xlink:href="http://disclosure.edinet-fsa.go.jp/taxonomy/jppfs/2019-02-28/jppfs_cor_2019-02-28.xsd#jppfs_cor_FeesAndCommissionsPaymentsOEBNK" xlink:label="FeesAndCommissionsPaymentsOEBNK" />
    <link:calculationArc xlink:type="arc" weight="1" xlink:arcrole="http://www.xbrl.org/2003/arcrole/summation-item" xlink:from="OrdinaryExpensesBNK" xlink:to="FeesAndCommissionsPaymentsOEBNK" order="2.0" />
    <link:loc xlink:type="locator" xlink:href="http://disclosure.edinet-fsa.go.jp/taxonomy/jppfs/2019-02-28/jppfs_cor_2019-02-28.xsd#jppfs_cor_OtherOrdinaryExpensesOEBNK" xlink:label="OtherOrdinaryExpensesOEBNK" />
    <link:calculationArc xlink:type="arc" weight="1" xlink:arcrole="http://www.xbrl.org/2003/arcrole/summation-item" xlink:from="OrdinaryExpensesBNK" xlink:to="OtherOrdinaryExpensesOEBNK" order="3.0" />
    <link:loc xlink:type="locator" xlink:href="http://disclosure.edinet-fsa.go.jp/taxonomy/jppfs/2019-02-28/jppfs_cor_2019-02-28.xsd#jppfs_cor_GeneralAndAdministrativeExpensesOEBNK" xlink:label="GeneralAndAdministrativeExpensesOEBNK" />
    <link:calculationArc xlink:type="arc" weight="1" xlink:arcrole="http://www.xbrl.org/2003/arcrole/summation-item" xlink:from="OrdinaryExpensesBNK" xlink:to="GeneralAndAdministrativeExpensesOEBNK" order="4.0" />
    <link:loc xlink:type="locator" xlink:href="http://disclosure.edinet-fsa.go.jp/taxonomy/jppfs/2019-02-28/jppfs_cor_2019-02-28.xsd#jppfs_cor_OtherExpensesOEBNK" xlink:label="OtherExpensesOEBNK" />
    <link:calculationArc xlink:type="arc" weight="1" xlink:arcrole="http://www.xbrl.org/2003/arcrole/summation-item" xlink:from="OrdinaryExpensesBNK" xlink:to="OtherExpensesOEBNK" order="5.0" />
    <link:loc xlink:type="locator" xlink:href="http://disclosure.edinet-fsa.go.jp/taxonomy/jppfs/2019-02-28/jppfs_cor_2019-02-28.xsd#jppfs_cor_ExtraordinaryLoss" xlink:label="ExtraordinaryLoss_2" />
    <link:calculationArc xlink:type="arc" weight="-1" xlink:arcrole="http://www.xbrl.org/2003/arcrole/summation-item" xlink:from="IncomeBeforeIncomeTaxes" xlink:to="ExtraordinaryLoss_2" order="2.0" />
    <link:loc xlink:type="locator" xlink:href="http://disclosure.edinet-fsa.go.jp/taxonomy/jppfs/2019-02-28/jppfs_cor_2019-02-28.xsd#jppfs_cor_ExtraordinaryLoss" xlink:label="ExtraordinaryLoss" />
    <link:loc xlink:type="locator" xlink:href="http://disclosure.edinet-fsa.go.jp/taxonomy/jppfs/2019-02-28/jppfs_cor_2019-02-28.xsd#jppfs_cor_LossOnDisposalOfNoncurrentAssetsEL" xlink:label="LossOnDisposalOfNoncurrentAssetsEL" />
    <link:calculationArc xlink:type="arc" weight="1" xlink:arcrole="http://www.xbrl.org/2003/arcrole/summation-item" xlink:from="ExtraordinaryLoss" xlink:to="LossOnDisposalOfNoncurrentAssetsEL" order="1.0" />
    <link:loc xlink:type="locator" xlink:href="http://disclosure.edinet-fsa.go.jp/taxonomy/jppfs/2019-02-28/jppfs_cor_2019-02-28.xsd#jppfs_cor_ImpairmentLossEL" xlink:label="ImpairmentLossEL" />
    <link:calculationArc xlink:type="arc" weight="1" xlink:arcrole="http://www.xbrl.org/2003/arcrole/summation-item" xlink:from="ExtraordinaryLoss" xlink:to="ImpairmentLossEL" order="2.0" />
    <link:loc xlink:type="locator" xlink:href="http://disclosure.edinet-fsa.go.jp/taxonomy/jppfs/2019-02-28/jppfs_cor_2019-02-28.xsd#jppfs_cor_OtherEL" xlink:label="OtherEL" />
    <link:calculationArc xlink:type="arc" weight="1" xlink:arcrole="http://www.xbrl.org/2003/arcrole/summation-item" xlink:from="ExtraordinaryLoss" xlink:to="OtherEL" order="3.0" />
    <link:loc xlink:type="locator" xlink:href="http://disclosure.edinet-fsa.go.jp/taxonomy/jppfs/2019-02-28/jppfs_cor_2019-02-28.xsd#jppfs_cor_IncomeTaxes" xlink:label="IncomeTaxes_2" />
    <link:calculationArc xlink:type="arc" weight="-1" xlink:arcrole="http://www.xbrl.org/2003/arcrole/summation-item" xlink:from="ProfitLoss" xlink:to="IncomeTaxes_2" order="2.0" />
    <link:loc xlink:type="locator" xlink:href="http://disclosure.edinet-fsa.go.jp/taxonomy/jppfs/2019-02-28/jppfs_cor_2019-02-28.xsd#jppfs_cor_IncomeTaxes" xlink:label="IncomeTaxes" />
    <link:loc xlink:type="locator" xlink:href="http://disclosure.edinet-fsa.go.jp/taxonomy/jppfs/2019-02-28/jppfs_cor_2019-02-28.xsd#jppfs_cor_IncomeTaxesCurrent" xlink:label="IncomeTaxesCurrent" />
    <link:calculationArc xlink:type="arc" weight="1" xlink:arcrole="http://www.xbrl.org/2003/arcrole/summation-item" xlink:from="IncomeTaxes" xlink:to="IncomeTaxesCurrent" order="1.0" />
    <link:loc xlink:type="locator" xlink:href="http://disclosure.edinet-fsa.go.jp/taxonomy/jppfs/2019-02-28/jppfs_cor_2019-02-28.xsd#jppfs_cor_IncomeTaxesDeferred" xlink:label="IncomeTaxesDeferred" />
    <link:calculationArc xlink:type="arc" weight="1" xlink:arcrole="http://www.xbrl.org/2003/arcrole/summation-item" xlink:from="IncomeTaxes" xlink:to="IncomeTaxesDeferred" order="2.0" />
  </link:calculationLink>
  <link:calculationLink xlink:type="extended" xlink:role="http://disclosure.edinet-fsa.go.jp/role/jppfs/rol_SemiAnnualStatementOfChangesInEquity">
    <link:loc xlink:type="locator" xlink:href="http://disclosure.edinet-fsa.go.jp/taxonomy/jppfs/2019-02-28/jppfs_cor_2019-02-28.xsd#jppfs_cor_TotalChangesOfItemsDuringThePeriod" xlink:label="TotalChangesOfItemsDuringThePeriod" />
    <link:loc xlink:type="locator" xlink:href="http://disclosure.edinet-fsa.go.jp/taxonomy/jppfs/2019-02-28/jppfs_cor_2019-02-28.xsd#jppfs_cor_DividendsFromSurplus" xlink:label="DividendsFromSurplus" />
    <link:calculationArc xlink:type="arc" weight="1" xlink:arcrole="http://www.xbrl.org/2003/arcrole/summation-item" xlink:from="TotalChangesOfItemsDuringThePeriod" xlink:to="DividendsFromSurplus" order="1.0" />
    <link:loc xlink:type="locator" xlink:href="http://disclosure.edinet-fsa.go.jp/taxonomy/jppfs/2019-02-28/jppfs_cor_2019-02-28.xsd#jppfs_cor_ProfitLoss" xlink:label="ProfitLoss" />
    <link:calculationArc xlink:type="arc" weight="1" xlink:arcrole="http://www.xbrl.org/2003/arcrole/summation-item" xlink:from="TotalChangesOfItemsDuringThePeriod" xlink:to="ProfitLoss" order="2.0" />
    <link:loc xlink:type="locator" xlink:href="http://disclosure.edinet-fsa.go.jp/taxonomy/jppfs/2019-02-28/jppfs_cor_2019-02-28.xsd#jppfs_cor_PurchaseOfTreasuryStock" xlink:label="PurchaseOfTreasuryStock" />
    <link:calculationArc xlink:type="arc" weight="1" xlink:arcrole="http://www.xbrl.org/2003/arcrole/summation-item" xlink:from="TotalChangesOfItemsDuringThePeriod" xlink:to="PurchaseOfTreasuryStock" order="3.0" />
    <link:loc xlink:type="locator" xlink:href="http://disclosure.edinet-fsa.go.jp/taxonomy/jppfs/2019-02-28/jppfs_cor_2019-02-28.xsd#jppfs_cor_DisposalOfTreasuryStock" xlink:label="DisposalOfTreasuryStock" />
    <link:calculationArc xlink:type="arc" weight="1" xlink:arcrole="http://www.xbrl.org/2003/arcrole/summation-item" xlink:from="TotalChangesOfItemsDuringThePeriod" xlink:to="DisposalOfTreasuryStock" order="4.0" />
    <link:loc xlink:type="locator" xlink:href="http://disclosure.edinet-fsa.go.jp/taxonomy/jppfs/2019-02-28/jppfs_cor_2019-02-28.xsd#jppfs_cor_NetChangesOfItemsOtherThanShareholdersEquity" xlink:label="NetChangesOfItemsOtherThanShareholdersEquity" />
    <link:calculationArc xlink:type="arc" weight="1" xlink:arcrole="http://www.xbrl.org/2003/arcrole/summation-item" xlink:from="TotalChangesOfItemsDuringThePeriod" xlink:to="NetChangesOfItemsOtherThanShareholdersEquity" order="5.0" />
    <link:loc xlink:type="locator" xlink:href="http://disclosure.edinet-fsa.go.jp/taxonomy/jppfs/2019-02-28/jppfs_cor_2019-02-28.xsd#jppfs_cor_ProvisionOfGeneralReserve" xlink:label="ProvisionOfGeneralReserve" />
    <link:calculationArc xlink:type="arc" weight="1" xlink:arcrole="http://www.xbrl.org/2003/arcrole/summation-item" xlink:from="TotalChangesOfItemsDuringThePeriod" xlink:to="ProvisionOfGeneralReserve" order="6.0" />
  </link:calculationLink>
  <link:calculationLink xlink:type="extended" xlink:role="http://disclosure.edinet-fsa.go.jp/role/jppfs/rol_SemiAnnualConsolidatedStatementOfCashFlows-indirect">
    <link:loc xlink:type="locator" xlink:href="http://disclosure.edinet-fsa.go.jp/taxonomy/jppfs/2019-02-28/jppfs_cor_2019-02-28.xsd#jppfs_cor_NetIncreaseDecreaseInCashAndCashEquivalents" xlink:label="NetIncreaseDecreaseInCashAndCashEquivalents" />
    <link:loc xlink:type="locator" xlink:href="http://disclosure.edinet-fsa.go.jp/taxonomy/jppfs/2019-02-28/jppfs_cor_2019-02-28.xsd#jppfs_cor_NetCashProvidedByUsedInOperatingActivities" xlink:label="NetCashProvidedByUsedInOperatingActivities_2" />
    <link:calculationArc xlink:type="arc" weight="1" xlink:arcrole="http://www.xbrl.org/2003/arcrole/summation-item" xlink:from="NetIncreaseDecreaseInCashAndCashEquivalents" xlink:to="NetCashProvidedByUsedInOperatingActivities_2" order="1.0" />
    <link:loc xlink:type="locator" xlink:href="http://disclosure.edinet-fsa.go.jp/taxonomy/jppfs/2019-02-28/jppfs_cor_2019-02-28.xsd#jppfs_cor_NetCashProvidedByUsedInOperatingActivities" xlink:label="NetCashProvidedByUsedInOperatingActivities" />
    <link:loc xlink:type="locator" xlink:href="http://disclosure.edinet-fsa.go.jp/taxonomy/jppfs/2019-02-28/jppfs_cor_2019-02-28.xsd#jppfs_cor_SubtotalOpeCF" xlink:label="SubtotalOpeCF_2" />
    <link:calculationArc xlink:type="arc" weight="1" xlink:arcrole="http://www.xbrl.org/2003/arcrole/summation-item" xlink:from="NetCashProvidedByUsedInOperatingActivities" xlink:to="SubtotalOpeCF_2" order="1.0" />
    <link:loc xlink:type="locator" xlink:href="http://disclosure.edinet-fsa.go.jp/taxonomy/jppfs/2019-02-28/jppfs_cor_2019-02-28.xsd#jppfs_cor_SubtotalOpeCF" xlink:label="SubtotalOpeCF" />
    <link:loc xlink:type="locator" xlink:href="http://disclosure.edinet-fsa.go.jp/taxonomy/jppfs/2019-02-28/jppfs_cor_2019-02-28.xsd#jppfs_cor_IncomeBeforeIncomeTaxes" xlink:label="IncomeBeforeIncomeTaxes" />
    <link:calculationArc xlink:type="arc" weight="1" xlink:arcrole="http://www.xbrl.org/2003/arcrole/summation-item" xlink:from="SubtotalOpeCF" xlink:to="IncomeBeforeIncomeTaxes" order="1.0" />
    <link:loc xlink:type="locator" xlink:href="http://disclosure.edinet-fsa.go.jp/taxonomy/jppfs/2019-02-28/jppfs_cor_2019-02-28.xsd#jppfs_cor_DepreciationAndAmortizationOpeCF" xlink:label="DepreciationAndAmortizationOpeCF" />
    <link:calculationArc xlink:type="arc" weight="1" xlink:arcrole="http://www.xbrl.org/2003/arcrole/summation-item" xlink:from="SubtotalOpeCF" xlink:to="DepreciationAndAmortizationOpeCF" order="2.0" />
    <link:loc xlink:type="locator" xlink:href="http://disclosure.edinet-fsa.go.jp/taxonomy/jppfs/2019-02-28/jppfs_cor_2019-02-28.xsd#jppfs_cor_ImpairmentLossOpeCF" xlink:label="ImpairmentLossOpeCF" />
    <link:calculationArc xlink:type="arc" weight="1" xlink:arcrole="http://www.xbrl.org/2003/arcrole/summation-item" xlink:from="SubtotalOpeCF" xlink:to="ImpairmentLossOpeCF" order="3.0" />
    <link:loc xlink:type="locator" xlink:href="http://disclosure.edinet-fsa.go.jp/taxonomy/jppfs/2019-02-28/jppfs_cor_2019-02-28.xsd#jppfs_cor_IncreaseDecreaseInAllowanceForLoanLossesOpeCFBNK" xlink:label="IncreaseDecreaseInAllowanceForLoanLossesOpeCFBNK" />
    <link:calculationArc xlink:type="arc" weight="1" xlink:arcrole="http://www.xbrl.org/2003/arcrole/summation-item" xlink:from="SubtotalOpeCF" xlink:to="IncreaseDecreaseInAllowanceForLoanLossesOpeCFBNK" order="4.0" />
    <link:loc xlink:type="locator" xlink:href="http://disclosure.edinet-fsa.go.jp/taxonomy/jppfs/2019-02-28/jppfs_cor_2019-02-28.xsd#jppfs_cor_IncreaseDecreaseInProvisionForReimbursementOfDepositsOpeCFBNK" xlink:label="IncreaseDecreaseInProvisionForReimbursementOfDepositsOpeCFBNK" />
    <link:calculationArc xlink:type="arc" weight="1" xlink:arcrole="http://www.xbrl.org/2003/arcrole/summation-item" xlink:from="SubtotalOpeCF" xlink:to="IncreaseDecreaseInProvisionForReimbursementOfDepositsOpeCFBNK" order="5.0" />
    <link:loc xlink:type="locator" xlink:href="http://disclosure.edinet-fsa.go.jp/taxonomy/jppfs/2019-02-28/jppfs_cor_2019-02-28.xsd#jppfs_cor_IncreaseDecreaseInProvisionForContingentLossOpeCFBNK" xlink:label="IncreaseDecreaseInProvisionForContingentLossOpeCFBNK" />
    <link:calculationArc xlink:type="arc" weight="1" xlink:arcrole="http://www.xbrl.org/2003/arcrole/summation-item" xlink:from="SubtotalOpeCF" xlink:to="IncreaseDecreaseInProvisionForContingentLossOpeCFBNK" order="6.0" />
    <link:loc xlink:type="locator" xlink:href="http://disclosure.edinet-fsa.go.jp/taxonomy/jppfs/2019-02-28/jppfs_cor_2019-02-28.xsd#jppfs_cor_GainOnFundManagementOpeCFBNK" xlink:label="GainOnFundManagementOpeCFBNK" />
    <link:calculationArc xlink:type="arc" weight="1" xlink:arcrole="http://www.xbrl.org/2003/arcrole/summation-item" xlink:from="SubtotalOpeCF" xlink:to="GainOnFundManagementOpeCFBNK" order="7.0" />
    <link:loc xlink:type="locator" xlink:href="http://disclosure.edinet-fsa.go.jp/taxonomy/jppfs/2019-02-28/jppfs_cor_2019-02-28.xsd#jppfs_cor_FinancingExpensesOpeCFBNK" xlink:label="FinancingExpensesOpeCFBNK" />
    <link:calculationArc xlink:type="arc" weight="1" xlink:arcrole="http://www.xbrl.org/2003/arcrole/summation-item" xlink:from="SubtotalOpeCF" xlink:to="FinancingExpensesOpeCFBNK" order="8.0" />
    <link:loc xlink:type="locator" xlink:href="http://disclosure.edinet-fsa.go.jp/taxonomy/jppfs/2019-02-28/jppfs_cor_2019-02-28.xsd#jppfs_cor_LossGainRelatedToSecuritiesOpeCFBNK" xlink:label="LossGainRelatedToSecuritiesOpeCFBNK" />
    <link:calculationArc xlink:type="arc" weight="1" xlink:arcrole="http://www.xbrl.org/2003/arcrole/summation-item" xlink:from="SubtotalOpeCF" xlink:to="LossGainRelatedToSecuritiesOpeCFBNK" order="9.0" />
    <link:loc xlink:type="locator" xlink:href="http://disclosure.edinet-fsa.go.jp/taxonomy/jppfs/2019-02-28/jppfs_cor_2019-02-28.xsd#jppfs_cor_NetDecreaseIncreaseInLoansAndBillsDiscountedOpeCFBNK" xlink:label="NetDecreaseIncreaseInLoansAndBillsDiscountedOpeCFBNK" />
    <link:calculationArc xlink:type="arc" weight="1" xlink:arcrole="http://www.xbrl.org/2003/arcrole/summation-item" xlink:from="SubtotalOpeCF" xlink:to="NetDecreaseIncreaseInLoansAndBillsDiscountedOpeCFBNK" order="10.0" />
    <link:loc xlink:type="locator" xlink:href="http://disclosure.edinet-fsa.go.jp/taxonomy/jppfs/2019-02-28/jppfs_cor_2019-02-28.xsd#jppfs_cor_NetIncreaseDecreaseInDepositOpeCFBNK" xlink:label="NetIncreaseDecreaseInDepositOpeCFBNK" />
    <link:calculationArc xlink:type="arc" weight="1" xlink:arcrole="http://www.xbrl.org/2003/arcrole/summation-item" xlink:from="SubtotalOpeCF" xlink:to="NetIncreaseDecreaseInDepositOpeCFBNK" order="11.0" />
    <link:loc xlink:type="locator" xlink:href="http://disclosure.edinet-fsa.go.jp/taxonomy/jppfs/2019-02-28/jppfs_cor_2019-02-28.xsd#jppfs_cor_NetDecreaseIncreaseInLeaseReceivablesAndInvestmentAssetsOpeCFBNK" xlink:label="NetDecreaseIncreaseInLeaseReceivablesAndInvestmentAssetsOpeCFBNK" />
    <link:calculationArc xlink:type="arc" weight="1" xlink:arcrole="http://www.xbrl.org/2003/arcrole/summation-item" xlink:from="SubtotalOpeCF" xlink:to="NetDecreaseIncreaseInLeaseReceivablesAndInvestmentAssetsOpeCFBNK" order="12.0" />
    <link:loc xlink:type="locator" xlink:href="http://disclosure.edinet-fsa.go.jp/taxonomy/jppfs/2019-02-28/jppfs_cor_2019-02-28.xsd#jppfs_cor_ProceedsFromFundManagementOpeCFBNK" xlink:label="ProceedsFromFundManagementOpeCFBNK" />
    <link:calculationArc xlink:type="arc" weight="1" xlink:arcrole="http://www.xbrl.org/2003/arcrole/summation-item" xlink:from="SubtotalOpeCF" xlink:to="ProceedsFromFundManagementOpeCFBNK" order="13.0" />
    <link:loc xlink:type="locator" xlink:href="http://disclosure.edinet-fsa.go.jp/taxonomy/jppfs/2019-02-28/jppfs_cor_2019-02-28.xsd#jppfs_cor_PaymentsForFinanceOpeCFBNK" xlink:label="PaymentsForFinanceOpeCFBNK" />
    <link:calculationArc xlink:type="arc" weight="1" xlink:arcrole="http://www.xbrl.org/2003/arcrole/summation-item" xlink:from="SubtotalOpeCF" xlink:to="PaymentsForFinanceOpeCFBNK" order="14.0" />
    <link:loc xlink:type="locator" xlink:href="http://disclosure.edinet-fsa.go.jp/taxonomy/jppfs/2019-02-28/jppfs_cor_2019-02-28.xsd#jppfs_cor_IncreaseDecreaseInProvisionForDirectorsBonusesOpeCF" xlink:label="IncreaseDecreaseInProvisionForDirectorsBonusesOpeCF" />
    <link:calculationArc xlink:type="arc" weight="1" xlink:arcrole="http://www.xbrl.org/2003/arcrole/summation-item" xlink:from="SubtotalOpeCF" xlink:to="IncreaseDecreaseInProvisionForDirectorsBonusesOpeCF" order="15.26220703125" />
    <link:loc xlink:type="locator" xlink:href="http://disclosure.edinet-fsa.go.jp/taxonomy/jppfs/2019-02-28/jppfs_cor_2019-02-28.xsd#jppfs_cor_IncreaseDecreaseInNetDefinedBenefitLiabilityOpeCF" xlink:label="IncreaseDecreaseInNetDefinedBenefitLiabilityOpeCF" />
    <link:calculationArc xlink:type="arc" weight="1" xlink:arcrole="http://www.xbrl.org/2003/arcrole/summation-item" xlink:from="SubtotalOpeCF" xlink:to="IncreaseDecreaseInNetDefinedBenefitLiabilityOpeCF" order="16.47851562500" />
    <link:loc xlink:type="locator" xlink:href="http://disclosure.edinet-fsa.go.jp/taxonomy/jppfs/2019-02-28/jppfs_cor_2019-02-28.xsd#jppfs_cor_IncreaseDecreaseInProvisionForDirectorsRetirementBenefitsOpeCF" xlink:label="IncreaseDecreaseInProvisionForDirectorsRetirementBenefitsOpeCF" />
    <link:calculationArc xlink:type="arc" weight="1" xlink:arcrole="http://www.xbrl.org/2003/arcrole/summation-item" xlink:from="SubtotalOpeCF" xlink:to="IncreaseDecreaseInProvisionForDirectorsRetirementBenefitsOpeCF" order="17.644775390625" />
    <link:loc xlink:type="locator" xlink:href="http://disclosure.edinet-fsa.go.jp/taxonomy/jppfs/2019-02-28/jppfs_cor_2019-02-28.xsd#jppfs_cor_ForeignExchangeLossesGainsOpeCF" xlink:label="ForeignExchangeLossesGainsOpeCF" />
    <link:calculationArc xlink:type="arc" weight="1" xlink:arcrole="http://www.xbrl.org/2003/arcrole/summation-item" xlink:from="SubtotalOpeCF" xlink:to="ForeignExchangeLossesGainsOpeCF" order="18.76556396484375" />
    <link:loc xlink:type="locator" xlink:href="http://disclosure.edinet-fsa.go.jp/taxonomy/jppfs/2019-02-28/jppfs_cor_2019-02-28.xsd#jppfs_cor_LossGainOnDisposalOfNoncurrentAssetsOpeCF" xlink:label="LossGainOnDisposalOfNoncurrentAssetsOpeCF" />
    <link:calculationArc xlink:type="arc" weight="1" xlink:arcrole="http://www.xbrl.org/2003/arcrole/summation-item" xlink:from="SubtotalOpeCF" xlink:to="LossGainOnDisposalOfNoncurrentAssetsOpeCF" order="19.84942626953125" />
    <link:loc xlink:type="locator" xlink:href="http://disclosure.edinet-fsa.go.jp/taxonomy/jppfs/2019-02-28/jppfs_cor_2019-02-28.xsd#jppfs_cor_NetIncreaseDecreaseInBorrowedMoneyExcludingSubordinatedBorrowingsOpeCFBNK" xlink:label="NetIncreaseDecreaseInBorrowedMoneyExcludingSubordinatedBorrowingsOpeCFBNK" />
    <link:calculationArc xlink:type="arc" weight="1" xlink:arcrole="http://www.xbrl.org/2003/arcrole/summation-item" xlink:from="SubtotalOpeCF" xlink:to="NetIncreaseDecreaseInBorrowedMoneyExcludingSubordinatedBorrowingsOpeCFBNK" order="20.9055328369140625" />
    <link:loc xlink:type="locator" xlink:href="http://disclosure.edinet-fsa.go.jp/taxonomy/jppfs/2019-02-28/jppfs_cor_2019-02-28.xsd#jppfs_cor_NetDecreaseIncreaseInDepositExcludingDepositPaidToBankOfJapanOpeCFBNK" xlink:label="NetDecreaseIncreaseInDepositExcludingDepositPaidToBankOfJapanOpeCFBNK" />
    <link:calculationArc xlink:type="arc" weight="1" xlink:arcrole="http://www.xbrl.org/2003/arcrole/summation-item" xlink:from="SubtotalOpeCF" xlink:to="NetDecreaseIncreaseInDepositExcludingDepositPaidToBankOfJapanOpeCFBNK" order="21.9419555664062500" />
    <link:loc xlink:type="locator" xlink:href="http://disclosure.edinet-fsa.go.jp/taxonomy/jppfs/2019-02-28/jppfs_cor_2019-02-28.xsd#jppfs_cor_NetDecreaseIncreaseInCallLoansOpeCFBNK" xlink:label="NetDecreaseIncreaseInCallLoansOpeCFBNK" />
    <link:calculationArc xlink:type="arc" weight="1" xlink:arcrole="http://www.xbrl.org/2003/arcrole/summation-item" xlink:from="SubtotalOpeCF" xlink:to="NetDecreaseIncreaseInCallLoansOpeCFBNK" order="22.964992523193359375" />
    <link:loc xlink:type="locator" xlink:href="http://disclosure.edinet-fsa.go.jp/taxonomy/jppfs/2019-02-28/jppfs_cor_2019-02-28.xsd#jppfs_cor_NetDecreaseIncreaseInForeignExchangesAssetsOpeCFBNK" xlink:label="NetDecreaseIncreaseInForeignExchangesAssetsOpeCFBNK" />
    <link:calculationArc xlink:type="arc" weight="1" xlink:arcrole="http://www.xbrl.org/2003/arcrole/summation-item" xlink:from="SubtotalOpeCF" xlink:to="NetDecreaseIncreaseInForeignExchangesAssetsOpeCFBNK" order="23.978923797607421875" />
    <link:loc xlink:type="locator" xlink:href="http://disclosure.edinet-fsa.go.jp/taxonomy/jppfs/2019-02-28/jppfs_cor_2019-02-28.xsd#jppfs_cor_NetIncreaseDecreaseInForeignExchangesLiabilitiesOpeCFBNK" xlink:label="NetIncreaseDecreaseInForeignExchangesLiabilitiesOpeCFBNK" />
    <link:calculationArc xlink:type="arc" weight="1" xlink:arcrole="http://www.xbrl.org/2003/arcrole/summation-item" xlink:from="SubtotalOpeCF" xlink:to="NetIncreaseDecreaseInForeignExchangesLiabilitiesOpeCFBNK" order="24.985889434814453125" />
    <link:loc xlink:type="locator" xlink:href="http://disclosure.edinet-fsa.go.jp/taxonomy/jppfs/2019-02-28/jppfs_cor_2019-02-28.xsd#jppfs_cor_OtherNetOpeCF" xlink:label="OtherNetOpeCF" />
    <link:calculationArc xlink:type="arc" weight="1" xlink:arcrole="http://www.xbrl.org/2003/arcrole/summation-item" xlink:from="SubtotalOpeCF" xlink:to="OtherNetOpeCF" order="25.985889434814453125" />
    <link:loc xlink:type="locator" xlink:href="http://disclosure.edinet-fsa.go.jp/taxonomy/jppfs/2019-02-28/jppfs_cor_2019-02-28.xsd#jppfs_cor_IncomeTaxesPaidOpeCF" xlink:label="IncomeTaxesPaidOpeCF" />
    <link:calculationArc xlink:type="arc" weight="1" xlink:arcrole="http://www.xbrl.org/2003/arcrole/summation-item" xlink:from="NetCashProvidedByUsedInOperatingActivities" xlink:to="IncomeTaxesPaidOpeCF" order="2.0" />
    <link:loc xlink:type="locator" xlink:href="http://disclosure.edinet-fsa.go.jp/taxonomy/jppfs/2019-02-28/jppfs_cor_2019-02-28.xsd#jppfs_cor_NetCashProvidedByUsedInInvestmentActivities" xlink:label="NetCashProvidedByUsedInInvestmentActivities_2" />
    <link:calculationArc xlink:type="arc" weight="1" xlink:arcrole="http://www.xbrl.org/2003/arcrole/summation-item" xlink:from="NetIncreaseDecreaseInCashAndCashEquivalents" xlink:to="NetCashProvidedByUsedInInvestmentActivities_2" order="2.0" />
    <link:loc xlink:type="locator" xlink:href="http://disclosure.edinet-fsa.go.jp/taxonomy/jppfs/2019-02-28/jppfs_cor_2019-02-28.xsd#jppfs_cor_NetCashProvidedByUsedInInvestmentActivities" xlink:label="NetCashProvidedByUsedInInvestmentActivities" />
    <link:loc xlink:type="locator" xlink:href="http://disclosure.edinet-fsa.go.jp/taxonomy/jppfs/2019-02-28/jppfs_cor_2019-02-28.xsd#jppfs_cor_PurchaseOfSecuritiesInvCFBNK" xlink:label="PurchaseOfSecuritiesInvCFBNK" />
    <link:calculationArc xlink:type="arc" weight="1" xlink:arcrole="http://www.xbrl.org/2003/arcrole/summation-item" xlink:from="NetCashProvidedByUsedInInvestmentActivities" xlink:to="PurchaseOfSecuritiesInvCFBNK" order="1.0" />
    <link:loc xlink:type="locator" xlink:href="http://disclosure.edinet-fsa.go.jp/taxonomy/jppfs/2019-02-28/jppfs_cor_2019-02-28.xsd#jppfs_cor_ProceedsFromSalesOfSecuritiesInvCFBNK" xlink:label="ProceedsFromSalesOfSecuritiesInvCFBNK" />
    <link:calculationArc xlink:type="arc" weight="1" xlink:arcrole="http://www.xbrl.org/2003/arcrole/summation-item" xlink:from="NetCashProvidedByUsedInInvestmentActivities" xlink:to="ProceedsFromSalesOfSecuritiesInvCFBNK" order="2.0" />
    <link:loc xlink:type="locator" xlink:href="http://disclosure.edinet-fsa.go.jp/taxonomy/jppfs/2019-02-28/jppfs_cor_2019-02-28.xsd#jppfs_cor_PurchaseOfPropertyPlantAndEquipmentInvCF" xlink:label="PurchaseOfPropertyPlantAndEquipmentInvCF" />
    <link:calculationArc xlink:type="arc" weight="1" xlink:arcrole="http://www.xbrl.org/2003/arcrole/summation-item" xlink:from="NetCashProvidedByUsedInInvestmentActivities" xlink:to="PurchaseOfPropertyPlantAndEquipmentInvCF" order="3.0" />
    <link:loc xlink:type="locator" xlink:href="http://disclosure.edinet-fsa.go.jp/taxonomy/jppfs/2019-02-28/jppfs_cor_2019-02-28.xsd#jppfs_cor_ProceedsFromRedemptionOfSecuritiesInvCFBNK" xlink:label="ProceedsFromRedemptionOfSecuritiesInvCFBNK" />
    <link:calculationArc xlink:type="arc" weight="1" xlink:arcrole="http://www.xbrl.org/2003/arcrole/summation-item" xlink:from="NetCashProvidedByUsedInInvestmentActivities" xlink:to="ProceedsFromRedemptionOfSecuritiesInvCFBNK" order="4.0" />
    <link:loc xlink:type="locator" xlink:href="http://disclosure.edinet-fsa.go.jp/taxonomy/jppfs/2019-02-28/jppfs_cor_2019-02-28.xsd#jppfs_cor_PaymentsForRetirementOfPropertyPlantAndEquipmentInvCF" xlink:label="PaymentsForRetirementOfPropertyPlantAndEquipmentInvCF" />
    <link:calculationArc xlink:type="arc" weight="1" xlink:arcrole="http://www.xbrl.org/2003/arcrole/summation-item" xlink:from="NetCashProvidedByUsedInInvestmentActivities" xlink:to="PaymentsForRetirementOfPropertyPlantAndEquipmentInvCF" order="4.5" />
    <link:loc xlink:type="locator" xlink:href="http://disclosure.edinet-fsa.go.jp/taxonomy/jppfs/2019-02-28/jppfs_cor_2019-02-28.xsd#jppfs_cor_ProceedsFromSalesOfPropertyPlantAndEquipmentInvCF" xlink:label="ProceedsFromSalesOfPropertyPlantAndEquipmentInvCF" />
    <link:calculationArc xlink:type="arc" weight="1" xlink:arcrole="http://www.xbrl.org/2003/arcrole/summation-item" xlink:from="NetCashProvidedByUsedInInvestmentActivities" xlink:to="ProceedsFromSalesOfPropertyPlantAndEquipmentInvCF" order="5.0" />
    <link:loc xlink:type="locator" xlink:href="http://disclosure.edinet-fsa.go.jp/taxonomy/jppfs/2019-02-28/jppfs_cor_2019-02-28.xsd#jppfs_cor_PurchaseOfIntangibleAssetsInvCF" xlink:label="PurchaseOfIntangibleAssetsInvCF" />
    <link:calculationArc xlink:type="arc" weight="1" xlink:arcrole="http://www.xbrl.org/2003/arcrole/summation-item" xlink:from="NetCashProvidedByUsedInInvestmentActivities" xlink:to="PurchaseOfIntangibleAssetsInvCF" order="6.0" />
    <link:loc xlink:type="locator" xlink:href="http://disclosure.edinet-fsa.go.jp/taxonomy/jppfs/2019-02-28/jppfs_cor_2019-02-28.xsd#jppfs_cor_NetCashProvidedByUsedInFinancingActivities" xlink:label="NetCashProvidedByUsedInFinancingActivities_2" />
    <link:calculationArc xlink:type="arc" weight="1" xlink:arcrole="http://www.xbrl.org/2003/arcrole/summation-item" xlink:from="NetIncreaseDecreaseInCashAndCashEquivalents" xlink:to="NetCashProvidedByUsedInFinancingActivities_2" order="3.0" />
    <link:loc xlink:type="locator" xlink:href="http://disclosure.edinet-fsa.go.jp/taxonomy/jppfs/2019-02-28/jppfs_cor_2019-02-28.xsd#jppfs_cor_NetCashProvidedByUsedInFinancingActivities" xlink:label="NetCashProvidedByUsedInFinancingActivities" />
    <link:loc xlink:type="locator" xlink:href="http://disclosure.edinet-fsa.go.jp/taxonomy/jppfs/2019-02-28/jppfs_cor_2019-02-28.xsd#jppfs_cor_PurchaseOfTreasuryStockFinCF" xlink:label="PurchaseOfTreasuryStockFinCF" />
    <link:calculationArc xlink:type="arc" weight="1" xlink:arcrole="http://www.xbrl.org/2003/arcrole/summation-item" xlink:from="NetCashProvidedByUsedInFinancingActivities" xlink:to="PurchaseOfTreasuryStockFinCF" order="1.0" />
    <link:loc xlink:type="locator" xlink:href="http://disclosure.edinet-fsa.go.jp/taxonomy/jppfs/2019-02-28/jppfs_cor_2019-02-28.xsd#jppfs_cor_CashDividendsPaidFinCF" xlink:label="CashDividendsPaidFinCF" />
    <link:calculationArc xlink:type="arc" weight="1" xlink:arcrole="http://www.xbrl.org/2003/arcrole/summation-item" xlink:from="NetCashProvidedByUsedInFinancingActivities" xlink:to="CashDividendsPaidFinCF" order="2.0" />
    <link:loc xlink:type="locator" xlink:href="http://disclosure.edinet-fsa.go.jp/taxonomy/jppfs/2019-02-28/jppfs_cor_2019-02-28.xsd#jppfs_cor_DividendsPaidToNonControllingInterestsFinCF" xlink:label="DividendsPaidToNonControllingInterestsFinCF" />
    <link:calculationArc xlink:type="arc" weight="1" xlink:arcrole="http://www.xbrl.org/2003/arcrole/summation-item" xlink:from="NetCashProvidedByUsedInFinancingActivities" xlink:to="DividendsPaidToNonControllingInterestsFinCF" order="3.0" />
    <link:loc xlink:type="locator" xlink:href="http://disclosure.edinet-fsa.go.jp/taxonomy/jppfs/2019-02-28/jppfs_cor_2019-02-28.xsd#jppfs_cor_ProceedsFromSalesOfTreasuryStockFinCF" xlink:label="ProceedsFromSalesOfTreasuryStockFinCF" />
    <link:calculationArc xlink:type="arc" weight="1" xlink:arcrole="http://www.xbrl.org/2003/arcrole/summation-item" xlink:from="NetCashProvidedByUsedInFinancingActivities" xlink:to="ProceedsFromSalesOfTreasuryStockFinCF" order="4.0" />
    <link:loc xlink:type="locator" xlink:href="http://disclosure.edinet-fsa.go.jp/taxonomy/jppfs/2019-02-28/jppfs_cor_2019-02-28.xsd#jppfs_cor_EffectOfExchangeRateChangeOnCashAndCashEquivalents" xlink:label="EffectOfExchangeRateChangeOnCashAndCashEquivalents" />
    <link:calculationArc xlink:type="arc" weight="1" xlink:arcrole="http://www.xbrl.org/2003/arcrole/summation-item" xlink:from="NetIncreaseDecreaseInCashAndCashEquivalents" xlink:to="EffectOfExchangeRateChangeOnCashAndCashEquivalents" order="4.0" />
  </link:calculationLink>
  <link:calculationLink xlink:type="extended" xlink:role="http://disclosure.edinet-fsa.go.jp/role/jppfs/rol_SemiAnnualConsolidatedStatementOfComprehensiveIncome">
    <link:loc xlink:type="locator" xlink:href="http://disclosure.edinet-fsa.go.jp/taxonomy/jppfs/2019-02-28/jppfs_cor_2019-02-28.xsd#jppfs_cor_ComprehensiveIncome" xlink:label="ComprehensiveIncome" />
    <link:loc xlink:type="locator" xlink:href="http://disclosure.edinet-fsa.go.jp/taxonomy/jppfs/2019-02-28/jppfs_cor_2019-02-28.xsd#jppfs_cor_ProfitLoss" xlink:label="ProfitLoss" />
    <link:calculationArc xlink:type="arc" weight="1" xlink:arcrole="http://www.xbrl.org/2003/arcrole/summation-item" xlink:from="ComprehensiveIncome" xlink:to="ProfitLoss" order="1.0" />
    <link:loc xlink:type="locator" xlink:href="http://disclosure.edinet-fsa.go.jp/taxonomy/jppfs/2019-02-28/jppfs_cor_2019-02-28.xsd#jppfs_cor_OtherComprehensiveIncome" xlink:label="OtherComprehensiveIncome_2" />
    <link:calculationArc xlink:type="arc" weight="1" xlink:arcrole="http://www.xbrl.org/2003/arcrole/summation-item" xlink:from="ComprehensiveIncome" xlink:to="OtherComprehensiveIncome_2" order="2.0" />
    <link:loc xlink:type="locator" xlink:href="http://disclosure.edinet-fsa.go.jp/taxonomy/jppfs/2019-02-28/jppfs_cor_2019-02-28.xsd#jppfs_cor_OtherComprehensiveIncome" xlink:label="OtherComprehensiveIncome" />
    <link:loc xlink:type="locator" xlink:href="http://disclosure.edinet-fsa.go.jp/taxonomy/jppfs/2019-02-28/jppfs_cor_2019-02-28.xsd#jppfs_cor_ValuationDifferenceOnAvailableForSaleSecuritiesNetOfTaxOCI" xlink:label="ValuationDifferenceOnAvailableForSaleSecuritiesNetOfTaxOCI" />
    <link:calculationArc xlink:type="arc" weight="1" xlink:arcrole="http://www.xbrl.org/2003/arcrole/summation-item" xlink:from="OtherComprehensiveIncome" xlink:to="ValuationDifferenceOnAvailableForSaleSecuritiesNetOfTaxOCI" order="1.0" />
    <link:loc xlink:type="locator" xlink:href="http://disclosure.edinet-fsa.go.jp/taxonomy/jppfs/2019-02-28/jppfs_cor_2019-02-28.xsd#jppfs_cor_DeferredGainsOrLossesOnHedgesNetOfTaxOCI" xlink:label="DeferredGainsOrLossesOnHedgesNetOfTaxOCI" />
    <link:calculationArc xlink:type="arc" weight="1" xlink:arcrole="http://www.xbrl.org/2003/arcrole/summation-item" xlink:from="OtherComprehensiveIncome" xlink:to="DeferredGainsOrLossesOnHedgesNetOfTaxOCI" order="2.0" />
    <link:loc xlink:type="locator" xlink:href="http://disclosure.edinet-fsa.go.jp/taxonomy/jppfs/2019-02-28/jppfs_cor_2019-02-28.xsd#jppfs_cor_RemeasurementsOfDefinedBenefitPlansNetOfTaxOCI" xlink:label="RemeasurementsOfDefinedBenefitPlansNetOfTaxOCI" />
    <link:calculationArc xlink:type="arc" weight="1" xlink:arcrole="http://www.xbrl.org/2003/arcrole/summation-item" xlink:from="OtherComprehensiveIncome" xlink:to="RemeasurementsOfDefinedBenefitPlansNetOfTaxOCI" order="3.0" />
  </link:calculationLink>
</link:linkbase>