<?xml version="1.0" encoding="utf-8"?>
<!-- Generated by PRONEXUS WORKS -->
<link:linkbase xmlns:link="http://www.xbrl.org/2003/linkbase" xmlns:xsi="http://www.w3.org/2001/XMLSchema-instance" xmlns:xbrli="http://www.xbrl.org/2003/instance" xmlns:xlink="http://www.w3.org/1999/xlink">
  <link:labelLink xlink:type="extended" xlink:role="http://www.xbrl.org/2003/role/link">
    <link:loc xlink:type="locator" xlink:href="jpcrp030000-asr-001_E24998-000_2019-08-31_01_2019-11-29.xsd#jpcrp030000-asr_E24998-000_InformationAboutEmployeesOfReportingCompanyTable" xlink:label="InformationAboutEmployeesOfReportingCompanyTable" />
    <link:loc xlink:type="locator" xlink:href="jpcrp030000-asr-001_E24998-000_2019-08-31_01_2019-11-29.xsd#jpcrp030000-asr_E24998-000_InformationAboutEmployeesOfReportingCompanyLineItems" xlink:label="InformationAboutEmployeesOfReportingCompanyLineItems" />
    <link:loc xlink:type="locator" xlink:href="jpcrp030000-asr-001_E24998-000_2019-08-31_01_2019-11-29.xsd#jpcrp030000-asr_E24998-000_TrademarkOutstandingAccountIA" xlink:label="TrademarkOutstandingAccountIA" />
    <link:loc xlink:type="locator" xlink:href="jpcrp030000-asr-001_E24998-000_2019-08-31_01_2019-11-29.xsd#jpcrp030000-asr_E24998-000_OfficeTransferExpensesOpeCF" xlink:label="OfficeTransferExpensesOpeCF" />
    <link:loc xlink:type="locator" xlink:href="jpcrp030000-asr-001_E24998-000_2019-08-31_01_2019-11-29.xsd#jpcrp030000-asr_E24998-000_PenaltyIncome2OpeCF" xlink:label="PenaltyIncome2OpeCF" />
    <link:loc xlink:type="locator" xlink:href="jpcrp030000-asr-001_E24998-000_2019-08-31_01_2019-11-29.xsd#jpcrp030000-asr_E24998-000_LossGainOnSalesOfInvestmentsInCapitalOfSubsidiariesAndAssociatesOpeCF" xlink:label="LossGainOnSalesOfInvestmentsInCapitalOfSubsidiariesAndAssociatesOpeCF" />
    <link:loc xlink:type="locator" xlink:href="jpcrp030000-asr-001_E24998-000_2019-08-31_01_2019-11-29.xsd#jpcrp030000-asr_E24998-000_DecreaseIncreaseInTemporaryPaymentsOpeCF" xlink:label="DecreaseIncreaseInTemporaryPaymentsOpeCF" />
    <link:loc xlink:type="locator" xlink:href="jpcrp030000-asr-001_E24998-000_2019-08-31_01_2019-11-29.xsd#jpcrp030000-asr_E24998-000_PaymentsForBusinessCommencementExpensesOpeCF" xlink:label="PaymentsForBusinessCommencementExpensesOpeCF" />
    <link:loc xlink:type="locator" xlink:href="jpcrp030000-asr-001_E24998-000_2019-08-31_01_2019-11-29.xsd#jpcrp030000-asr_E24998-000_ProceedsFromSalesAndInstallmentBackFinCF" xlink:label="ProceedsFromSalesAndInstallmentBackFinCF" />
    <link:loc xlink:type="locator" xlink:href="jpcrp030000-asr-001_E24998-000_2019-08-31_01_2019-11-29.xsd#jpcrp030000-asr_E24998-000_IncreaseDecreaseInCloudFundingDepositFinCF" xlink:label="IncreaseDecreaseInCloudFundingDepositFinCF" />
    <link:loc xlink:type="locator" xlink:href="jpcrp030000-asr-001_E24998-000_2019-08-31_01_2019-11-29.xsd#jpcrp030000-asr_E24998-000_RestrictedStockPaymentWithTransfer" xlink:label="RestrictedStockPaymentWithTransfer" />
    <link:loc xlink:type="locator" xlink:href="jpcrp030000-asr-001_E24998-000_2019-08-31_01_2019-11-29.xsd#jpcrp030000-asr_E24998-000_GainOnSalesOfInvestmentsInCapitalOfSubsidiariesAndAssociatesEL" xlink:label="GainOnSalesOfInvestmentsInCapitalOfSubsidiariesAndAssociatesEL" />
    <link:loc xlink:type="locator" xlink:href="jpcrp030000-asr-001_E24998-000_2019-08-31_01_2019-11-29.xsd#jpcrp030000-asr_E24998-000_EnvironmentalConnectionReportableSegmentsMember" xlink:label="EnvironmentalConnectionReportableSegmentsMember" />
    <link:loc xlink:type="locator" xlink:href="jpcrp030000-asr-001_E24998-000_2019-08-31_01_2019-11-29.xsd#jpcrp030000-asr_E24998-000_SBYReportableSegmentsMember" xlink:label="SBYReportableSegmentsMember" />
    <link:loc xlink:type="locator" xlink:href="jpcrp030000-asr-001_E24998-000_2019-08-31_01_2019-11-29.xsd#jpcrp030000-asr_E24998-000_FATBURGERReportableSegmentsMember" xlink:label="FATBURGERReportableSegmentsMember" />
    <link:loc xlink:type="locator" xlink:href="jpcrp030000-asr-001_E24998-000_2019-08-31_01_2019-11-29.xsd#jpcrp030000-asr_E24998-000_NotesRegardingAssetsOfWhichOwnershipIsReservedDueToPaymentByInstallmentTextBlock" xlink:label="NotesRegardingAssetsOfWhichOwnershipIsReservedDueToPaymentByInstallmentTextBlock" />
    <link:loc xlink:type="locator" xlink:href="jpcrp030000-asr-001_E24998-000_2019-08-31_01_2019-11-29.xsd#jpcrp030000-asr_E24998-000_AccountingPolicyForSignificantDeferredAssetsTextBlock" xlink:label="AccountingPolicyForSignificantDeferredAssetsTextBlock" />
    <link:loc xlink:type="locator" xlink:href="jpcrp030000-asr-001_E24998-000_2019-08-31_01_2019-11-29.xsd#jpcrp030000-asr_E24998-000_ManagementAnalysisOfFinancialPositionOperatingResultsAndCashFlowsHeading" xlink:label="ManagementAnalysisOfFinancialPositionOperatingResultsAndCashFlowsHeading" />
    <link:loc xlink:type="locator" xlink:href="jpcrp030000-asr-001_E24998-000_2019-08-31_01_2019-11-29.xsd#jpcrp030000-asr_E24998-000_ManagementAnalysisOfFinancialPositionOperatingResultsAndCashFlowsTextBlock" xlink:label="ManagementAnalysisOfFinancialPositionOperatingResultsAndCashFlowsTextBlock" />
    <link:loc xlink:type="locator" xlink:href="jpcrp030000-asr-001_E24998-000_2019-08-31_01_2019-11-29.xsd#jpcrp030000-asr_E24998-000_OtherInformationAboutShareAcquisitionRightsHeading" xlink:label="OtherInformationAboutShareAcquisitionRightsHeading" />
    <link:loc xlink:type="locator" xlink:href="jpcrp030000-asr-001_E24998-000_2019-08-31_01_2019-11-29.xsd#jpcrp030000-asr_E24998-000_OtherInformationAboutShareAcquisitionRightsTextBlock" xlink:label="OtherInformationAboutShareAcquisitionRightsTextBlock" />
    <link:loc xlink:type="locator" xlink:href="jpcrp030000-asr-001_E24998-000_2019-08-31_01_2019-11-29.xsd#jpcrp030000-asr_E24998-000_OverviewOfCorporateGovernanceHeading" xlink:label="OverviewOfCorporateGovernanceHeading" />
    <link:loc xlink:type="locator" xlink:href="jpcrp030000-asr-001_E24998-000_2019-08-31_01_2019-11-29.xsd#jpcrp030000-asr_E24998-000_OverviewOfCorporateGovernanceTextBlock" xlink:label="OverviewOfCorporateGovernanceTextBlock" />
    <link:loc xlink:type="locator" xlink:href="jpcrp030000-asr-001_E24998-000_2019-08-31_01_2019-11-29.xsd#jpcrp030000-asr_E24998-000_OutsideDirectorsAndOutsideCorporateAuditorsInformationAboutDirectorsAndOtherOfficersTextBlock" xlink:label="OutsideDirectorsAndOutsideCorporateAuditorsInformationAboutDirectorsAndOtherOfficersTextBlock" />
    <link:loc xlink:type="locator" xlink:href="jpcrp030000-asr-001_E24998-000_2019-08-31_01_2019-11-29.xsd#jpcrp030000-asr_E24998-000_InformationAboutAuditsHeading" xlink:label="InformationAboutAuditsHeading" />
    <link:loc xlink:type="locator" xlink:href="jpcrp030000-asr-001_E24998-000_2019-08-31_01_2019-11-29.xsd#jpcrp030000-asr_E24998-000_InformationAboutAuditsTextBlock" xlink:label="InformationAboutAuditsTextBlock" />
    <link:loc xlink:type="locator" xlink:href="jpcrp030000-asr-001_E24998-000_2019-08-31_01_2019-11-29.xsd#jpcrp030000-asr_E24998-000_RemunerationForDirectorsAndOtherOfficersHeading" xlink:label="RemunerationForDirectorsAndOtherOfficersHeading" />
    <link:loc xlink:type="locator" xlink:href="jpcrp030000-asr-001_E24998-000_2019-08-31_01_2019-11-29.xsd#jpcrp030000-asr_E24998-000_RemunerationForDirectorsAndOtherOfficersTextBlock" xlink:label="RemunerationForDirectorsAndOtherOfficersTextBlock" />
    <link:loc xlink:type="locator" xlink:href="jpcrp030000-asr-001_E24998-000_2019-08-31_01_2019-11-29.xsd#jpcrp030000-asr_E24998-000_EquitySecuritiesHeldHeading" xlink:label="EquitySecuritiesHeldHeading" />
    <link:loc xlink:type="locator" xlink:href="jpcrp030000-asr-001_E24998-000_2019-08-31_01_2019-11-29.xsd#jpcrp030000-asr_E24998-000_EquitySecuritiesHeldTextBlock" xlink:label="EquitySecuritiesHeldTextBlock" />
    <link:loc xlink:type="locator" xlink:href="jpcrp030000-asr-001_E24998-000_2019-08-31_01_2019-11-29.xsd#jpcrp030000-asr_E24998-000_TotalShareholderReturn" xlink:label="TotalShareholderReturn" />
    <link:loc xlink:type="locator" xlink:href="jpcrp030000-asr-001_E24998-000_2019-08-31_01_2019-11-29.xsd#jpcrp030000-asr_E24998-000_TotalReturnOnSharePriceIndex" xlink:label="TotalReturnOnSharePriceIndex" />
    <link:loc xlink:type="locator" xlink:href="jpcrp030000-asr-001_E24998-000_2019-08-31_01_2019-11-29.xsd#jpcrp030000-asr_E24998-000_OfficialTitleOrPositionInformationAboutDirectorsAndCorporateAuditors" xlink:label="OfficialTitleOrPositionInformationAboutDirectorsAndCorporateAuditors" />
    <link:loc xlink:type="locator" xlink:href="jpcrp030000-asr-001_E24998-000_2019-08-31_01_2019-11-29.xsd#jpcrp030000-asr_E24998-000_UnamortizedBalanceOfGoodwill" xlink:label="UnamortizedBalanceOfGoodwill" />
    <link:loc xlink:type="locator" xlink:href="jpcrp030000-asr-001_E24998-000_2019-08-31_01_2019-11-29.xsd#jpcrp030000-asr_E24998-000_SaekiTakeshiMember" xlink:label="SaekiTakeshiMember" />
    <link:loc xlink:type="locator" xlink:href="jpcrp030000-asr-001_E24998-000_2019-08-31_01_2019-11-29.xsd#jpcrp030000-asr_E24998-000_MatsumotoTakashiMember" xlink:label="MatsumotoTakashiMember" />
    <link:loc xlink:type="locator" xlink:href="jpcrp030000-asr-001_E24998-000_2019-08-31_01_2019-11-29.xsd#jpcrp030000-asr_E24998-000_ShigetomiMasahiroMember" xlink:label="ShigetomiMasahiroMember" />
    <link:loc xlink:type="locator" xlink:href="jpcrp030000-asr-001_E24998-000_2019-08-31_01_2019-11-29.xsd#jpcrp030000-asr_E24998-000_ProvisionForTransferCostsCL" xlink:label="ProvisionForTransferCostsCL" />
    <link:loc xlink:type="locator" xlink:href="jpcrp030000-asr-001_E24998-000_2019-08-31_01_2019-11-29.xsd#jpcrp030000-asr_E24998-000_GainOnCancellationEI" xlink:label="GainOnCancellationEI" />
    <link:loc xlink:type="locator" xlink:href="jpcrp030000-asr-001_E24998-000_2019-08-31_01_2019-11-29.xsd#jpcrp030000-asr_E24998-000_ProvisionForTransferExpensesEL" xlink:label="ProvisionForTransferExpensesEL" />
    <link:loc xlink:type="locator" xlink:href="jpcrp030000-asr-001_E24998-000_2019-08-31_01_2019-11-29.xsd#jpcrp030000-asr_E24998-000_RelocationRelatedCostsEL" xlink:label="RelocationRelatedCostsEL" />
    <link:loc xlink:type="locator" xlink:href="jpcrp030000-asr-001_E24998-000_2019-08-31_01_2019-11-29.xsd#jpcrp030000-asr_E24998-000_GainOnCancellationOpeCF" xlink:label="GainOnCancellationOpeCF" />
    <link:loc xlink:type="locator" xlink:href="jpcrp030000-asr-001_E24998-000_2019-08-31_01_2019-11-29.xsd#jpcrp030000-asr_E24998-000_ProceedsFromSalesOfInvestmentsInAffiliatesInvCF" xlink:label="ProceedsFromSalesOfInvestmentsInAffiliatesInvCF" />
    <link:loc xlink:type="locator" xlink:href="jpcrp030000-asr-001_E24998-000_2019-08-31_01_2019-11-29.xsd#jpcrp030000-asr_E24998-000_ConsumptionTaxDifferenceNOI" xlink:label="ConsumptionTaxDifferenceNOI" />
    <link:loc xlink:type="locator" xlink:href="jpcrp030000-asr-001_E24998-000_2019-08-31_01_2019-11-29.xsd#jpcrp030000-asr_E24998-000_HirokazuKasaharaMember" xlink:label="HirokazuKasaharaMember" />
    <link:loc xlink:type="locator" xlink:href="jpcrp030000-asr-001_E24998-000_2019-08-31_01_2019-11-29.xsd#jpcrp030000-asr_E24998-000_HiroshiEndoMember" xlink:label="HiroshiEndoMember" />
    <link:loc xlink:type="locator" xlink:href="jpcrp030000-asr-001_E24998-000_2019-08-31_01_2019-11-29.xsd#jpcrp030000-asr_E24998-000_ShojiMatsuyamaMember" xlink:label="ShojiMatsuyamaMember" />
    <link:loc xlink:type="locator" xlink:href="jpcrp030000-asr-001_E24998-000_2019-08-31_01_2019-11-29.xsd#jpcrp030000-asr_E24998-000_ShuheiHommaMember" xlink:label="ShuheiHommaMember" />
    <link:loc xlink:type="locator" xlink:href="jpcrp030000-asr-001_E24998-000_2019-08-31_01_2019-11-29.xsd#jpcrp030000-asr_E24998-000_ShuichiKawasakiMember" xlink:label="ShuichiKawasakiMember" />
    <link:loc xlink:type="locator" xlink:href="jpcrp030000-asr-001_E24998-000_2019-08-31_01_2019-11-29.xsd#jpcrp030000-asr_E24998-000_ShareBasedCompensationExpensesWithTransferRestrictionsRemunerationEtcByCategoryOfDirectorsAndOtherOfficers" xlink:label="ShareBasedCompensationExpensesWithTransferRestrictionsRemunerationEtcByCategoryOfDirectorsAndOtherOfficers" />
    <link:label xlink:type="resource" xlink:label="label_NotesRegardingAssetsOfWhichOwnershipIsReservedDueToPaymentByInstallmentTextBlock" xml:lang="en" xlink:role="http://www.xbrl.org/2003/role/label" id="label_NotesRegardingAssetsOfWhichOwnershipIsReservedDueToPaymentByInstallmentTextBlock">Notes regarding assets of which ownership is reserved due to payment by installment</link:label>
    <link:labelArc xlink:type="arc" xlink:arcrole="http://www.xbrl.org/2003/arcrole/concept-label" xlink:from="NotesRegardingAssetsOfWhichOwnershipIsReservedDueToPaymentByInstallmentTextBlock" xlink:to="label_NotesRegardingAssetsOfWhichOwnershipIsReservedDueToPaymentByInstallmentTextBlock" />
    <link:label xlink:type="resource" xlink:label="label_NotesRegardingAssetsOfWhichOwnershipIsReservedDueToPaymentByInstallmentTextBlock_2" xml:lang="en" xlink:role="http://www.xbrl.org/2003/role/verboseLabel" id="label_NotesRegardingAssetsOfWhichOwnershipIsReservedDueToPaymentByInstallmentTextBlock_2">Notes regarding assets of which ownership is reserved due to payment by installment [text block]</link:label>
    <link:labelArc xlink:type="arc" xlink:arcrole="http://www.xbrl.org/2003/arcrole/concept-label" xlink:from="NotesRegardingAssetsOfWhichOwnershipIsReservedDueToPaymentByInstallmentTextBlock" xlink:to="label_NotesRegardingAssetsOfWhichOwnershipIsReservedDueToPaymentByInstallmentTextBlock_2" />
    <link:label xlink:type="resource" xlink:label="label_AccountingPolicyForSignificantDeferredAssetsTextBlock" xml:lang="en" xlink:role="http://www.xbrl.org/2003/role/label" id="label_AccountingPolicyForSignificantDeferredAssetsTextBlock">Accounting policy for significant deferred assets</link:label>
    <link:labelArc xlink:type="arc" xlink:arcrole="http://www.xbrl.org/2003/arcrole/concept-label" xlink:from="AccountingPolicyForSignificantDeferredAssetsTextBlock" xlink:to="label_AccountingPolicyForSignificantDeferredAssetsTextBlock" />
    <link:label xlink:type="resource" xlink:label="label_AccountingPolicyForSignificantDeferredAssetsTextBlock_2" xml:lang="en" xlink:role="http://www.xbrl.org/2003/role/verboseLabel" id="label_AccountingPolicyForSignificantDeferredAssetsTextBlock_2">Accounting policy for significant deferred assets [text block]</link:label>
    <link:labelArc xlink:type="arc" xlink:arcrole="http://www.xbrl.org/2003/arcrole/concept-label" xlink:from="AccountingPolicyForSignificantDeferredAssetsTextBlock" xlink:to="label_AccountingPolicyForSignificantDeferredAssetsTextBlock_2" />
    <link:label xlink:type="resource" xlink:label="label_InformationAboutEmployeesOfReportingCompanyTable" xml:lang="en" xlink:role="http://www.xbrl.org/2003/role/label" id="label_InformationAboutEmployeesOfReportingCompanyTable">Information about employees of reporting company</link:label>
    <link:labelArc xlink:type="arc" xlink:arcrole="http://www.xbrl.org/2003/arcrole/concept-label" xlink:from="InformationAboutEmployeesOfReportingCompanyTable" xlink:to="label_InformationAboutEmployeesOfReportingCompanyTable" />
    <link:label xlink:type="resource" xlink:label="label_InformationAboutEmployeesOfReportingCompanyTable_2" xml:lang="en" xlink:role="http://www.xbrl.org/2003/role/verboseLabel" id="label_InformationAboutEmployeesOfReportingCompanyTable_2">Information about employees of reporting company [table]</link:label>
    <link:labelArc xlink:type="arc" xlink:arcrole="http://www.xbrl.org/2003/arcrole/concept-label" xlink:from="InformationAboutEmployeesOfReportingCompanyTable" xlink:to="label_InformationAboutEmployeesOfReportingCompanyTable_2" />
    <link:label xlink:type="resource" xlink:label="label_InformationAboutEmployeesOfReportingCompanyLineItems" xml:lang="en" xlink:role="http://www.xbrl.org/2003/role/label" id="label_InformationAboutEmployeesOfReportingCompanyLineItems">Information about employees of reporting company</link:label>
    <link:labelArc xlink:type="arc" xlink:arcrole="http://www.xbrl.org/2003/arcrole/concept-label" xlink:from="InformationAboutEmployeesOfReportingCompanyLineItems" xlink:to="label_InformationAboutEmployeesOfReportingCompanyLineItems" />
    <link:label xlink:type="resource" xlink:label="label_InformationAboutEmployeesOfReportingCompanyLineItems_2" xml:lang="en" xlink:role="http://www.xbrl.org/2003/role/verboseLabel" id="label_InformationAboutEmployeesOfReportingCompanyLineItems_2">Information about employees of reporting company [line items]</link:label>
    <link:labelArc xlink:type="arc" xlink:arcrole="http://www.xbrl.org/2003/arcrole/concept-label" xlink:from="InformationAboutEmployeesOfReportingCompanyLineItems" xlink:to="label_InformationAboutEmployeesOfReportingCompanyLineItems_2" />
    <link:label xlink:type="resource" xlink:label="label_ManagementAnalysisOfFinancialPositionOperatingResultsAndCashFlowsHeading" xml:lang="en" xlink:role="http://www.xbrl.org/2003/role/label" id="label_ManagementAnalysisOfFinancialPositionOperatingResultsAndCashFlowsHeading">Management analysis of financial position, operating results and cash flows</link:label>
    <link:labelArc xlink:type="arc" xlink:arcrole="http://www.xbrl.org/2003/arcrole/concept-label" xlink:from="ManagementAnalysisOfFinancialPositionOperatingResultsAndCashFlowsHeading" xlink:to="label_ManagementAnalysisOfFinancialPositionOperatingResultsAndCashFlowsHeading" />
    <link:label xlink:type="resource" xlink:label="label_ManagementAnalysisOfFinancialPositionOperatingResultsAndCashFlowsHeading_2" xml:lang="en" xlink:role="http://www.xbrl.org/2003/role/verboseLabel" id="label_ManagementAnalysisOfFinancialPositionOperatingResultsAndCashFlowsHeading_2">Management analysis of financial position, operating results and cash flows [heading]</link:label>
    <link:labelArc xlink:type="arc" xlink:arcrole="http://www.xbrl.org/2003/arcrole/concept-label" xlink:from="ManagementAnalysisOfFinancialPositionOperatingResultsAndCashFlowsHeading" xlink:to="label_ManagementAnalysisOfFinancialPositionOperatingResultsAndCashFlowsHeading_2" />
    <link:label xlink:type="resource" xlink:label="label_ManagementAnalysisOfFinancialPositionOperatingResultsAndCashFlowsTextBlock" xml:lang="en" xlink:role="http://www.xbrl.org/2003/role/label" id="label_ManagementAnalysisOfFinancialPositionOperatingResultsAndCashFlowsTextBlock">Management analysis of financial position, operating results and cash flows</link:label>
    <link:labelArc xlink:type="arc" xlink:arcrole="http://www.xbrl.org/2003/arcrole/concept-label" xlink:from="ManagementAnalysisOfFinancialPositionOperatingResultsAndCashFlowsTextBlock" xlink:to="label_ManagementAnalysisOfFinancialPositionOperatingResultsAndCashFlowsTextBlock" />
    <link:label xlink:type="resource" xlink:label="label_ManagementAnalysisOfFinancialPositionOperatingResultsAndCashFlowsTextBlock_2" xml:lang="en" xlink:role="http://www.xbrl.org/2003/role/verboseLabel" id="label_ManagementAnalysisOfFinancialPositionOperatingResultsAndCashFlowsTextBlock_2">Management analysis of financial position, operating results and cash flows [text block]</link:label>
    <link:labelArc xlink:type="arc" xlink:arcrole="http://www.xbrl.org/2003/arcrole/concept-label" xlink:from="ManagementAnalysisOfFinancialPositionOperatingResultsAndCashFlowsTextBlock" xlink:to="label_ManagementAnalysisOfFinancialPositionOperatingResultsAndCashFlowsTextBlock_2" />
    <link:label xlink:type="resource" xlink:label="label_OtherInformationAboutShareAcquisitionRightsHeading" xml:lang="en" xlink:role="http://www.xbrl.org/2003/role/label" id="label_OtherInformationAboutShareAcquisitionRightsHeading">Other information about share acquisition rights</link:label>
    <link:labelArc xlink:type="arc" xlink:arcrole="http://www.xbrl.org/2003/arcrole/concept-label" xlink:from="OtherInformationAboutShareAcquisitionRightsHeading" xlink:to="label_OtherInformationAboutShareAcquisitionRightsHeading" />
    <link:label xlink:type="resource" xlink:label="label_OtherInformationAboutShareAcquisitionRightsHeading_2" xml:lang="en" xlink:role="http://www.xbrl.org/2003/role/verboseLabel" id="label_OtherInformationAboutShareAcquisitionRightsHeading_2">Other information about share acquisition rights [heading]</link:label>
    <link:labelArc xlink:type="arc" xlink:arcrole="http://www.xbrl.org/2003/arcrole/concept-label" xlink:from="OtherInformationAboutShareAcquisitionRightsHeading" xlink:to="label_OtherInformationAboutShareAcquisitionRightsHeading_2" />
    <link:label xlink:type="resource" xlink:label="label_OtherInformationAboutShareAcquisitionRightsTextBlock" xml:lang="en" xlink:role="http://www.xbrl.org/2003/role/label" id="label_OtherInformationAboutShareAcquisitionRightsTextBlock">Other information about share acquisition rights</link:label>
    <link:labelArc xlink:type="arc" xlink:arcrole="http://www.xbrl.org/2003/arcrole/concept-label" xlink:from="OtherInformationAboutShareAcquisitionRightsTextBlock" xlink:to="label_OtherInformationAboutShareAcquisitionRightsTextBlock" />
    <link:label xlink:type="resource" xlink:label="label_OtherInformationAboutShareAcquisitionRightsTextBlock_2" xml:lang="en" xlink:role="http://www.xbrl.org/2003/role/verboseLabel" id="label_OtherInformationAboutShareAcquisitionRightsTextBlock_2">Other information about share acquisition rights [text block]</link:label>
    <link:labelArc xlink:type="arc" xlink:arcrole="http://www.xbrl.org/2003/arcrole/concept-label" xlink:from="OtherInformationAboutShareAcquisitionRightsTextBlock" xlink:to="label_OtherInformationAboutShareAcquisitionRightsTextBlock_2" />
    <link:label xlink:type="resource" xlink:label="label_OverviewOfCorporateGovernanceTextBlock" xml:lang="en" xlink:role="http://www.xbrl.org/2003/role/label" id="label_OverviewOfCorporateGovernanceTextBlock">Overview of corporate governance</link:label>
    <link:labelArc xlink:type="arc" xlink:arcrole="http://www.xbrl.org/2003/arcrole/concept-label" xlink:from="OverviewOfCorporateGovernanceTextBlock" xlink:to="label_OverviewOfCorporateGovernanceTextBlock" />
    <link:label xlink:type="resource" xlink:label="label_OverviewOfCorporateGovernanceTextBlock_2" xml:lang="en" xlink:role="http://www.xbrl.org/2003/role/verboseLabel" id="label_OverviewOfCorporateGovernanceTextBlock_2">Overview of corporate governance [text block]</link:label>
    <link:labelArc xlink:type="arc" xlink:arcrole="http://www.xbrl.org/2003/arcrole/concept-label" xlink:from="OverviewOfCorporateGovernanceTextBlock" xlink:to="label_OverviewOfCorporateGovernanceTextBlock_2" />
    <link:label xlink:type="resource" xlink:label="label_OutsideDirectorsAndOutsideCorporateAuditorsInformationAboutDirectorsAndOtherOfficersTextBlock" xml:lang="en" xlink:role="http://www.xbrl.org/2003/role/label" id="label_OutsideDirectorsAndOutsideCorporateAuditorsInformationAboutDirectorsAndOtherOfficersTextBlock">Outside directors (and outside corporate auditors)</link:label>
    <link:labelArc xlink:type="arc" xlink:arcrole="http://www.xbrl.org/2003/arcrole/concept-label" xlink:from="OutsideDirectorsAndOutsideCorporateAuditorsInformationAboutDirectorsAndOtherOfficersTextBlock" xlink:to="label_OutsideDirectorsAndOutsideCorporateAuditorsInformationAboutDirectorsAndOtherOfficersTextBlock" />
    <link:label xlink:type="resource" xlink:label="label_OutsideDirectorsAndOutsideCorporateAuditorsInformationAboutDirectorsAndOtherOfficersTextBlock_2" xml:lang="en" xlink:role="http://www.xbrl.org/2003/role/verboseLabel" id="label_OutsideDirectorsAndOutsideCorporateAuditorsInformationAboutDirectorsAndOtherOfficersTextBlock_2">Outside directors (and outside corporate auditors), Information about directors (and other officers) [text block]</link:label>
    <link:labelArc xlink:type="arc" xlink:arcrole="http://www.xbrl.org/2003/arcrole/concept-label" xlink:from="OutsideDirectorsAndOutsideCorporateAuditorsInformationAboutDirectorsAndOtherOfficersTextBlock" xlink:to="label_OutsideDirectorsAndOutsideCorporateAuditorsInformationAboutDirectorsAndOtherOfficersTextBlock_2" />
    <link:label xlink:type="resource" xlink:label="label_InformationAboutAuditsTextBlock" xml:lang="en" xlink:role="http://www.xbrl.org/2003/role/label" id="label_InformationAboutAuditsTextBlock">Information about audits</link:label>
    <link:labelArc xlink:type="arc" xlink:arcrole="http://www.xbrl.org/2003/arcrole/concept-label" xlink:from="InformationAboutAuditsTextBlock" xlink:to="label_InformationAboutAuditsTextBlock" />
    <link:label xlink:type="resource" xlink:label="label_InformationAboutAuditsTextBlock_2" xml:lang="en" xlink:role="http://www.xbrl.org/2003/role/verboseLabel" id="label_InformationAboutAuditsTextBlock_2">Information about audits [text block]</link:label>
    <link:labelArc xlink:type="arc" xlink:arcrole="http://www.xbrl.org/2003/arcrole/concept-label" xlink:from="InformationAboutAuditsTextBlock" xlink:to="label_InformationAboutAuditsTextBlock_2" />
    <link:label xlink:type="resource" xlink:label="label_RemunerationForDirectorsAndOtherOfficersTextBlock" xml:lang="en" xlink:role="http://www.xbrl.org/2003/role/label" id="label_RemunerationForDirectorsAndOtherOfficersTextBlock">Remuneration for directors (and other officers)</link:label>
    <link:labelArc xlink:type="arc" xlink:arcrole="http://www.xbrl.org/2003/arcrole/concept-label" xlink:from="RemunerationForDirectorsAndOtherOfficersTextBlock" xlink:to="label_RemunerationForDirectorsAndOtherOfficersTextBlock" />
    <link:label xlink:type="resource" xlink:label="label_RemunerationForDirectorsAndOtherOfficersTextBlock_2" xml:lang="en" xlink:role="http://www.xbrl.org/2003/role/verboseLabel" id="label_RemunerationForDirectorsAndOtherOfficersTextBlock_2">Remuneration for directors (and other officers) [text block]</link:label>
    <link:labelArc xlink:type="arc" xlink:arcrole="http://www.xbrl.org/2003/arcrole/concept-label" xlink:from="RemunerationForDirectorsAndOtherOfficersTextBlock" xlink:to="label_RemunerationForDirectorsAndOtherOfficersTextBlock_2" />
    <link:label xlink:type="resource" xlink:label="label_EquitySecuritiesHeldTextBlock" xml:lang="en" xlink:role="http://www.xbrl.org/2003/role/label" id="label_EquitySecuritiesHeldTextBlock">Equity securities held</link:label>
    <link:labelArc xlink:type="arc" xlink:arcrole="http://www.xbrl.org/2003/arcrole/concept-label" xlink:from="EquitySecuritiesHeldTextBlock" xlink:to="label_EquitySecuritiesHeldTextBlock" />
    <link:label xlink:type="resource" xlink:label="label_EquitySecuritiesHeldTextBlock_2" xml:lang="en" xlink:role="http://www.xbrl.org/2003/role/verboseLabel" id="label_EquitySecuritiesHeldTextBlock_2">Equity securities held [text block]</link:label>
    <link:labelArc xlink:type="arc" xlink:arcrole="http://www.xbrl.org/2003/arcrole/concept-label" xlink:from="EquitySecuritiesHeldTextBlock" xlink:to="label_EquitySecuritiesHeldTextBlock_2" />
    <link:label xlink:type="resource" xlink:label="label_OverviewOfCorporateGovernanceHeading" xml:lang="en" xlink:role="http://www.xbrl.org/2003/role/label" id="label_OverviewOfCorporateGovernanceHeading">Overview of corporate governance</link:label>
    <link:labelArc xlink:type="arc" xlink:arcrole="http://www.xbrl.org/2003/arcrole/concept-label" xlink:from="OverviewOfCorporateGovernanceHeading" xlink:to="label_OverviewOfCorporateGovernanceHeading" />
    <link:label xlink:type="resource" xlink:label="label_OverviewOfCorporateGovernanceHeading_2" xml:lang="en" xlink:role="http://www.xbrl.org/2003/role/verboseLabel" id="label_OverviewOfCorporateGovernanceHeading_2">Overview of corporate governance [heading]</link:label>
    <link:labelArc xlink:type="arc" xlink:arcrole="http://www.xbrl.org/2003/arcrole/concept-label" xlink:from="OverviewOfCorporateGovernanceHeading" xlink:to="label_OverviewOfCorporateGovernanceHeading_2" />
    <link:label xlink:type="resource" xlink:label="label_EquitySecuritiesHeldHeading" xml:lang="en" xlink:role="http://www.xbrl.org/2003/role/label" id="label_EquitySecuritiesHeldHeading">Equity securities held</link:label>
    <link:labelArc xlink:type="arc" xlink:arcrole="http://www.xbrl.org/2003/arcrole/concept-label" xlink:from="EquitySecuritiesHeldHeading" xlink:to="label_EquitySecuritiesHeldHeading" />
    <link:label xlink:type="resource" xlink:label="label_EquitySecuritiesHeldHeading_2" xml:lang="en" xlink:role="http://www.xbrl.org/2003/role/verboseLabel" id="label_EquitySecuritiesHeldHeading_2">Equity securities held [heading]</link:label>
    <link:labelArc xlink:type="arc" xlink:arcrole="http://www.xbrl.org/2003/arcrole/concept-label" xlink:from="EquitySecuritiesHeldHeading" xlink:to="label_EquitySecuritiesHeldHeading_2" />
    <link:label xlink:type="resource" xlink:label="label_TotalShareholderReturn" xml:lang="en" xlink:role="http://www.xbrl.org/2003/role/label" id="label_TotalShareholderReturn">Total shareholder return</link:label>
    <link:labelArc xlink:type="arc" xlink:arcrole="http://www.xbrl.org/2003/arcrole/concept-label" xlink:from="TotalShareholderReturn" xlink:to="label_TotalShareholderReturn" />
    <link:label xlink:type="resource" xlink:label="label_TotalShareholderReturn_2" xml:lang="en" xlink:role="http://www.xbrl.org/2003/role/verboseLabel" id="label_TotalShareholderReturn_2">Total shareholder return</link:label>
    <link:labelArc xlink:type="arc" xlink:arcrole="http://www.xbrl.org/2003/arcrole/concept-label" xlink:from="TotalShareholderReturn" xlink:to="label_TotalShareholderReturn_2" />
    <link:label xlink:type="resource" xlink:label="label_TotalReturnOnSharePriceIndex" xml:lang="en" xlink:role="http://www.xbrl.org/2003/role/label" id="label_TotalReturnOnSharePriceIndex">Total return on share price index</link:label>
    <link:labelArc xlink:type="arc" xlink:arcrole="http://www.xbrl.org/2003/arcrole/concept-label" xlink:from="TotalReturnOnSharePriceIndex" xlink:to="label_TotalReturnOnSharePriceIndex" />
    <link:label xlink:type="resource" xlink:label="label_TotalReturnOnSharePriceIndex_2" xml:lang="en" xlink:role="http://www.xbrl.org/2003/role/verboseLabel" id="label_TotalReturnOnSharePriceIndex_2">Total return on share price index</link:label>
    <link:labelArc xlink:type="arc" xlink:arcrole="http://www.xbrl.org/2003/arcrole/concept-label" xlink:from="TotalReturnOnSharePriceIndex" xlink:to="label_TotalReturnOnSharePriceIndex_2" />
    <link:label xlink:type="resource" xlink:label="label_RestrictedStockPaymentWithTransfer" xml:lang="en" xlink:role="http://www.xbrl.org/2003/role/label" id="label_RestrictedStockPaymentWithTransfer">Restricted stock payment with transfer</link:label>
    <link:labelArc xlink:type="arc" xlink:arcrole="http://www.xbrl.org/2003/arcrole/concept-label" xlink:from="RestrictedStockPaymentWithTransfer" xlink:to="label_RestrictedStockPaymentWithTransfer" />
    <link:label xlink:type="resource" xlink:label="label_RestrictedStockPaymentWithTransfer_2" xml:lang="en" xlink:role="http://www.xbrl.org/2003/role/verboseLabel" id="label_RestrictedStockPaymentWithTransfer_2">Restricted stock payment with transfer</link:label>
    <link:labelArc xlink:type="arc" xlink:arcrole="http://www.xbrl.org/2003/arcrole/concept-label" xlink:from="RestrictedStockPaymentWithTransfer" xlink:to="label_RestrictedStockPaymentWithTransfer_2" />
    <link:label xlink:type="resource" xlink:label="label_OfficeTransferExpensesOpeCF" xml:lang="en" xlink:role="http://www.xbrl.org/2003/role/label" id="label_OfficeTransferExpensesOpeCF">office transfer expenses</link:label>
    <link:labelArc xlink:type="arc" xlink:arcrole="http://www.xbrl.org/2003/arcrole/concept-label" xlink:from="OfficeTransferExpensesOpeCF" xlink:to="label_OfficeTransferExpensesOpeCF" />
    <link:label xlink:type="resource" xlink:label="label_OfficeTransferExpensesOpeCF_2" xml:lang="en" xlink:role="http://www.xbrl.org/2003/role/verboseLabel" id="label_OfficeTransferExpensesOpeCF_2">office transfer expenses -OpeCF</link:label>
    <link:labelArc xlink:type="arc" xlink:arcrole="http://www.xbrl.org/2003/arcrole/concept-label" xlink:from="OfficeTransferExpensesOpeCF" xlink:to="label_OfficeTransferExpensesOpeCF_2" />
    <link:label xlink:type="resource" xlink:label="label_PenaltyIncome2OpeCF" xml:lang="en" xlink:role="http://www.xbrl.org/2003/role/label" id="label_PenaltyIncome2OpeCF">Penalty income</link:label>
    <link:labelArc xlink:type="arc" xlink:arcrole="http://www.xbrl.org/2003/arcrole/concept-label" xlink:from="PenaltyIncome2OpeCF" xlink:to="label_PenaltyIncome2OpeCF" />
    <link:label xlink:type="resource" xlink:label="label_PenaltyIncome2OpeCF_2" xml:lang="en" xlink:role="http://www.xbrl.org/2003/role/verboseLabel" id="label_PenaltyIncome2OpeCF_2">Penalty income-2-OpeCF</link:label>
    <link:labelArc xlink:type="arc" xlink:arcrole="http://www.xbrl.org/2003/arcrole/concept-label" xlink:from="PenaltyIncome2OpeCF" xlink:to="label_PenaltyIncome2OpeCF_2" />
    <link:label xlink:type="resource" xlink:label="label_LossGainOnSalesOfInvestmentsInCapitalOfSubsidiariesAndAssociatesOpeCF" xml:lang="en" xlink:role="http://www.xbrl.org/2003/role/label" id="label_LossGainOnSalesOfInvestmentsInCapitalOfSubsidiariesAndAssociatesOpeCF">Loss(gain)on sales of investments in capital of subsidiaries and associates</link:label>
    <link:labelArc xlink:type="arc" xlink:arcrole="http://www.xbrl.org/2003/arcrole/concept-label" xlink:from="LossGainOnSalesOfInvestmentsInCapitalOfSubsidiariesAndAssociatesOpeCF" xlink:to="label_LossGainOnSalesOfInvestmentsInCapitalOfSubsidiariesAndAssociatesOpeCF" />
    <link:label xlink:type="resource" xlink:label="label_LossGainOnSalesOfInvestmentsInCapitalOfSubsidiariesAndAssociatesOpeCF_2" xml:lang="en" xlink:role="http://www.xbrl.org/2003/role/verboseLabel" id="label_LossGainOnSalesOfInvestmentsInCapitalOfSubsidiariesAndAssociatesOpeCF_2">Loss(gain)on sales of investments in capital of subsidiaries and associates-OpeCF</link:label>
    <link:labelArc xlink:type="arc" xlink:arcrole="http://www.xbrl.org/2003/arcrole/concept-label" xlink:from="LossGainOnSalesOfInvestmentsInCapitalOfSubsidiariesAndAssociatesOpeCF" xlink:to="label_LossGainOnSalesOfInvestmentsInCapitalOfSubsidiariesAndAssociatesOpeCF_2" />
    <link:label xlink:type="resource" xlink:label="label_DecreaseIncreaseInTemporaryPaymentsOpeCF" xml:lang="en" xlink:role="http://www.xbrl.org/2003/role/label" id="label_DecreaseIncreaseInTemporaryPaymentsOpeCF">Decrease (increase) in temporary payments</link:label>
    <link:labelArc xlink:type="arc" xlink:arcrole="http://www.xbrl.org/2003/arcrole/concept-label" xlink:from="DecreaseIncreaseInTemporaryPaymentsOpeCF" xlink:to="label_DecreaseIncreaseInTemporaryPaymentsOpeCF" />
    <link:label xlink:type="resource" xlink:label="label_DecreaseIncreaseInTemporaryPaymentsOpeCF_2" xml:lang="en" xlink:role="http://www.xbrl.org/2003/role/verboseLabel" id="label_DecreaseIncreaseInTemporaryPaymentsOpeCF_2">Decrease (increase) in temporary payments-OpeCF</link:label>
    <link:labelArc xlink:type="arc" xlink:arcrole="http://www.xbrl.org/2003/arcrole/concept-label" xlink:from="DecreaseIncreaseInTemporaryPaymentsOpeCF" xlink:to="label_DecreaseIncreaseInTemporaryPaymentsOpeCF_2" />
    <link:label xlink:type="resource" xlink:label="label_PaymentsForBusinessCommencementExpensesOpeCF" xml:lang="en" xlink:role="http://www.xbrl.org/2003/role/label" id="label_PaymentsForBusinessCommencementExpensesOpeCF">Payments for business commencement expenses</link:label>
    <link:labelArc xlink:type="arc" xlink:arcrole="http://www.xbrl.org/2003/arcrole/concept-label" xlink:from="PaymentsForBusinessCommencementExpensesOpeCF" xlink:to="label_PaymentsForBusinessCommencementExpensesOpeCF" />
    <link:label xlink:type="resource" xlink:label="label_PaymentsForBusinessCommencementExpensesOpeCF_2" xml:lang="en" xlink:role="http://www.xbrl.org/2003/role/verboseLabel" id="label_PaymentsForBusinessCommencementExpensesOpeCF_2">Payments for business commencement expenses-OpeCF</link:label>
    <link:labelArc xlink:type="arc" xlink:arcrole="http://www.xbrl.org/2003/arcrole/concept-label" xlink:from="PaymentsForBusinessCommencementExpensesOpeCF" xlink:to="label_PaymentsForBusinessCommencementExpensesOpeCF_2" />
    <link:label xlink:type="resource" xlink:label="label_ProceedsFromSalesAndInstallmentBackFinCF" xml:lang="en" xlink:role="http://www.xbrl.org/2003/role/label" id="label_ProceedsFromSalesAndInstallmentBackFinCF">Proceeds from sales and installment back</link:label>
    <link:labelArc xlink:type="arc" xlink:arcrole="http://www.xbrl.org/2003/arcrole/concept-label" xlink:from="ProceedsFromSalesAndInstallmentBackFinCF" xlink:to="label_ProceedsFromSalesAndInstallmentBackFinCF" />
    <link:label xlink:type="resource" xlink:label="label_ProceedsFromSalesAndInstallmentBackFinCF_2" xml:lang="en" xlink:role="http://www.xbrl.org/2003/role/verboseLabel" id="label_ProceedsFromSalesAndInstallmentBackFinCF_2">Proceeds from sales and installment back-FinCF</link:label>
    <link:labelArc xlink:type="arc" xlink:arcrole="http://www.xbrl.org/2003/arcrole/concept-label" xlink:from="ProceedsFromSalesAndInstallmentBackFinCF" xlink:to="label_ProceedsFromSalesAndInstallmentBackFinCF_2" />
    <link:label xlink:type="resource" xlink:label="label_IncreaseDecreaseInCloudFundingDepositFinCF" xml:lang="en" xlink:role="http://www.xbrl.org/2003/role/label" id="label_IncreaseDecreaseInCloudFundingDepositFinCF">Increase (decrease) in Cloud funding deposit</link:label>
    <link:labelArc xlink:type="arc" xlink:arcrole="http://www.xbrl.org/2003/arcrole/concept-label" xlink:from="IncreaseDecreaseInCloudFundingDepositFinCF" xlink:to="label_IncreaseDecreaseInCloudFundingDepositFinCF" />
    <link:label xlink:type="resource" xlink:label="label_IncreaseDecreaseInCloudFundingDepositFinCF_2" xml:lang="en" xlink:role="http://www.xbrl.org/2003/role/verboseLabel" id="label_IncreaseDecreaseInCloudFundingDepositFinCF_2">Increase (decrease) in Cloud funding deposit-FinCF</link:label>
    <link:labelArc xlink:type="arc" xlink:arcrole="http://www.xbrl.org/2003/arcrole/concept-label" xlink:from="IncreaseDecreaseInCloudFundingDepositFinCF" xlink:to="label_IncreaseDecreaseInCloudFundingDepositFinCF_2" />
    <link:label xlink:type="resource" xlink:label="label_GainOnCancellationOpeCF" xml:lang="en" xlink:role="http://www.xbrl.org/2003/role/label" id="label_GainOnCancellationOpeCF">Gain on cancellation</link:label>
    <link:labelArc xlink:type="arc" xlink:arcrole="http://www.xbrl.org/2003/arcrole/concept-label" xlink:from="GainOnCancellationOpeCF" xlink:to="label_GainOnCancellationOpeCF" />
    <link:label xlink:type="resource" xlink:label="label_GainOnCancellationOpeCF_2" xml:lang="en" xlink:role="http://www.xbrl.org/2003/role/verboseLabel" id="label_GainOnCancellationOpeCF_2">Gain on cancellation-OpeCF</link:label>
    <link:labelArc xlink:type="arc" xlink:arcrole="http://www.xbrl.org/2003/arcrole/concept-label" xlink:from="GainOnCancellationOpeCF" xlink:to="label_GainOnCancellationOpeCF_2" />
    <link:label xlink:type="resource" xlink:label="label_ProceedsFromSalesOfInvestmentsInAffiliatesInvCF" xml:lang="en" xlink:role="http://www.xbrl.org/2003/role/label" id="label_ProceedsFromSalesOfInvestmentsInAffiliatesInvCF">Proceeds from sales of investments in affiliates</link:label>
    <link:labelArc xlink:type="arc" xlink:arcrole="http://www.xbrl.org/2003/arcrole/concept-label" xlink:from="ProceedsFromSalesOfInvestmentsInAffiliatesInvCF" xlink:to="label_ProceedsFromSalesOfInvestmentsInAffiliatesInvCF" />
    <link:label xlink:type="resource" xlink:label="label_ProceedsFromSalesOfInvestmentsInAffiliatesInvCF_2" xml:lang="en" xlink:role="http://www.xbrl.org/2003/role/verboseLabel" id="label_ProceedsFromSalesOfInvestmentsInAffiliatesInvCF_2">Proceeds from sales of investments in affiliates -InvCF</link:label>
    <link:labelArc xlink:type="arc" xlink:arcrole="http://www.xbrl.org/2003/arcrole/concept-label" xlink:from="ProceedsFromSalesOfInvestmentsInAffiliatesInvCF" xlink:to="label_ProceedsFromSalesOfInvestmentsInAffiliatesInvCF_2" />
    <link:label xlink:type="resource" xlink:label="label_UnamortizedBalanceOfGoodwill" xml:lang="en" xlink:role="http://www.xbrl.org/2003/role/label" id="label_UnamortizedBalanceOfGoodwill">Unamortized balance of goodwill</link:label>
    <link:labelArc xlink:type="arc" xlink:arcrole="http://www.xbrl.org/2003/arcrole/concept-label" xlink:from="UnamortizedBalanceOfGoodwill" xlink:to="label_UnamortizedBalanceOfGoodwill" />
    <link:label xlink:type="resource" xlink:label="label_UnamortizedBalanceOfGoodwill_2" xml:lang="en" xlink:role="http://www.xbrl.org/2003/role/verboseLabel" id="label_UnamortizedBalanceOfGoodwill_2">Unamortized balance of goodwill</link:label>
    <link:labelArc xlink:type="arc" xlink:arcrole="http://www.xbrl.org/2003/arcrole/concept-label" xlink:from="UnamortizedBalanceOfGoodwill" xlink:to="label_UnamortizedBalanceOfGoodwill_2" />
    <link:label xlink:type="resource" xlink:label="label_SBYReportableSegmentsMember" xml:lang="en" xlink:role="http://www.xbrl.org/2003/role/label" id="label_SBYReportableSegmentsMember">SBY</link:label>
    <link:labelArc xlink:type="arc" xlink:arcrole="http://www.xbrl.org/2003/arcrole/concept-label" xlink:from="SBYReportableSegmentsMember" xlink:to="label_SBYReportableSegmentsMember" />
    <link:label xlink:type="resource" xlink:label="label_SBYReportableSegmentsMember_2" xml:lang="en" xlink:role="http://www.xbrl.org/2003/role/verboseLabel" id="label_SBYReportableSegmentsMember_2">SBY, Reportable segments [member]</link:label>
    <link:labelArc xlink:type="arc" xlink:arcrole="http://www.xbrl.org/2003/arcrole/concept-label" xlink:from="SBYReportableSegmentsMember" xlink:to="label_SBYReportableSegmentsMember_2" />
    <link:label xlink:type="resource" xlink:label="label_FATBURGERReportableSegmentsMember" xml:lang="en" xlink:role="http://www.xbrl.org/2003/role/label" id="label_FATBURGERReportableSegmentsMember">FATBURGER</link:label>
    <link:labelArc xlink:type="arc" xlink:arcrole="http://www.xbrl.org/2003/arcrole/concept-label" xlink:from="FATBURGERReportableSegmentsMember" xlink:to="label_FATBURGERReportableSegmentsMember" />
    <link:label xlink:type="resource" xlink:label="label_FATBURGERReportableSegmentsMember_2" xml:lang="en" xlink:role="http://www.xbrl.org/2003/role/verboseLabel" id="label_FATBURGERReportableSegmentsMember_2">FATBURGER, Reportable segments [member]</link:label>
    <link:labelArc xlink:type="arc" xlink:arcrole="http://www.xbrl.org/2003/arcrole/concept-label" xlink:from="FATBURGERReportableSegmentsMember" xlink:to="label_FATBURGERReportableSegmentsMember_2" />
    <link:label xlink:type="resource" xlink:label="label_InformationAboutAuditsHeading" xml:lang="en" xlink:role="http://www.xbrl.org/2003/role/label" id="label_InformationAboutAuditsHeading">Information about audits</link:label>
    <link:labelArc xlink:type="arc" xlink:arcrole="http://www.xbrl.org/2003/arcrole/concept-label" xlink:from="InformationAboutAuditsHeading" xlink:to="label_InformationAboutAuditsHeading" />
    <link:label xlink:type="resource" xlink:label="label_InformationAboutAuditsHeading_2" xml:lang="en" xlink:role="http://www.xbrl.org/2003/role/verboseLabel" id="label_InformationAboutAuditsHeading_2">Information about audits [heading]</link:label>
    <link:labelArc xlink:type="arc" xlink:arcrole="http://www.xbrl.org/2003/arcrole/concept-label" xlink:from="InformationAboutAuditsHeading" xlink:to="label_InformationAboutAuditsHeading_2" />
    <link:label xlink:type="resource" xlink:label="label_ShareBasedCompensationExpensesWithTransferRestrictionsRemunerationEtcByCategoryOfDirectorsAndOtherOfficers" xml:lang="en" xlink:role="http://www.xbrl.org/2003/role/label" id="label_ShareBasedCompensationExpensesWithTransferRestrictionsRemunerationEtcByCategoryOfDirectorsAndOtherOfficers">Share-based compensation expenses with transfer restrictions</link:label>
    <link:labelArc xlink:type="arc" xlink:arcrole="http://www.xbrl.org/2003/arcrole/concept-label" xlink:from="ShareBasedCompensationExpensesWithTransferRestrictionsRemunerationEtcByCategoryOfDirectorsAndOtherOfficers" xlink:to="label_ShareBasedCompensationExpensesWithTransferRestrictionsRemunerationEtcByCategoryOfDirectorsAndOtherOfficers" />
    <link:label xlink:type="resource" xlink:label="label_ShareBasedCompensationExpensesWithTransferRestrictionsRemunerationEtcByCategoryOfDirectorsAndOtherOfficers_2" xml:lang="en" xlink:role="http://www.xbrl.org/2003/role/verboseLabel" id="label_ShareBasedCompensationExpensesWithTransferRestrictionsRemunerationEtcByCategoryOfDirectorsAndOtherOfficers_2">Share-based compensation expenses with transfer restrictions, Remuneration, etc. by category of directors (and other officers)</link:label>
    <link:labelArc xlink:type="arc" xlink:arcrole="http://www.xbrl.org/2003/arcrole/concept-label" xlink:from="ShareBasedCompensationExpensesWithTransferRestrictionsRemunerationEtcByCategoryOfDirectorsAndOtherOfficers" xlink:to="label_ShareBasedCompensationExpensesWithTransferRestrictionsRemunerationEtcByCategoryOfDirectorsAndOtherOfficers_2" />
    <link:label xlink:type="resource" xlink:label="label_RemunerationForDirectorsAndOtherOfficersHeading" xml:lang="en" xlink:role="http://www.xbrl.org/2003/role/label" id="label_RemunerationForDirectorsAndOtherOfficersHeading">Remuneration for directors (and other officers)</link:label>
    <link:labelArc xlink:type="arc" xlink:arcrole="http://www.xbrl.org/2003/arcrole/concept-label" xlink:from="RemunerationForDirectorsAndOtherOfficersHeading" xlink:to="label_RemunerationForDirectorsAndOtherOfficersHeading" />
    <link:label xlink:type="resource" xlink:label="label_RemunerationForDirectorsAndOtherOfficersHeading_2" xml:lang="en" xlink:role="http://www.xbrl.org/2003/role/verboseLabel" id="label_RemunerationForDirectorsAndOtherOfficersHeading_2">Remuneration for directors (and other officers) [heading]</link:label>
    <link:labelArc xlink:type="arc" xlink:arcrole="http://www.xbrl.org/2003/arcrole/concept-label" xlink:from="RemunerationForDirectorsAndOtherOfficersHeading" xlink:to="label_RemunerationForDirectorsAndOtherOfficersHeading_2" />
    <link:label xlink:type="resource" xlink:label="label_EnvironmentalConnectionReportableSegmentsMember" xml:lang="en" xlink:role="http://www.xbrl.org/2003/role/label" id="label_EnvironmentalConnectionReportableSegmentsMember">Environmental connection</link:label>
    <link:labelArc xlink:type="arc" xlink:arcrole="http://www.xbrl.org/2003/arcrole/concept-label" xlink:from="EnvironmentalConnectionReportableSegmentsMember" xlink:to="label_EnvironmentalConnectionReportableSegmentsMember" />
    <link:label xlink:type="resource" xlink:label="label_EnvironmentalConnectionReportableSegmentsMember_2" xml:lang="en" xlink:role="http://www.xbrl.org/2003/role/verboseLabel" id="label_EnvironmentalConnectionReportableSegmentsMember_2">Environmental connection, Reportable segments [member]</link:label>
    <link:labelArc xlink:type="arc" xlink:arcrole="http://www.xbrl.org/2003/arcrole/concept-label" xlink:from="EnvironmentalConnectionReportableSegmentsMember" xlink:to="label_EnvironmentalConnectionReportableSegmentsMember_2" />
    <link:label xlink:type="resource" xlink:label="label_OfficialTitleOrPositionInformationAboutDirectorsAndCorporateAuditors" xml:lang="en" xlink:role="http://www.xbrl.org/2003/role/label" id="label_OfficialTitleOrPositionInformationAboutDirectorsAndCorporateAuditors">Official title or position</link:label>
    <link:labelArc xlink:type="arc" xlink:arcrole="http://www.xbrl.org/2003/arcrole/concept-label" xlink:from="OfficialTitleOrPositionInformationAboutDirectorsAndCorporateAuditors" xlink:to="label_OfficialTitleOrPositionInformationAboutDirectorsAndCorporateAuditors" />
    <link:label xlink:type="resource" xlink:label="label_OfficialTitleOrPositionInformationAboutDirectorsAndCorporateAuditors_2" xml:lang="en" xlink:role="http://www.xbrl.org/2003/role/verboseLabel" id="label_OfficialTitleOrPositionInformationAboutDirectorsAndCorporateAuditors_2">Official title or position, Information about directors (and corporate auditors)</link:label>
    <link:labelArc xlink:type="arc" xlink:arcrole="http://www.xbrl.org/2003/arcrole/concept-label" xlink:from="OfficialTitleOrPositionInformationAboutDirectorsAndCorporateAuditors" xlink:to="label_OfficialTitleOrPositionInformationAboutDirectorsAndCorporateAuditors_2" />
    <link:label xlink:type="resource" xlink:label="label_SaekiTakeshiMember" xml:lang="en" xlink:role="http://www.xbrl.org/2003/role/label" id="label_SaekiTakeshiMember">saeki takeshi</link:label>
    <link:labelArc xlink:type="arc" xlink:arcrole="http://www.xbrl.org/2003/arcrole/concept-label" xlink:from="SaekiTakeshiMember" xlink:to="label_SaekiTakeshiMember" />
    <link:label xlink:type="resource" xlink:label="label_SaekiTakeshiMember_2" xml:lang="en" xlink:role="http://www.xbrl.org/2003/role/verboseLabel" id="label_SaekiTakeshiMember_2">saeki takeshi [member]</link:label>
    <link:labelArc xlink:type="arc" xlink:arcrole="http://www.xbrl.org/2003/arcrole/concept-label" xlink:from="SaekiTakeshiMember" xlink:to="label_SaekiTakeshiMember_2" />
    <link:label xlink:type="resource" xlink:label="label_MatsumotoTakashiMember" xml:lang="en" xlink:role="http://www.xbrl.org/2003/role/label" id="label_MatsumotoTakashiMember">matsumoto takashi</link:label>
    <link:labelArc xlink:type="arc" xlink:arcrole="http://www.xbrl.org/2003/arcrole/concept-label" xlink:from="MatsumotoTakashiMember" xlink:to="label_MatsumotoTakashiMember" />
    <link:label xlink:type="resource" xlink:label="label_MatsumotoTakashiMember_2" xml:lang="en" xlink:role="http://www.xbrl.org/2003/role/verboseLabel" id="label_MatsumotoTakashiMember_2">matsumoto takashi [member]</link:label>
    <link:labelArc xlink:type="arc" xlink:arcrole="http://www.xbrl.org/2003/arcrole/concept-label" xlink:from="MatsumotoTakashiMember" xlink:to="label_MatsumotoTakashiMember_2" />
    <link:label xlink:type="resource" xlink:label="label_ShigetomiMasahiroMember" xml:lang="en" xlink:role="http://www.xbrl.org/2003/role/label" id="label_ShigetomiMasahiroMember">shigetomi masahiro</link:label>
    <link:labelArc xlink:type="arc" xlink:arcrole="http://www.xbrl.org/2003/arcrole/concept-label" xlink:from="ShigetomiMasahiroMember" xlink:to="label_ShigetomiMasahiroMember" />
    <link:label xlink:type="resource" xlink:label="label_ShigetomiMasahiroMember_2" xml:lang="en" xlink:role="http://www.xbrl.org/2003/role/verboseLabel" id="label_ShigetomiMasahiroMember_2">shigetomi masahiro [member]</link:label>
    <link:labelArc xlink:type="arc" xlink:arcrole="http://www.xbrl.org/2003/arcrole/concept-label" xlink:from="ShigetomiMasahiroMember" xlink:to="label_ShigetomiMasahiroMember_2" />
    <link:label xlink:type="resource" xlink:label="label_ShojiMatsuyamaMember" xml:lang="en" xlink:role="http://www.xbrl.org/2003/role/verboseLabel" id="label_ShojiMatsuyamaMember">Shoji Matsuyama [member]</link:label>
    <link:labelArc xlink:type="arc" xlink:arcrole="http://www.xbrl.org/2003/arcrole/concept-label" xlink:from="ShojiMatsuyamaMember" xlink:to="label_ShojiMatsuyamaMember" />
    <link:label xlink:type="resource" xlink:label="label_ShojiMatsuyamaMember_2" xml:lang="en" xlink:role="http://www.xbrl.org/2003/role/label" id="label_ShojiMatsuyamaMember_2">Shoji Matsuyama</link:label>
    <link:labelArc xlink:type="arc" xlink:arcrole="http://www.xbrl.org/2003/arcrole/concept-label" xlink:from="ShojiMatsuyamaMember" xlink:to="label_ShojiMatsuyamaMember_2" />
    <link:label xlink:type="resource" xlink:label="label_ShuheiHommaMember" xml:lang="en" xlink:role="http://www.xbrl.org/2003/role/verboseLabel" id="label_ShuheiHommaMember">Shuhei Homma [member]</link:label>
    <link:labelArc xlink:type="arc" xlink:arcrole="http://www.xbrl.org/2003/arcrole/concept-label" xlink:from="ShuheiHommaMember" xlink:to="label_ShuheiHommaMember" />
    <link:label xlink:type="resource" xlink:label="label_ShuheiHommaMember_2" xml:lang="en" xlink:role="http://www.xbrl.org/2003/role/label" id="label_ShuheiHommaMember_2">Shuhei Homma</link:label>
    <link:labelArc xlink:type="arc" xlink:arcrole="http://www.xbrl.org/2003/arcrole/concept-label" xlink:from="ShuheiHommaMember" xlink:to="label_ShuheiHommaMember_2" />
    <link:label xlink:type="resource" xlink:label="label_ShuichiKawasakiMember" xml:lang="en" xlink:role="http://www.xbrl.org/2003/role/verboseLabel" id="label_ShuichiKawasakiMember">Shuichi Kawasaki [member]</link:label>
    <link:labelArc xlink:type="arc" xlink:arcrole="http://www.xbrl.org/2003/arcrole/concept-label" xlink:from="ShuichiKawasakiMember" xlink:to="label_ShuichiKawasakiMember" />
    <link:label xlink:type="resource" xlink:label="label_ShuichiKawasakiMember_2" xml:lang="en" xlink:role="http://www.xbrl.org/2003/role/label" id="label_ShuichiKawasakiMember_2">Shuichi Kawasaki</link:label>
    <link:labelArc xlink:type="arc" xlink:arcrole="http://www.xbrl.org/2003/arcrole/concept-label" xlink:from="ShuichiKawasakiMember" xlink:to="label_ShuichiKawasakiMember_2" />
    <link:label xlink:type="resource" xlink:label="label_HirokazuKasaharaMember" xml:lang="en" xlink:role="http://www.xbrl.org/2003/role/verboseLabel" id="label_HirokazuKasaharaMember">Hirokazu Kasahara [member]</link:label>
    <link:labelArc xlink:type="arc" xlink:arcrole="http://www.xbrl.org/2003/arcrole/concept-label" xlink:from="HirokazuKasaharaMember" xlink:to="label_HirokazuKasaharaMember" />
    <link:label xlink:type="resource" xlink:label="label_HirokazuKasaharaMember_2" xml:lang="en" xlink:role="http://www.xbrl.org/2003/role/label" id="label_HirokazuKasaharaMember_2">Hirokazu Kasahara</link:label>
    <link:labelArc xlink:type="arc" xlink:arcrole="http://www.xbrl.org/2003/arcrole/concept-label" xlink:from="HirokazuKasaharaMember" xlink:to="label_HirokazuKasaharaMember_2" />
    <link:label xlink:type="resource" xlink:label="label_HiroshiEndoMember" xml:lang="en" xlink:role="http://www.xbrl.org/2003/role/verboseLabel" id="label_HiroshiEndoMember">Hiroshi Endo [member]</link:label>
    <link:labelArc xlink:type="arc" xlink:arcrole="http://www.xbrl.org/2003/arcrole/concept-label" xlink:from="HiroshiEndoMember" xlink:to="label_HiroshiEndoMember" />
    <link:label xlink:type="resource" xlink:label="label_HiroshiEndoMember_2" xml:lang="en" xlink:role="http://www.xbrl.org/2003/role/label" id="label_HiroshiEndoMember_2">Hiroshi Endo</link:label>
    <link:labelArc xlink:type="arc" xlink:arcrole="http://www.xbrl.org/2003/arcrole/concept-label" xlink:from="HiroshiEndoMember" xlink:to="label_HiroshiEndoMember_2" />
    <link:label xlink:type="resource" xlink:label="label_TrademarkOutstandingAccountIA" xml:lang="en" xlink:role="http://www.xbrl.org/2003/role/label" id="label_TrademarkOutstandingAccountIA">Trademark outstanding account</link:label>
    <link:labelArc xlink:type="arc" xlink:arcrole="http://www.xbrl.org/2003/arcrole/concept-label" xlink:from="TrademarkOutstandingAccountIA" xlink:to="label_TrademarkOutstandingAccountIA" />
    <link:label xlink:type="resource" xlink:label="label_TrademarkOutstandingAccountIA_2" xml:lang="en" xlink:role="http://www.xbrl.org/2003/role/verboseLabel" id="label_TrademarkOutstandingAccountIA_2">Trademark outstanding account -IA</link:label>
    <link:labelArc xlink:type="arc" xlink:arcrole="http://www.xbrl.org/2003/arcrole/concept-label" xlink:from="TrademarkOutstandingAccountIA" xlink:to="label_TrademarkOutstandingAccountIA_2" />
    <link:label xlink:type="resource" xlink:label="label_ProvisionForTransferCostsCL" xml:lang="en" xlink:role="http://www.xbrl.org/2003/role/label" id="label_ProvisionForTransferCostsCL">Provision for transfer costs</link:label>
    <link:labelArc xlink:type="arc" xlink:arcrole="http://www.xbrl.org/2003/arcrole/concept-label" xlink:from="ProvisionForTransferCostsCL" xlink:to="label_ProvisionForTransferCostsCL" />
    <link:label xlink:type="resource" xlink:label="label_ProvisionForTransferCostsCL_2" xml:lang="en" xlink:role="http://www.xbrl.org/2003/role/verboseLabel" id="label_ProvisionForTransferCostsCL_2">Provision for transfer costs-CL</link:label>
    <link:labelArc xlink:type="arc" xlink:arcrole="http://www.xbrl.org/2003/arcrole/concept-label" xlink:from="ProvisionForTransferCostsCL" xlink:to="label_ProvisionForTransferCostsCL_2" />
    <link:label xlink:type="resource" xlink:label="label_GainOnSalesOfInvestmentsInCapitalOfSubsidiariesAndAssociatesEL" xml:lang="en" xlink:role="http://www.xbrl.org/2003/role/label" id="label_GainOnSalesOfInvestmentsInCapitalOfSubsidiariesAndAssociatesEL">Gain on sales of investments in capital of subsidiaries and associates</link:label>
    <link:labelArc xlink:type="arc" xlink:arcrole="http://www.xbrl.org/2003/arcrole/concept-label" xlink:from="GainOnSalesOfInvestmentsInCapitalOfSubsidiariesAndAssociatesEL" xlink:to="label_GainOnSalesOfInvestmentsInCapitalOfSubsidiariesAndAssociatesEL" />
    <link:label xlink:type="resource" xlink:label="label_GainOnSalesOfInvestmentsInCapitalOfSubsidiariesAndAssociatesEL_2" xml:lang="en" xlink:role="http://www.xbrl.org/2003/role/verboseLabel" id="label_GainOnSalesOfInvestmentsInCapitalOfSubsidiariesAndAssociatesEL_2">Gain on sales of investments in capital of subsidiaries and associates - EL</link:label>
    <link:labelArc xlink:type="arc" xlink:arcrole="http://www.xbrl.org/2003/arcrole/concept-label" xlink:from="GainOnSalesOfInvestmentsInCapitalOfSubsidiariesAndAssociatesEL" xlink:to="label_GainOnSalesOfInvestmentsInCapitalOfSubsidiariesAndAssociatesEL_2" />
    <link:label xlink:type="resource" xlink:label="label_GainOnCancellationEI" xml:lang="en" xlink:role="http://www.xbrl.org/2003/role/label" id="label_GainOnCancellationEI">Gain on cancellation</link:label>
    <link:labelArc xlink:type="arc" xlink:arcrole="http://www.xbrl.org/2003/arcrole/concept-label" xlink:from="GainOnCancellationEI" xlink:to="label_GainOnCancellationEI" />
    <link:label xlink:type="resource" xlink:label="label_GainOnCancellationEI_2" xml:lang="en" xlink:role="http://www.xbrl.org/2003/role/verboseLabel" id="label_GainOnCancellationEI_2">Gain on cancellation-EI</link:label>
    <link:labelArc xlink:type="arc" xlink:arcrole="http://www.xbrl.org/2003/arcrole/concept-label" xlink:from="GainOnCancellationEI" xlink:to="label_GainOnCancellationEI_2" />
    <link:label xlink:type="resource" xlink:label="label_ProvisionForTransferExpensesEL" xml:lang="en" xlink:role="http://www.xbrl.org/2003/role/label" id="label_ProvisionForTransferExpensesEL">Provision for transfer expenses</link:label>
    <link:labelArc xlink:type="arc" xlink:arcrole="http://www.xbrl.org/2003/arcrole/concept-label" xlink:from="ProvisionForTransferExpensesEL" xlink:to="label_ProvisionForTransferExpensesEL" />
    <link:label xlink:type="resource" xlink:label="label_ProvisionForTransferExpensesEL_2" xml:lang="en" xlink:role="http://www.xbrl.org/2003/role/verboseLabel" id="label_ProvisionForTransferExpensesEL_2">Provision for transfer expenses-EL</link:label>
    <link:labelArc xlink:type="arc" xlink:arcrole="http://www.xbrl.org/2003/arcrole/concept-label" xlink:from="ProvisionForTransferExpensesEL" xlink:to="label_ProvisionForTransferExpensesEL_2" />
    <link:label xlink:type="resource" xlink:label="label_RelocationRelatedCostsEL" xml:lang="en" xlink:role="http://www.xbrl.org/2003/role/label" id="label_RelocationRelatedCostsEL">Relocation related costs</link:label>
    <link:labelArc xlink:type="arc" xlink:arcrole="http://www.xbrl.org/2003/arcrole/concept-label" xlink:from="RelocationRelatedCostsEL" xlink:to="label_RelocationRelatedCostsEL" />
    <link:label xlink:type="resource" xlink:label="label_RelocationRelatedCostsEL_2" xml:lang="en" xlink:role="http://www.xbrl.org/2003/role/verboseLabel" id="label_RelocationRelatedCostsEL_2">Relocation related costs-EL</link:label>
    <link:labelArc xlink:type="arc" xlink:arcrole="http://www.xbrl.org/2003/arcrole/concept-label" xlink:from="RelocationRelatedCostsEL" xlink:to="label_RelocationRelatedCostsEL_2" />
    <link:label xlink:type="resource" xlink:label="label_ConsumptionTaxDifferenceNOI" xml:lang="en" xlink:role="http://www.xbrl.org/2003/role/label" id="label_ConsumptionTaxDifferenceNOI">Consumption tax difference</link:label>
    <link:labelArc xlink:type="arc" xlink:arcrole="http://www.xbrl.org/2003/arcrole/concept-label" xlink:from="ConsumptionTaxDifferenceNOI" xlink:to="label_ConsumptionTaxDifferenceNOI" />
    <link:label xlink:type="resource" xlink:label="label_ConsumptionTaxDifferenceNOI_2" xml:lang="en" xlink:role="http://www.xbrl.org/2003/role/verboseLabel" id="label_ConsumptionTaxDifferenceNOI_2">Consumption tax difference-NOI</link:label>
    <link:labelArc xlink:type="arc" xlink:arcrole="http://www.xbrl.org/2003/arcrole/concept-label" xlink:from="ConsumptionTaxDifferenceNOI" xlink:to="label_ConsumptionTaxDifferenceNOI_2" />
  </link:labelLink>
</link:linkbase>