<?xml version="1.0" encoding="utf-8"?>
<!-- Generated by PRONEXUS WORKS -->
<link:linkbase xmlns:link="http://www.xbrl.org/2003/linkbase" xmlns:xsi="http://www.w3.org/2001/XMLSchema-instance" xmlns:xbrli="http://www.xbrl.org/2003/instance" xmlns:xlink="http://www.w3.org/1999/xlink">
  <link:labelLink xlink:type="extended" xlink:role="http://www.xbrl.org/2003/role/link">
    <link:loc xlink:type="locator" xlink:href="jpcrp030000-asr-001_E24998-000_2019-08-31_01_2019-11-29.xsd#jpcrp030000-asr_E24998-000_InformationAboutEmployeesOfReportingCompanyTable" xlink:label="InformationAboutEmployeesOfReportingCompanyTable" />
    <link:loc xlink:type="locator" xlink:href="jpcrp030000-asr-001_E24998-000_2019-08-31_01_2019-11-29.xsd#jpcrp030000-asr_E24998-000_InformationAboutEmployeesOfReportingCompanyLineItems" xlink:label="InformationAboutEmployeesOfReportingCompanyLineItems" />
    <link:loc xlink:type="locator" xlink:href="jpcrp030000-asr-001_E24998-000_2019-08-31_01_2019-11-29.xsd#jpcrp030000-asr_E24998-000_TrademarkOutstandingAccountIA" xlink:label="TrademarkOutstandingAccountIA" />
    <link:loc xlink:type="locator" xlink:href="jpcrp030000-asr-001_E24998-000_2019-08-31_01_2019-11-29.xsd#jpcrp030000-asr_E24998-000_OfficeTransferExpensesOpeCF" xlink:label="OfficeTransferExpensesOpeCF" />
    <link:loc xlink:type="locator" xlink:href="jpcrp030000-asr-001_E24998-000_2019-08-31_01_2019-11-29.xsd#jpcrp030000-asr_E24998-000_PenaltyIncome2OpeCF" xlink:label="PenaltyIncome2OpeCF" />
    <link:loc xlink:type="locator" xlink:href="jpcrp030000-asr-001_E24998-000_2019-08-31_01_2019-11-29.xsd#jpcrp030000-asr_E24998-000_LossGainOnSalesOfInvestmentsInCapitalOfSubsidiariesAndAssociatesOpeCF" xlink:label="LossGainOnSalesOfInvestmentsInCapitalOfSubsidiariesAndAssociatesOpeCF" />
    <link:loc xlink:type="locator" xlink:href="jpcrp030000-asr-001_E24998-000_2019-08-31_01_2019-11-29.xsd#jpcrp030000-asr_E24998-000_DecreaseIncreaseInTemporaryPaymentsOpeCF" xlink:label="DecreaseIncreaseInTemporaryPaymentsOpeCF" />
    <link:loc xlink:type="locator" xlink:href="jpcrp030000-asr-001_E24998-000_2019-08-31_01_2019-11-29.xsd#jpcrp030000-asr_E24998-000_PaymentsForBusinessCommencementExpensesOpeCF" xlink:label="PaymentsForBusinessCommencementExpensesOpeCF" />
    <link:loc xlink:type="locator" xlink:href="jpcrp030000-asr-001_E24998-000_2019-08-31_01_2019-11-29.xsd#jpcrp030000-asr_E24998-000_ProceedsFromSalesAndInstallmentBackFinCF" xlink:label="ProceedsFromSalesAndInstallmentBackFinCF" />
    <link:loc xlink:type="locator" xlink:href="jpcrp030000-asr-001_E24998-000_2019-08-31_01_2019-11-29.xsd#jpcrp030000-asr_E24998-000_IncreaseDecreaseInCloudFundingDepositFinCF" xlink:label="IncreaseDecreaseInCloudFundingDepositFinCF" />
    <link:loc xlink:type="locator" xlink:href="jpcrp030000-asr-001_E24998-000_2019-08-31_01_2019-11-29.xsd#jpcrp030000-asr_E24998-000_RestrictedStockPaymentWithTransfer" xlink:label="RestrictedStockPaymentWithTransfer" />
    <link:loc xlink:type="locator" xlink:href="jpcrp030000-asr-001_E24998-000_2019-08-31_01_2019-11-29.xsd#jpcrp030000-asr_E24998-000_GainOnSalesOfInvestmentsInCapitalOfSubsidiariesAndAssociatesEL" xlink:label="GainOnSalesOfInvestmentsInCapitalOfSubsidiariesAndAssociatesEL" />
    <link:loc xlink:type="locator" xlink:href="jpcrp030000-asr-001_E24998-000_2019-08-31_01_2019-11-29.xsd#jpcrp030000-asr_E24998-000_EnvironmentalConnectionReportableSegmentsMember" xlink:label="EnvironmentalConnectionReportableSegmentsMember" />
    <link:loc xlink:type="locator" xlink:href="jpcrp030000-asr-001_E24998-000_2019-08-31_01_2019-11-29.xsd#jpcrp030000-asr_E24998-000_SBYReportableSegmentsMember" xlink:label="SBYReportableSegmentsMember" />
    <link:loc xlink:type="locator" xlink:href="jpcrp030000-asr-001_E24998-000_2019-08-31_01_2019-11-29.xsd#jpcrp030000-asr_E24998-000_FATBURGERReportableSegmentsMember" xlink:label="FATBURGERReportableSegmentsMember" />
    <link:loc xlink:type="locator" xlink:href="jpcrp030000-asr-001_E24998-000_2019-08-31_01_2019-11-29.xsd#jpcrp030000-asr_E24998-000_NotesRegardingAssetsOfWhichOwnershipIsReservedDueToPaymentByInstallmentTextBlock" xlink:label="NotesRegardingAssetsOfWhichOwnershipIsReservedDueToPaymentByInstallmentTextBlock" />
    <link:loc xlink:type="locator" xlink:href="jpcrp030000-asr-001_E24998-000_2019-08-31_01_2019-11-29.xsd#jpcrp030000-asr_E24998-000_AccountingPolicyForSignificantDeferredAssetsTextBlock" xlink:label="AccountingPolicyForSignificantDeferredAssetsTextBlock" />
    <link:loc xlink:type="locator" xlink:href="jpcrp030000-asr-001_E24998-000_2019-08-31_01_2019-11-29.xsd#jpcrp030000-asr_E24998-000_ManagementAnalysisOfFinancialPositionOperatingResultsAndCashFlowsHeading" xlink:label="ManagementAnalysisOfFinancialPositionOperatingResultsAndCashFlowsHeading" />
    <link:loc xlink:type="locator" xlink:href="jpcrp030000-asr-001_E24998-000_2019-08-31_01_2019-11-29.xsd#jpcrp030000-asr_E24998-000_ManagementAnalysisOfFinancialPositionOperatingResultsAndCashFlowsTextBlock" xlink:label="ManagementAnalysisOfFinancialPositionOperatingResultsAndCashFlowsTextBlock" />
    <link:loc xlink:type="locator" xlink:href="jpcrp030000-asr-001_E24998-000_2019-08-31_01_2019-11-29.xsd#jpcrp030000-asr_E24998-000_OtherInformationAboutShareAcquisitionRightsHeading" xlink:label="OtherInformationAboutShareAcquisitionRightsHeading" />
    <link:loc xlink:type="locator" xlink:href="jpcrp030000-asr-001_E24998-000_2019-08-31_01_2019-11-29.xsd#jpcrp030000-asr_E24998-000_OtherInformationAboutShareAcquisitionRightsTextBlock" xlink:label="OtherInformationAboutShareAcquisitionRightsTextBlock" />
    <link:loc xlink:type="locator" xlink:href="jpcrp030000-asr-001_E24998-000_2019-08-31_01_2019-11-29.xsd#jpcrp030000-asr_E24998-000_OverviewOfCorporateGovernanceHeading" xlink:label="OverviewOfCorporateGovernanceHeading" />
    <link:loc xlink:type="locator" xlink:href="jpcrp030000-asr-001_E24998-000_2019-08-31_01_2019-11-29.xsd#jpcrp030000-asr_E24998-000_OverviewOfCorporateGovernanceTextBlock" xlink:label="OverviewOfCorporateGovernanceTextBlock" />
    <link:loc xlink:type="locator" xlink:href="jpcrp030000-asr-001_E24998-000_2019-08-31_01_2019-11-29.xsd#jpcrp030000-asr_E24998-000_OutsideDirectorsAndOutsideCorporateAuditorsInformationAboutDirectorsAndOtherOfficersTextBlock" xlink:label="OutsideDirectorsAndOutsideCorporateAuditorsInformationAboutDirectorsAndOtherOfficersTextBlock" />
    <link:loc xlink:type="locator" xlink:href="jpcrp030000-asr-001_E24998-000_2019-08-31_01_2019-11-29.xsd#jpcrp030000-asr_E24998-000_InformationAboutAuditsHeading" xlink:label="InformationAboutAuditsHeading" />
    <link:loc xlink:type="locator" xlink:href="jpcrp030000-asr-001_E24998-000_2019-08-31_01_2019-11-29.xsd#jpcrp030000-asr_E24998-000_InformationAboutAuditsTextBlock" xlink:label="InformationAboutAuditsTextBlock" />
    <link:loc xlink:type="locator" xlink:href="jpcrp030000-asr-001_E24998-000_2019-08-31_01_2019-11-29.xsd#jpcrp030000-asr_E24998-000_RemunerationForDirectorsAndOtherOfficersHeading" xlink:label="RemunerationForDirectorsAndOtherOfficersHeading" />
    <link:loc xlink:type="locator" xlink:href="jpcrp030000-asr-001_E24998-000_2019-08-31_01_2019-11-29.xsd#jpcrp030000-asr_E24998-000_RemunerationForDirectorsAndOtherOfficersTextBlock" xlink:label="RemunerationForDirectorsAndOtherOfficersTextBlock" />
    <link:loc xlink:type="locator" xlink:href="jpcrp030000-asr-001_E24998-000_2019-08-31_01_2019-11-29.xsd#jpcrp030000-asr_E24998-000_EquitySecuritiesHeldHeading" xlink:label="EquitySecuritiesHeldHeading" />
    <link:loc xlink:type="locator" xlink:href="jpcrp030000-asr-001_E24998-000_2019-08-31_01_2019-11-29.xsd#jpcrp030000-asr_E24998-000_EquitySecuritiesHeldTextBlock" xlink:label="EquitySecuritiesHeldTextBlock" />
    <link:loc xlink:type="locator" xlink:href="jpcrp030000-asr-001_E24998-000_2019-08-31_01_2019-11-29.xsd#jpcrp030000-asr_E24998-000_TotalShareholderReturn" xlink:label="TotalShareholderReturn" />
    <link:loc xlink:type="locator" xlink:href="jpcrp030000-asr-001_E24998-000_2019-08-31_01_2019-11-29.xsd#jpcrp030000-asr_E24998-000_TotalReturnOnSharePriceIndex" xlink:label="TotalReturnOnSharePriceIndex" />
    <link:loc xlink:type="locator" xlink:href="jpcrp030000-asr-001_E24998-000_2019-08-31_01_2019-11-29.xsd#jpcrp030000-asr_E24998-000_OfficialTitleOrPositionInformationAboutDirectorsAndCorporateAuditors" xlink:label="OfficialTitleOrPositionInformationAboutDirectorsAndCorporateAuditors" />
    <link:loc xlink:type="locator" xlink:href="jpcrp030000-asr-001_E24998-000_2019-08-31_01_2019-11-29.xsd#jpcrp030000-asr_E24998-000_UnamortizedBalanceOfGoodwill" xlink:label="UnamortizedBalanceOfGoodwill" />
    <link:loc xlink:type="locator" xlink:href="jpcrp030000-asr-001_E24998-000_2019-08-31_01_2019-11-29.xsd#jpcrp030000-asr_E24998-000_SaekiTakeshiMember" xlink:label="SaekiTakeshiMember" />
    <link:loc xlink:type="locator" xlink:href="jpcrp030000-asr-001_E24998-000_2019-08-31_01_2019-11-29.xsd#jpcrp030000-asr_E24998-000_MatsumotoTakashiMember" xlink:label="MatsumotoTakashiMember" />
    <link:loc xlink:type="locator" xlink:href="jpcrp030000-asr-001_E24998-000_2019-08-31_01_2019-11-29.xsd#jpcrp030000-asr_E24998-000_ShigetomiMasahiroMember" xlink:label="ShigetomiMasahiroMember" />
    <link:loc xlink:type="locator" xlink:href="jpcrp030000-asr-001_E24998-000_2019-08-31_01_2019-11-29.xsd#jpcrp030000-asr_E24998-000_ProvisionForTransferCostsCL" xlink:label="ProvisionForTransferCostsCL" />
    <link:loc xlink:type="locator" xlink:href="jpcrp030000-asr-001_E24998-000_2019-08-31_01_2019-11-29.xsd#jpcrp030000-asr_E24998-000_GainOnCancellationEI" xlink:label="GainOnCancellationEI" />
    <link:loc xlink:type="locator" xlink:href="jpcrp030000-asr-001_E24998-000_2019-08-31_01_2019-11-29.xsd#jpcrp030000-asr_E24998-000_ProvisionForTransferExpensesEL" xlink:label="ProvisionForTransferExpensesEL" />
    <link:loc xlink:type="locator" xlink:href="jpcrp030000-asr-001_E24998-000_2019-08-31_01_2019-11-29.xsd#jpcrp030000-asr_E24998-000_RelocationRelatedCostsEL" xlink:label="RelocationRelatedCostsEL" />
    <link:loc xlink:type="locator" xlink:href="jpcrp030000-asr-001_E24998-000_2019-08-31_01_2019-11-29.xsd#jpcrp030000-asr_E24998-000_GainOnCancellationOpeCF" xlink:label="GainOnCancellationOpeCF" />
    <link:loc xlink:type="locator" xlink:href="jpcrp030000-asr-001_E24998-000_2019-08-31_01_2019-11-29.xsd#jpcrp030000-asr_E24998-000_ProceedsFromSalesOfInvestmentsInAffiliatesInvCF" xlink:label="ProceedsFromSalesOfInvestmentsInAffiliatesInvCF" />
    <link:loc xlink:type="locator" xlink:href="jpcrp030000-asr-001_E24998-000_2019-08-31_01_2019-11-29.xsd#jpcrp030000-asr_E24998-000_ConsumptionTaxDifferenceNOI" xlink:label="ConsumptionTaxDifferenceNOI" />
    <link:loc xlink:type="locator" xlink:href="jpcrp030000-asr-001_E24998-000_2019-08-31_01_2019-11-29.xsd#jpcrp030000-asr_E24998-000_HirokazuKasaharaMember" xlink:label="HirokazuKasaharaMember" />
    <link:loc xlink:type="locator" xlink:href="jpcrp030000-asr-001_E24998-000_2019-08-31_01_2019-11-29.xsd#jpcrp030000-asr_E24998-000_HiroshiEndoMember" xlink:label="HiroshiEndoMember" />
    <link:loc xlink:type="locator" xlink:href="jpcrp030000-asr-001_E24998-000_2019-08-31_01_2019-11-29.xsd#jpcrp030000-asr_E24998-000_ShojiMatsuyamaMember" xlink:label="ShojiMatsuyamaMember" />
    <link:loc xlink:type="locator" xlink:href="jpcrp030000-asr-001_E24998-000_2019-08-31_01_2019-11-29.xsd#jpcrp030000-asr_E24998-000_ShuheiHommaMember" xlink:label="ShuheiHommaMember" />
    <link:loc xlink:type="locator" xlink:href="jpcrp030000-asr-001_E24998-000_2019-08-31_01_2019-11-29.xsd#jpcrp030000-asr_E24998-000_ShuichiKawasakiMember" xlink:label="ShuichiKawasakiMember" />
    <link:loc xlink:type="locator" xlink:href="jpcrp030000-asr-001_E24998-000_2019-08-31_01_2019-11-29.xsd#jpcrp030000-asr_E24998-000_ShareBasedCompensationExpensesWithTransferRestrictionsRemunerationEtcByCategoryOfDirectorsAndOtherOfficers" xlink:label="ShareBasedCompensationExpensesWithTransferRestrictionsRemunerationEtcByCategoryOfDirectorsAndOtherOfficers" />
    <link:label xlink:type="resource" xlink:label="label_NotesRegardingAssetsOfWhichOwnershipIsReservedDueToPaymentByInstallmentTextBlock" xml:lang="ja" xlink:role="http://www.xbrl.org/2003/role/label" id="label_NotesRegardingAssetsOfWhichOwnershipIsReservedDueToPaymentByInstallmentTextBlock">割賦払いによる所有権留保資産に関する注記</link:label>
    <link:labelArc xlink:type="arc" xlink:arcrole="http://www.xbrl.org/2003/arcrole/concept-label" xlink:from="NotesRegardingAssetsOfWhichOwnershipIsReservedDueToPaymentByInstallmentTextBlock" xlink:to="label_NotesRegardingAssetsOfWhichOwnershipIsReservedDueToPaymentByInstallmentTextBlock" />
    <link:label xlink:type="resource" xlink:label="label_NotesRegardingAssetsOfWhichOwnershipIsReservedDueToPaymentByInstallmentTextBlock_2" xml:lang="ja" xlink:role="http://www.xbrl.org/2003/role/verboseLabel" id="label_NotesRegardingAssetsOfWhichOwnershipIsReservedDueToPaymentByInstallmentTextBlock_2">割賦払いによる所有権留保資産に関する注記 [テキストブロック]</link:label>
    <link:labelArc xlink:type="arc" xlink:arcrole="http://www.xbrl.org/2003/arcrole/concept-label" xlink:from="NotesRegardingAssetsOfWhichOwnershipIsReservedDueToPaymentByInstallmentTextBlock" xlink:to="label_NotesRegardingAssetsOfWhichOwnershipIsReservedDueToPaymentByInstallmentTextBlock_2" />
    <link:label xlink:type="resource" xlink:label="label_AccountingPolicyForSignificantDeferredAssetsTextBlock" xml:lang="ja" xlink:role="http://www.xbrl.org/2003/role/label" id="label_AccountingPolicyForSignificantDeferredAssetsTextBlock">重要な繰延資産の処理方法</link:label>
    <link:labelArc xlink:type="arc" xlink:arcrole="http://www.xbrl.org/2003/arcrole/concept-label" xlink:from="AccountingPolicyForSignificantDeferredAssetsTextBlock" xlink:to="label_AccountingPolicyForSignificantDeferredAssetsTextBlock" />
    <link:label xlink:type="resource" xlink:label="label_AccountingPolicyForSignificantDeferredAssetsTextBlock_2" xml:lang="ja" xlink:role="http://www.xbrl.org/2003/role/verboseLabel" id="label_AccountingPolicyForSignificantDeferredAssetsTextBlock_2">重要な繰延資産の処理方法 [テキストブロック]</link:label>
    <link:labelArc xlink:type="arc" xlink:arcrole="http://www.xbrl.org/2003/arcrole/concept-label" xlink:from="AccountingPolicyForSignificantDeferredAssetsTextBlock" xlink:to="label_AccountingPolicyForSignificantDeferredAssetsTextBlock_2" />
    <link:label xlink:type="resource" xlink:label="label_InformationAboutEmployeesOfReportingCompanyTable" xml:lang="ja" xlink:role="http://www.xbrl.org/2003/role/label" id="label_InformationAboutEmployeesOfReportingCompanyTable">提出会社の従業員の状況</link:label>
    <link:labelArc xlink:type="arc" xlink:arcrole="http://www.xbrl.org/2003/arcrole/concept-label" xlink:from="InformationAboutEmployeesOfReportingCompanyTable" xlink:to="label_InformationAboutEmployeesOfReportingCompanyTable" />
    <link:label xlink:type="resource" xlink:label="label_InformationAboutEmployeesOfReportingCompanyTable_2" xml:lang="ja" xlink:role="http://www.xbrl.org/2003/role/verboseLabel" id="label_InformationAboutEmployeesOfReportingCompanyTable_2">提出会社の従業員の状況 [表]</link:label>
    <link:labelArc xlink:type="arc" xlink:arcrole="http://www.xbrl.org/2003/arcrole/concept-label" xlink:from="InformationAboutEmployeesOfReportingCompanyTable" xlink:to="label_InformationAboutEmployeesOfReportingCompanyTable_2" />
    <link:label xlink:type="resource" xlink:label="label_InformationAboutEmployeesOfReportingCompanyLineItems" xml:lang="ja" xlink:role="http://www.xbrl.org/2003/role/label" id="label_InformationAboutEmployeesOfReportingCompanyLineItems">提出会社の従業員の状況</link:label>
    <link:labelArc xlink:type="arc" xlink:arcrole="http://www.xbrl.org/2003/arcrole/concept-label" xlink:from="InformationAboutEmployeesOfReportingCompanyLineItems" xlink:to="label_InformationAboutEmployeesOfReportingCompanyLineItems" />
    <link:label xlink:type="resource" xlink:label="label_InformationAboutEmployeesOfReportingCompanyLineItems_2" xml:lang="ja" xlink:role="http://www.xbrl.org/2003/role/verboseLabel" id="label_InformationAboutEmployeesOfReportingCompanyLineItems_2">提出会社の従業員の状況 [表示項目]</link:label>
    <link:labelArc xlink:type="arc" xlink:arcrole="http://www.xbrl.org/2003/arcrole/concept-label" xlink:from="InformationAboutEmployeesOfReportingCompanyLineItems" xlink:to="label_InformationAboutEmployeesOfReportingCompanyLineItems_2" />
    <link:label xlink:type="resource" xlink:label="label_ManagementAnalysisOfFinancialPositionOperatingResultsAndCashFlowsHeading" xml:lang="ja" xlink:role="http://www.xbrl.org/2003/role/label" id="label_ManagementAnalysisOfFinancialPositionOperatingResultsAndCashFlowsHeading">経営者による財政状態、経営成績及びキャッシュ・フローの状況の分析</link:label>
    <link:labelArc xlink:type="arc" xlink:arcrole="http://www.xbrl.org/2003/arcrole/concept-label" xlink:from="ManagementAnalysisOfFinancialPositionOperatingResultsAndCashFlowsHeading" xlink:to="label_ManagementAnalysisOfFinancialPositionOperatingResultsAndCashFlowsHeading" />
    <link:label xlink:type="resource" xlink:label="label_ManagementAnalysisOfFinancialPositionOperatingResultsAndCashFlowsHeading_2" xml:lang="ja" xlink:role="http://www.xbrl.org/2003/role/verboseLabel" id="label_ManagementAnalysisOfFinancialPositionOperatingResultsAndCashFlowsHeading_2">経営者による財政状態、経営成績及びキャッシュ・フローの状況の分析 [目次項目]</link:label>
    <link:labelArc xlink:type="arc" xlink:arcrole="http://www.xbrl.org/2003/arcrole/concept-label" xlink:from="ManagementAnalysisOfFinancialPositionOperatingResultsAndCashFlowsHeading" xlink:to="label_ManagementAnalysisOfFinancialPositionOperatingResultsAndCashFlowsHeading_2" />
    <link:label xlink:type="resource" xlink:label="label_ManagementAnalysisOfFinancialPositionOperatingResultsAndCashFlowsTextBlock" xml:lang="ja" xlink:role="http://www.xbrl.org/2003/role/label" id="label_ManagementAnalysisOfFinancialPositionOperatingResultsAndCashFlowsTextBlock">経営者による財政状態、経営成績及びキャッシュ・フローの状況の分析</link:label>
    <link:labelArc xlink:type="arc" xlink:arcrole="http://www.xbrl.org/2003/arcrole/concept-label" xlink:from="ManagementAnalysisOfFinancialPositionOperatingResultsAndCashFlowsTextBlock" xlink:to="label_ManagementAnalysisOfFinancialPositionOperatingResultsAndCashFlowsTextBlock" />
    <link:label xlink:type="resource" xlink:label="label_ManagementAnalysisOfFinancialPositionOperatingResultsAndCashFlowsTextBlock_2" xml:lang="ja" xlink:role="http://www.xbrl.org/2003/role/verboseLabel" id="label_ManagementAnalysisOfFinancialPositionOperatingResultsAndCashFlowsTextBlock_2">経営者による財政状態、経営成績及びキャッシュ・フローの状況の分析 [テキストブロック]</link:label>
    <link:labelArc xlink:type="arc" xlink:arcrole="http://www.xbrl.org/2003/arcrole/concept-label" xlink:from="ManagementAnalysisOfFinancialPositionOperatingResultsAndCashFlowsTextBlock" xlink:to="label_ManagementAnalysisOfFinancialPositionOperatingResultsAndCashFlowsTextBlock_2" />
    <link:label xlink:type="resource" xlink:label="label_OtherInformationAboutShareAcquisitionRightsHeading" xml:lang="ja" xlink:role="http://www.xbrl.org/2003/role/label" id="label_OtherInformationAboutShareAcquisitionRightsHeading">その他の新株予約権等の状況</link:label>
    <link:labelArc xlink:type="arc" xlink:arcrole="http://www.xbrl.org/2003/arcrole/concept-label" xlink:from="OtherInformationAboutShareAcquisitionRightsHeading" xlink:to="label_OtherInformationAboutShareAcquisitionRightsHeading" />
    <link:label xlink:type="resource" xlink:label="label_OtherInformationAboutShareAcquisitionRightsHeading_2" xml:lang="ja" xlink:role="http://www.xbrl.org/2003/role/verboseLabel" id="label_OtherInformationAboutShareAcquisitionRightsHeading_2">その他の新株予約権等の状況 [目次項目]</link:label>
    <link:labelArc xlink:type="arc" xlink:arcrole="http://www.xbrl.org/2003/arcrole/concept-label" xlink:from="OtherInformationAboutShareAcquisitionRightsHeading" xlink:to="label_OtherInformationAboutShareAcquisitionRightsHeading_2" />
    <link:label xlink:type="resource" xlink:label="label_OtherInformationAboutShareAcquisitionRightsTextBlock" xml:lang="ja" xlink:role="http://www.xbrl.org/2003/role/label" id="label_OtherInformationAboutShareAcquisitionRightsTextBlock">その他の新株予約権等の状況</link:label>
    <link:labelArc xlink:type="arc" xlink:arcrole="http://www.xbrl.org/2003/arcrole/concept-label" xlink:from="OtherInformationAboutShareAcquisitionRightsTextBlock" xlink:to="label_OtherInformationAboutShareAcquisitionRightsTextBlock" />
    <link:label xlink:type="resource" xlink:label="label_OtherInformationAboutShareAcquisitionRightsTextBlock_2" xml:lang="ja" xlink:role="http://www.xbrl.org/2003/role/verboseLabel" id="label_OtherInformationAboutShareAcquisitionRightsTextBlock_2">その他の新株予約権等の状況 [テキストブロック]</link:label>
    <link:labelArc xlink:type="arc" xlink:arcrole="http://www.xbrl.org/2003/arcrole/concept-label" xlink:from="OtherInformationAboutShareAcquisitionRightsTextBlock" xlink:to="label_OtherInformationAboutShareAcquisitionRightsTextBlock_2" />
    <link:label xlink:type="resource" xlink:label="label_OverviewOfCorporateGovernanceTextBlock" xml:lang="ja" xlink:role="http://www.xbrl.org/2003/role/label" id="label_OverviewOfCorporateGovernanceTextBlock">コーポレート・ガバナンスの概要</link:label>
    <link:labelArc xlink:type="arc" xlink:arcrole="http://www.xbrl.org/2003/arcrole/concept-label" xlink:from="OverviewOfCorporateGovernanceTextBlock" xlink:to="label_OverviewOfCorporateGovernanceTextBlock" />
    <link:label xlink:type="resource" xlink:label="label_OverviewOfCorporateGovernanceTextBlock_2" xml:lang="ja" xlink:role="http://www.xbrl.org/2003/role/verboseLabel" id="label_OverviewOfCorporateGovernanceTextBlock_2">コーポレート・ガバナンスの概要 [テキストブロック]</link:label>
    <link:labelArc xlink:type="arc" xlink:arcrole="http://www.xbrl.org/2003/arcrole/concept-label" xlink:from="OverviewOfCorporateGovernanceTextBlock" xlink:to="label_OverviewOfCorporateGovernanceTextBlock_2" />
    <link:label xlink:type="resource" xlink:label="label_OutsideDirectorsAndOutsideCorporateAuditorsInformationAboutDirectorsAndOtherOfficersTextBlock" xml:lang="ja" xlink:role="http://www.xbrl.org/2003/role/label" id="label_OutsideDirectorsAndOutsideCorporateAuditorsInformationAboutDirectorsAndOtherOfficersTextBlock">社外取締役（及び社外監査役）</link:label>
    <link:labelArc xlink:type="arc" xlink:arcrole="http://www.xbrl.org/2003/arcrole/concept-label" xlink:from="OutsideDirectorsAndOutsideCorporateAuditorsInformationAboutDirectorsAndOtherOfficersTextBlock" xlink:to="label_OutsideDirectorsAndOutsideCorporateAuditorsInformationAboutDirectorsAndOtherOfficersTextBlock" />
    <link:label xlink:type="resource" xlink:label="label_OutsideDirectorsAndOutsideCorporateAuditorsInformationAboutDirectorsAndOtherOfficersTextBlock_2" xml:lang="ja" xlink:role="http://www.xbrl.org/2003/role/verboseLabel" id="label_OutsideDirectorsAndOutsideCorporateAuditorsInformationAboutDirectorsAndOtherOfficersTextBlock_2">社外取締役（及び社外監査役）、役員の状況 [テキストブロック]</link:label>
    <link:labelArc xlink:type="arc" xlink:arcrole="http://www.xbrl.org/2003/arcrole/concept-label" xlink:from="OutsideDirectorsAndOutsideCorporateAuditorsInformationAboutDirectorsAndOtherOfficersTextBlock" xlink:to="label_OutsideDirectorsAndOutsideCorporateAuditorsInformationAboutDirectorsAndOtherOfficersTextBlock_2" />
    <link:label xlink:type="resource" xlink:label="label_InformationAboutAuditsTextBlock" xml:lang="ja" xlink:role="http://www.xbrl.org/2003/role/label" id="label_InformationAboutAuditsTextBlock">監査の状況</link:label>
    <link:labelArc xlink:type="arc" xlink:arcrole="http://www.xbrl.org/2003/arcrole/concept-label" xlink:from="InformationAboutAuditsTextBlock" xlink:to="label_InformationAboutAuditsTextBlock" />
    <link:label xlink:type="resource" xlink:label="label_InformationAboutAuditsTextBlock_2" xml:lang="ja" xlink:role="http://www.xbrl.org/2003/role/verboseLabel" id="label_InformationAboutAuditsTextBlock_2">監査の状況 [テキストブロック]</link:label>
    <link:labelArc xlink:type="arc" xlink:arcrole="http://www.xbrl.org/2003/arcrole/concept-label" xlink:from="InformationAboutAuditsTextBlock" xlink:to="label_InformationAboutAuditsTextBlock_2" />
    <link:label xlink:type="resource" xlink:label="label_RemunerationForDirectorsAndOtherOfficersTextBlock" xml:lang="ja" xlink:role="http://www.xbrl.org/2003/role/label" id="label_RemunerationForDirectorsAndOtherOfficersTextBlock">役員の報酬等</link:label>
    <link:labelArc xlink:type="arc" xlink:arcrole="http://www.xbrl.org/2003/arcrole/concept-label" xlink:from="RemunerationForDirectorsAndOtherOfficersTextBlock" xlink:to="label_RemunerationForDirectorsAndOtherOfficersTextBlock" />
    <link:label xlink:type="resource" xlink:label="label_RemunerationForDirectorsAndOtherOfficersTextBlock_2" xml:lang="ja" xlink:role="http://www.xbrl.org/2003/role/verboseLabel" id="label_RemunerationForDirectorsAndOtherOfficersTextBlock_2">役員の報酬等 [テキストブロック]</link:label>
    <link:labelArc xlink:type="arc" xlink:arcrole="http://www.xbrl.org/2003/arcrole/concept-label" xlink:from="RemunerationForDirectorsAndOtherOfficersTextBlock" xlink:to="label_RemunerationForDirectorsAndOtherOfficersTextBlock_2" />
    <link:label xlink:type="resource" xlink:label="label_EquitySecuritiesHeldTextBlock" xml:lang="ja" xlink:role="http://www.xbrl.org/2003/role/label" id="label_EquitySecuritiesHeldTextBlock">株式の保有状況</link:label>
    <link:labelArc xlink:type="arc" xlink:arcrole="http://www.xbrl.org/2003/arcrole/concept-label" xlink:from="EquitySecuritiesHeldTextBlock" xlink:to="label_EquitySecuritiesHeldTextBlock" />
    <link:label xlink:type="resource" xlink:label="label_EquitySecuritiesHeldTextBlock_2" xml:lang="ja" xlink:role="http://www.xbrl.org/2003/role/verboseLabel" id="label_EquitySecuritiesHeldTextBlock_2">株式の保有状況 [テキストブロック]</link:label>
    <link:labelArc xlink:type="arc" xlink:arcrole="http://www.xbrl.org/2003/arcrole/concept-label" xlink:from="EquitySecuritiesHeldTextBlock" xlink:to="label_EquitySecuritiesHeldTextBlock_2" />
    <link:label xlink:type="resource" xlink:label="label_OverviewOfCorporateGovernanceHeading" xml:lang="ja" xlink:role="http://www.xbrl.org/2003/role/label" id="label_OverviewOfCorporateGovernanceHeading">コーポレート・ガバナンスの概要</link:label>
    <link:labelArc xlink:type="arc" xlink:arcrole="http://www.xbrl.org/2003/arcrole/concept-label" xlink:from="OverviewOfCorporateGovernanceHeading" xlink:to="label_OverviewOfCorporateGovernanceHeading" />
    <link:label xlink:type="resource" xlink:label="label_OverviewOfCorporateGovernanceHeading_2" xml:lang="ja" xlink:role="http://www.xbrl.org/2003/role/verboseLabel" id="label_OverviewOfCorporateGovernanceHeading_2">コーポレート・ガバナンスの概要 [目次項目]</link:label>
    <link:labelArc xlink:type="arc" xlink:arcrole="http://www.xbrl.org/2003/arcrole/concept-label" xlink:from="OverviewOfCorporateGovernanceHeading" xlink:to="label_OverviewOfCorporateGovernanceHeading_2" />
    <link:label xlink:type="resource" xlink:label="label_EquitySecuritiesHeldHeading" xml:lang="ja" xlink:role="http://www.xbrl.org/2003/role/label" id="label_EquitySecuritiesHeldHeading">株式の保有状況</link:label>
    <link:labelArc xlink:type="arc" xlink:arcrole="http://www.xbrl.org/2003/arcrole/concept-label" xlink:from="EquitySecuritiesHeldHeading" xlink:to="label_EquitySecuritiesHeldHeading" />
    <link:label xlink:type="resource" xlink:label="label_EquitySecuritiesHeldHeading_2" xml:lang="ja" xlink:role="http://www.xbrl.org/2003/role/verboseLabel" id="label_EquitySecuritiesHeldHeading_2">株式の保有状況 [目次項目]</link:label>
    <link:labelArc xlink:type="arc" xlink:arcrole="http://www.xbrl.org/2003/arcrole/concept-label" xlink:from="EquitySecuritiesHeldHeading" xlink:to="label_EquitySecuritiesHeldHeading_2" />
    <link:label xlink:type="resource" xlink:label="label_TotalShareholderReturn" xml:lang="ja" xlink:role="http://www.xbrl.org/2003/role/label" id="label_TotalShareholderReturn">株主総利回り</link:label>
    <link:labelArc xlink:type="arc" xlink:arcrole="http://www.xbrl.org/2003/arcrole/concept-label" xlink:from="TotalShareholderReturn" xlink:to="label_TotalShareholderReturn" />
    <link:label xlink:type="resource" xlink:label="label_TotalShareholderReturn_2" xml:lang="ja" xlink:role="http://www.xbrl.org/2003/role/verboseLabel" id="label_TotalShareholderReturn_2">株主総利回り</link:label>
    <link:labelArc xlink:type="arc" xlink:arcrole="http://www.xbrl.org/2003/arcrole/concept-label" xlink:from="TotalShareholderReturn" xlink:to="label_TotalShareholderReturn_2" />
    <link:label xlink:type="resource" xlink:label="label_TotalReturnOnSharePriceIndex" xml:lang="ja" xlink:role="http://www.xbrl.org/2003/role/label" id="label_TotalReturnOnSharePriceIndex">株価指数における総利回り</link:label>
    <link:labelArc xlink:type="arc" xlink:arcrole="http://www.xbrl.org/2003/arcrole/concept-label" xlink:from="TotalReturnOnSharePriceIndex" xlink:to="label_TotalReturnOnSharePriceIndex" />
    <link:label xlink:type="resource" xlink:label="label_TotalReturnOnSharePriceIndex_2" xml:lang="ja" xlink:role="http://www.xbrl.org/2003/role/verboseLabel" id="label_TotalReturnOnSharePriceIndex_2">株価指数における総利回り</link:label>
    <link:labelArc xlink:type="arc" xlink:arcrole="http://www.xbrl.org/2003/arcrole/concept-label" xlink:from="TotalReturnOnSharePriceIndex" xlink:to="label_TotalReturnOnSharePriceIndex_2" />
    <link:label xlink:type="resource" xlink:label="label_RestrictedStockPaymentWithTransfer" xml:lang="ja" xlink:role="http://www.xbrl.org/2003/role/label" id="label_RestrictedStockPaymentWithTransfer">譲渡制限付株式報酬</link:label>
    <link:labelArc xlink:type="arc" xlink:arcrole="http://www.xbrl.org/2003/arcrole/concept-label" xlink:from="RestrictedStockPaymentWithTransfer" xlink:to="label_RestrictedStockPaymentWithTransfer" />
    <link:label xlink:type="resource" xlink:label="label_RestrictedStockPaymentWithTransfer_2" xml:lang="ja" xlink:role="http://www.xbrl.org/2003/role/verboseLabel" id="label_RestrictedStockPaymentWithTransfer_2">譲渡制限付株式報酬</link:label>
    <link:labelArc xlink:type="arc" xlink:arcrole="http://www.xbrl.org/2003/arcrole/concept-label" xlink:from="RestrictedStockPaymentWithTransfer" xlink:to="label_RestrictedStockPaymentWithTransfer_2" />
    <link:label xlink:type="resource" xlink:label="label_OfficeTransferExpensesOpeCF" xml:lang="ja" xlink:role="http://www.xbrl.org/2003/role/label" id="label_OfficeTransferExpensesOpeCF">移転費用引当金の増減額</link:label>
    <link:labelArc xlink:type="arc" xlink:arcrole="http://www.xbrl.org/2003/arcrole/concept-label" xlink:from="OfficeTransferExpensesOpeCF" xlink:to="label_OfficeTransferExpensesOpeCF" />
    <link:label xlink:type="resource" xlink:label="label_OfficeTransferExpensesOpeCF_2" xml:lang="ja" xlink:role="http://www.xbrl.org/2003/role/verboseLabel" id="label_OfficeTransferExpensesOpeCF_2">移転費用引当金の増減額、営業活動によるキャッシュ・フロー</link:label>
    <link:labelArc xlink:type="arc" xlink:arcrole="http://www.xbrl.org/2003/arcrole/concept-label" xlink:from="OfficeTransferExpensesOpeCF" xlink:to="label_OfficeTransferExpensesOpeCF_2" />
    <link:label xlink:type="resource" xlink:label="label_PenaltyIncome2OpeCF" xml:lang="ja" xlink:role="http://www.xbrl.org/2003/role/label" id="label_PenaltyIncome2OpeCF">違約金収入</link:label>
    <link:labelArc xlink:type="arc" xlink:arcrole="http://www.xbrl.org/2003/arcrole/concept-label" xlink:from="PenaltyIncome2OpeCF" xlink:to="label_PenaltyIncome2OpeCF" />
    <link:label xlink:type="resource" xlink:label="label_PenaltyIncome2OpeCF_2" xml:lang="ja" xlink:role="http://www.xbrl.org/2003/role/verboseLabel" id="label_PenaltyIncome2OpeCF_2">違約金収入、営業活動によるキャッシュ・フロー</link:label>
    <link:labelArc xlink:type="arc" xlink:arcrole="http://www.xbrl.org/2003/arcrole/concept-label" xlink:from="PenaltyIncome2OpeCF" xlink:to="label_PenaltyIncome2OpeCF_2" />
    <link:label xlink:type="resource" xlink:label="label_LossGainOnSalesOfInvestmentsInCapitalOfSubsidiariesAndAssociatesOpeCF" xml:lang="ja" xlink:role="http://www.xbrl.org/2003/role/label" id="label_LossGainOnSalesOfInvestmentsInCapitalOfSubsidiariesAndAssociatesOpeCF">関係会社出資金売却損益(△は益)</link:label>
    <link:labelArc xlink:type="arc" xlink:arcrole="http://www.xbrl.org/2003/arcrole/concept-label" xlink:from="LossGainOnSalesOfInvestmentsInCapitalOfSubsidiariesAndAssociatesOpeCF" xlink:to="label_LossGainOnSalesOfInvestmentsInCapitalOfSubsidiariesAndAssociatesOpeCF" />
    <link:label xlink:type="resource" xlink:label="label_LossGainOnSalesOfInvestmentsInCapitalOfSubsidiariesAndAssociatesOpeCF_2" xml:lang="ja" xlink:role="http://www.xbrl.org/2003/role/verboseLabel" id="label_LossGainOnSalesOfInvestmentsInCapitalOfSubsidiariesAndAssociatesOpeCF_2">関係会社出資金売却損益(△は益)、営業活動によるキャッシュ・フロー</link:label>
    <link:labelArc xlink:type="arc" xlink:arcrole="http://www.xbrl.org/2003/arcrole/concept-label" xlink:from="LossGainOnSalesOfInvestmentsInCapitalOfSubsidiariesAndAssociatesOpeCF" xlink:to="label_LossGainOnSalesOfInvestmentsInCapitalOfSubsidiariesAndAssociatesOpeCF_2" />
    <link:label xlink:type="resource" xlink:label="label_DecreaseIncreaseInTemporaryPaymentsOpeCF" xml:lang="ja" xlink:role="http://www.xbrl.org/2003/role/label" id="label_DecreaseIncreaseInTemporaryPaymentsOpeCF">仮払金の増減額(△は増加)</link:label>
    <link:labelArc xlink:type="arc" xlink:arcrole="http://www.xbrl.org/2003/arcrole/concept-label" xlink:from="DecreaseIncreaseInTemporaryPaymentsOpeCF" xlink:to="label_DecreaseIncreaseInTemporaryPaymentsOpeCF" />
    <link:label xlink:type="resource" xlink:label="label_DecreaseIncreaseInTemporaryPaymentsOpeCF_2" xml:lang="ja" xlink:role="http://www.xbrl.org/2003/role/verboseLabel" id="label_DecreaseIncreaseInTemporaryPaymentsOpeCF_2">仮払金の増減額(△は増加)、営業活動によるキャッシュ・フロー</link:label>
    <link:labelArc xlink:type="arc" xlink:arcrole="http://www.xbrl.org/2003/arcrole/concept-label" xlink:from="DecreaseIncreaseInTemporaryPaymentsOpeCF" xlink:to="label_DecreaseIncreaseInTemporaryPaymentsOpeCF_2" />
    <link:label xlink:type="resource" xlink:label="label_PaymentsForBusinessCommencementExpensesOpeCF" xml:lang="ja" xlink:role="http://www.xbrl.org/2003/role/label" id="label_PaymentsForBusinessCommencementExpensesOpeCF">開業費の支払額</link:label>
    <link:labelArc xlink:type="arc" xlink:arcrole="http://www.xbrl.org/2003/arcrole/concept-label" xlink:from="PaymentsForBusinessCommencementExpensesOpeCF" xlink:to="label_PaymentsForBusinessCommencementExpensesOpeCF" />
    <link:label xlink:type="resource" xlink:label="label_PaymentsForBusinessCommencementExpensesOpeCF_2" xml:lang="ja" xlink:role="http://www.xbrl.org/2003/role/verboseLabel" id="label_PaymentsForBusinessCommencementExpensesOpeCF_2">開業費の支払額、営業活動によるキャッシュ・フロー</link:label>
    <link:labelArc xlink:type="arc" xlink:arcrole="http://www.xbrl.org/2003/arcrole/concept-label" xlink:from="PaymentsForBusinessCommencementExpensesOpeCF" xlink:to="label_PaymentsForBusinessCommencementExpensesOpeCF_2" />
    <link:label xlink:type="resource" xlink:label="label_ProceedsFromSalesAndInstallmentBackFinCF" xml:lang="ja" xlink:role="http://www.xbrl.org/2003/role/label" id="label_ProceedsFromSalesAndInstallmentBackFinCF">セールアンド割賦バック取引による収入</link:label>
    <link:labelArc xlink:type="arc" xlink:arcrole="http://www.xbrl.org/2003/arcrole/concept-label" xlink:from="ProceedsFromSalesAndInstallmentBackFinCF" xlink:to="label_ProceedsFromSalesAndInstallmentBackFinCF" />
    <link:label xlink:type="resource" xlink:label="label_ProceedsFromSalesAndInstallmentBackFinCF_2" xml:lang="ja" xlink:role="http://www.xbrl.org/2003/role/verboseLabel" id="label_ProceedsFromSalesAndInstallmentBackFinCF_2">セールアンド割賦バック取引による収入、財務活動によるキャッシュ・フロー</link:label>
    <link:labelArc xlink:type="arc" xlink:arcrole="http://www.xbrl.org/2003/arcrole/concept-label" xlink:from="ProceedsFromSalesAndInstallmentBackFinCF" xlink:to="label_ProceedsFromSalesAndInstallmentBackFinCF_2" />
    <link:label xlink:type="resource" xlink:label="label_IncreaseDecreaseInCloudFundingDepositFinCF" xml:lang="ja" xlink:role="http://www.xbrl.org/2003/role/label" id="label_IncreaseDecreaseInCloudFundingDepositFinCF">クラウドファンディング預り金の増減額（△は減少）</link:label>
    <link:labelArc xlink:type="arc" xlink:arcrole="http://www.xbrl.org/2003/arcrole/concept-label" xlink:from="IncreaseDecreaseInCloudFundingDepositFinCF" xlink:to="label_IncreaseDecreaseInCloudFundingDepositFinCF" />
    <link:label xlink:type="resource" xlink:label="label_IncreaseDecreaseInCloudFundingDepositFinCF_2" xml:lang="ja" xlink:role="http://www.xbrl.org/2003/role/verboseLabel" id="label_IncreaseDecreaseInCloudFundingDepositFinCF_2">クラウドファンディング預り金の増減額（△は減少）、財務活動によるキャッシュ・フロー</link:label>
    <link:labelArc xlink:type="arc" xlink:arcrole="http://www.xbrl.org/2003/arcrole/concept-label" xlink:from="IncreaseDecreaseInCloudFundingDepositFinCF" xlink:to="label_IncreaseDecreaseInCloudFundingDepositFinCF_2" />
    <link:label xlink:type="resource" xlink:label="label_GainOnCancellationOpeCF" xml:lang="ja" xlink:role="http://www.xbrl.org/2003/role/label" id="label_GainOnCancellationOpeCF">契約解除益</link:label>
    <link:labelArc xlink:type="arc" xlink:arcrole="http://www.xbrl.org/2003/arcrole/concept-label" xlink:from="GainOnCancellationOpeCF" xlink:to="label_GainOnCancellationOpeCF" />
    <link:label xlink:type="resource" xlink:label="label_GainOnCancellationOpeCF_2" xml:lang="ja" xlink:role="http://www.xbrl.org/2003/role/verboseLabel" id="label_GainOnCancellationOpeCF_2">契約解除益、営業活動によるキャッシュ・フロー</link:label>
    <link:labelArc xlink:type="arc" xlink:arcrole="http://www.xbrl.org/2003/arcrole/concept-label" xlink:from="GainOnCancellationOpeCF" xlink:to="label_GainOnCancellationOpeCF_2" />
    <link:label xlink:type="resource" xlink:label="label_ProceedsFromSalesOfInvestmentsInAffiliatesInvCF" xml:lang="ja" xlink:role="http://www.xbrl.org/2003/role/label" id="label_ProceedsFromSalesOfInvestmentsInAffiliatesInvCF">関係会社出資金の売却による収入</link:label>
    <link:labelArc xlink:type="arc" xlink:arcrole="http://www.xbrl.org/2003/arcrole/concept-label" xlink:from="ProceedsFromSalesOfInvestmentsInAffiliatesInvCF" xlink:to="label_ProceedsFromSalesOfInvestmentsInAffiliatesInvCF" />
    <link:label xlink:type="resource" xlink:label="label_ProceedsFromSalesOfInvestmentsInAffiliatesInvCF_2" xml:lang="ja" xlink:role="http://www.xbrl.org/2003/role/verboseLabel" id="label_ProceedsFromSalesOfInvestmentsInAffiliatesInvCF_2">関係会社出資金の売却による収入、投資活動によるキャッシュ・フロー</link:label>
    <link:labelArc xlink:type="arc" xlink:arcrole="http://www.xbrl.org/2003/arcrole/concept-label" xlink:from="ProceedsFromSalesOfInvestmentsInAffiliatesInvCF" xlink:to="label_ProceedsFromSalesOfInvestmentsInAffiliatesInvCF_2" />
    <link:label xlink:type="resource" xlink:label="label_UnamortizedBalanceOfGoodwill" xml:lang="ja" xlink:role="http://www.xbrl.org/2003/role/label" id="label_UnamortizedBalanceOfGoodwill">のれんの未償却残高</link:label>
    <link:labelArc xlink:type="arc" xlink:arcrole="http://www.xbrl.org/2003/arcrole/concept-label" xlink:from="UnamortizedBalanceOfGoodwill" xlink:to="label_UnamortizedBalanceOfGoodwill" />
    <link:label xlink:type="resource" xlink:label="label_UnamortizedBalanceOfGoodwill_2" xml:lang="ja" xlink:role="http://www.xbrl.org/2003/role/verboseLabel" id="label_UnamortizedBalanceOfGoodwill_2">のれんの未償却残高</link:label>
    <link:labelArc xlink:type="arc" xlink:arcrole="http://www.xbrl.org/2003/arcrole/concept-label" xlink:from="UnamortizedBalanceOfGoodwill" xlink:to="label_UnamortizedBalanceOfGoodwill_2" />
    <link:label xlink:type="resource" xlink:label="label_SBYReportableSegmentsMember" xml:lang="ja" xlink:role="http://www.xbrl.org/2003/role/label" id="label_SBYReportableSegmentsMember">ＳＢＹ事業</link:label>
    <link:labelArc xlink:type="arc" xlink:arcrole="http://www.xbrl.org/2003/arcrole/concept-label" xlink:from="SBYReportableSegmentsMember" xlink:to="label_SBYReportableSegmentsMember" />
    <link:label xlink:type="resource" xlink:label="label_SBYReportableSegmentsMember_2" xml:lang="ja" xlink:role="http://www.xbrl.org/2003/role/verboseLabel" id="label_SBYReportableSegmentsMember_2">ＳＢＹ事業、報告セグメント [メンバー]</link:label>
    <link:labelArc xlink:type="arc" xlink:arcrole="http://www.xbrl.org/2003/arcrole/concept-label" xlink:from="SBYReportableSegmentsMember" xlink:to="label_SBYReportableSegmentsMember_2" />
    <link:label xlink:type="resource" xlink:label="label_FATBURGERReportableSegmentsMember" xml:lang="ja" xlink:role="http://www.xbrl.org/2003/role/label" id="label_FATBURGERReportableSegmentsMember">FATBURGER事業</link:label>
    <link:labelArc xlink:type="arc" xlink:arcrole="http://www.xbrl.org/2003/arcrole/concept-label" xlink:from="FATBURGERReportableSegmentsMember" xlink:to="label_FATBURGERReportableSegmentsMember" />
    <link:label xlink:type="resource" xlink:label="label_FATBURGERReportableSegmentsMember_2" xml:lang="ja" xlink:role="http://www.xbrl.org/2003/role/verboseLabel" id="label_FATBURGERReportableSegmentsMember_2">FATBURGER事業、報告セグメント [メンバー]</link:label>
    <link:labelArc xlink:type="arc" xlink:arcrole="http://www.xbrl.org/2003/arcrole/concept-label" xlink:from="FATBURGERReportableSegmentsMember" xlink:to="label_FATBURGERReportableSegmentsMember_2" />
    <link:label xlink:type="resource" xlink:label="label_InformationAboutAuditsHeading" xml:lang="ja" xlink:role="http://www.xbrl.org/2003/role/label" id="label_InformationAboutAuditsHeading">監査の状況</link:label>
    <link:labelArc xlink:type="arc" xlink:arcrole="http://www.xbrl.org/2003/arcrole/concept-label" xlink:from="InformationAboutAuditsHeading" xlink:to="label_InformationAboutAuditsHeading" />
    <link:label xlink:type="resource" xlink:label="label_InformationAboutAuditsHeading_2" xml:lang="ja" xlink:role="http://www.xbrl.org/2003/role/verboseLabel" id="label_InformationAboutAuditsHeading_2">監査の状況 [目次項目]</link:label>
    <link:labelArc xlink:type="arc" xlink:arcrole="http://www.xbrl.org/2003/arcrole/concept-label" xlink:from="InformationAboutAuditsHeading" xlink:to="label_InformationAboutAuditsHeading_2" />
    <link:label xlink:type="resource" xlink:label="label_ShareBasedCompensationExpensesWithTransferRestrictionsRemunerationEtcByCategoryOfDirectorsAndOtherOfficers" xml:lang="ja" xlink:role="http://www.xbrl.org/2003/role/label" id="label_ShareBasedCompensationExpensesWithTransferRestrictionsRemunerationEtcByCategoryOfDirectorsAndOtherOfficers">譲渡制限付株式報酬</link:label>
    <link:labelArc xlink:type="arc" xlink:arcrole="http://www.xbrl.org/2003/arcrole/concept-label" xlink:from="ShareBasedCompensationExpensesWithTransferRestrictionsRemunerationEtcByCategoryOfDirectorsAndOtherOfficers" xlink:to="label_ShareBasedCompensationExpensesWithTransferRestrictionsRemunerationEtcByCategoryOfDirectorsAndOtherOfficers" />
    <link:label xlink:type="resource" xlink:label="label_ShareBasedCompensationExpensesWithTransferRestrictionsRemunerationEtcByCategoryOfDirectorsAndOtherOfficers_2" xml:lang="ja" xlink:role="http://www.xbrl.org/2003/role/verboseLabel" id="label_ShareBasedCompensationExpensesWithTransferRestrictionsRemunerationEtcByCategoryOfDirectorsAndOtherOfficers_2">譲渡制限付株式報酬、役員区分ごとの報酬等</link:label>
    <link:labelArc xlink:type="arc" xlink:arcrole="http://www.xbrl.org/2003/arcrole/concept-label" xlink:from="ShareBasedCompensationExpensesWithTransferRestrictionsRemunerationEtcByCategoryOfDirectorsAndOtherOfficers" xlink:to="label_ShareBasedCompensationExpensesWithTransferRestrictionsRemunerationEtcByCategoryOfDirectorsAndOtherOfficers_2" />
    <link:label xlink:type="resource" xlink:label="label_RemunerationForDirectorsAndOtherOfficersHeading" xml:lang="ja" xlink:role="http://www.xbrl.org/2003/role/label" id="label_RemunerationForDirectorsAndOtherOfficersHeading">役員の報酬等</link:label>
    <link:labelArc xlink:type="arc" xlink:arcrole="http://www.xbrl.org/2003/arcrole/concept-label" xlink:from="RemunerationForDirectorsAndOtherOfficersHeading" xlink:to="label_RemunerationForDirectorsAndOtherOfficersHeading" />
    <link:label xlink:type="resource" xlink:label="label_RemunerationForDirectorsAndOtherOfficersHeading_2" xml:lang="ja" xlink:role="http://www.xbrl.org/2003/role/verboseLabel" id="label_RemunerationForDirectorsAndOtherOfficersHeading_2">役員の報酬等 [目次項目]</link:label>
    <link:labelArc xlink:type="arc" xlink:arcrole="http://www.xbrl.org/2003/arcrole/concept-label" xlink:from="RemunerationForDirectorsAndOtherOfficersHeading" xlink:to="label_RemunerationForDirectorsAndOtherOfficersHeading_2" />
    <link:label xlink:type="resource" xlink:label="label_EnvironmentalConnectionReportableSegmentsMember" xml:lang="ja" xlink:role="http://www.xbrl.org/2003/role/label" id="label_EnvironmentalConnectionReportableSegmentsMember">環境関連事業</link:label>
    <link:labelArc xlink:type="arc" xlink:arcrole="http://www.xbrl.org/2003/arcrole/concept-label" xlink:from="EnvironmentalConnectionReportableSegmentsMember" xlink:to="label_EnvironmentalConnectionReportableSegmentsMember" />
    <link:label xlink:type="resource" xlink:label="label_EnvironmentalConnectionReportableSegmentsMember_2" xml:lang="ja" xlink:role="http://www.xbrl.org/2003/role/verboseLabel" id="label_EnvironmentalConnectionReportableSegmentsMember_2">環境関連事業、報告セグメント [メンバー]</link:label>
    <link:labelArc xlink:type="arc" xlink:arcrole="http://www.xbrl.org/2003/arcrole/concept-label" xlink:from="EnvironmentalConnectionReportableSegmentsMember" xlink:to="label_EnvironmentalConnectionReportableSegmentsMember_2" />
    <link:label xlink:type="resource" xlink:label="label_OfficialTitleOrPositionInformationAboutDirectorsAndCorporateAuditors" xml:lang="ja" xlink:role="http://www.xbrl.org/2003/role/label" id="label_OfficialTitleOrPositionInformationAboutDirectorsAndCorporateAuditors">役職名</link:label>
    <link:labelArc xlink:type="arc" xlink:arcrole="http://www.xbrl.org/2003/arcrole/concept-label" xlink:from="OfficialTitleOrPositionInformationAboutDirectorsAndCorporateAuditors" xlink:to="label_OfficialTitleOrPositionInformationAboutDirectorsAndCorporateAuditors" />
    <link:label xlink:type="resource" xlink:label="label_OfficialTitleOrPositionInformationAboutDirectorsAndCorporateAuditors_2" xml:lang="ja" xlink:role="http://www.xbrl.org/2003/role/verboseLabel" id="label_OfficialTitleOrPositionInformationAboutDirectorsAndCorporateAuditors_2">役職名、役員の状況（取締役（及び監査役））</link:label>
    <link:labelArc xlink:type="arc" xlink:arcrole="http://www.xbrl.org/2003/arcrole/concept-label" xlink:from="OfficialTitleOrPositionInformationAboutDirectorsAndCorporateAuditors" xlink:to="label_OfficialTitleOrPositionInformationAboutDirectorsAndCorporateAuditors_2" />
    <link:label xlink:type="resource" xlink:label="label_SaekiTakeshiMember" xml:lang="ja" xlink:role="http://www.xbrl.org/2003/role/label" id="label_SaekiTakeshiMember">佐伯　猛志</link:label>
    <link:labelArc xlink:type="arc" xlink:arcrole="http://www.xbrl.org/2003/arcrole/concept-label" xlink:from="SaekiTakeshiMember" xlink:to="label_SaekiTakeshiMember" />
    <link:label xlink:type="resource" xlink:label="label_SaekiTakeshiMember_2" xml:lang="ja" xlink:role="http://www.xbrl.org/2003/role/verboseLabel" id="label_SaekiTakeshiMember_2">佐伯　猛志 [メンバー]</link:label>
    <link:labelArc xlink:type="arc" xlink:arcrole="http://www.xbrl.org/2003/arcrole/concept-label" xlink:from="SaekiTakeshiMember" xlink:to="label_SaekiTakeshiMember_2" />
    <link:label xlink:type="resource" xlink:label="label_MatsumotoTakashiMember" xml:lang="ja" xlink:role="http://www.xbrl.org/2003/role/label" id="label_MatsumotoTakashiMember">松本　隆</link:label>
    <link:labelArc xlink:type="arc" xlink:arcrole="http://www.xbrl.org/2003/arcrole/concept-label" xlink:from="MatsumotoTakashiMember" xlink:to="label_MatsumotoTakashiMember" />
    <link:label xlink:type="resource" xlink:label="label_MatsumotoTakashiMember_2" xml:lang="ja" xlink:role="http://www.xbrl.org/2003/role/verboseLabel" id="label_MatsumotoTakashiMember_2">松本　隆 [メンバー]</link:label>
    <link:labelArc xlink:type="arc" xlink:arcrole="http://www.xbrl.org/2003/arcrole/concept-label" xlink:from="MatsumotoTakashiMember" xlink:to="label_MatsumotoTakashiMember_2" />
    <link:label xlink:type="resource" xlink:label="label_ShigetomiMasahiroMember" xml:lang="ja" xlink:role="http://www.xbrl.org/2003/role/label" id="label_ShigetomiMasahiroMember">重冨　公博</link:label>
    <link:labelArc xlink:type="arc" xlink:arcrole="http://www.xbrl.org/2003/arcrole/concept-label" xlink:from="ShigetomiMasahiroMember" xlink:to="label_ShigetomiMasahiroMember" />
    <link:label xlink:type="resource" xlink:label="label_ShigetomiMasahiroMember_2" xml:lang="ja" xlink:role="http://www.xbrl.org/2003/role/verboseLabel" id="label_ShigetomiMasahiroMember_2">重富　公博 [メンバー]</link:label>
    <link:labelArc xlink:type="arc" xlink:arcrole="http://www.xbrl.org/2003/arcrole/concept-label" xlink:from="ShigetomiMasahiroMember" xlink:to="label_ShigetomiMasahiroMember_2" />
    <link:label xlink:type="resource" xlink:label="label_ShojiMatsuyamaMember" xml:lang="ja" xlink:role="http://www.xbrl.org/2003/role/verboseLabel" id="label_ShojiMatsuyamaMember">松山　昌司 [メンバー]</link:label>
    <link:labelArc xlink:type="arc" xlink:arcrole="http://www.xbrl.org/2003/arcrole/concept-label" xlink:from="ShojiMatsuyamaMember" xlink:to="label_ShojiMatsuyamaMember" />
    <link:label xlink:type="resource" xlink:label="label_ShojiMatsuyamaMember_2" xml:lang="ja" xlink:role="http://www.xbrl.org/2003/role/label" id="label_ShojiMatsuyamaMember_2">松山　昌司</link:label>
    <link:labelArc xlink:type="arc" xlink:arcrole="http://www.xbrl.org/2003/arcrole/concept-label" xlink:from="ShojiMatsuyamaMember" xlink:to="label_ShojiMatsuyamaMember_2" />
    <link:label xlink:type="resource" xlink:label="label_ShuheiHommaMember" xml:lang="ja" xlink:role="http://www.xbrl.org/2003/role/verboseLabel" id="label_ShuheiHommaMember">本間　周平 [メンバー]</link:label>
    <link:labelArc xlink:type="arc" xlink:arcrole="http://www.xbrl.org/2003/arcrole/concept-label" xlink:from="ShuheiHommaMember" xlink:to="label_ShuheiHommaMember" />
    <link:label xlink:type="resource" xlink:label="label_ShuheiHommaMember_2" xml:lang="ja" xlink:role="http://www.xbrl.org/2003/role/label" id="label_ShuheiHommaMember_2">本間　周平</link:label>
    <link:labelArc xlink:type="arc" xlink:arcrole="http://www.xbrl.org/2003/arcrole/concept-label" xlink:from="ShuheiHommaMember" xlink:to="label_ShuheiHommaMember_2" />
    <link:label xlink:type="resource" xlink:label="label_ShuichiKawasakiMember" xml:lang="ja" xlink:role="http://www.xbrl.org/2003/role/verboseLabel" id="label_ShuichiKawasakiMember">川崎　修一 [メンバー]</link:label>
    <link:labelArc xlink:type="arc" xlink:arcrole="http://www.xbrl.org/2003/arcrole/concept-label" xlink:from="ShuichiKawasakiMember" xlink:to="label_ShuichiKawasakiMember" />
    <link:label xlink:type="resource" xlink:label="label_ShuichiKawasakiMember_2" xml:lang="ja" xlink:role="http://www.xbrl.org/2003/role/label" id="label_ShuichiKawasakiMember_2">川崎　修一</link:label>
    <link:labelArc xlink:type="arc" xlink:arcrole="http://www.xbrl.org/2003/arcrole/concept-label" xlink:from="ShuichiKawasakiMember" xlink:to="label_ShuichiKawasakiMember_2" />
    <link:label xlink:type="resource" xlink:label="label_HirokazuKasaharaMember" xml:lang="ja" xlink:role="http://www.xbrl.org/2003/role/verboseLabel" id="label_HirokazuKasaharaMember">笠原 弘和 [メンバー]</link:label>
    <link:labelArc xlink:type="arc" xlink:arcrole="http://www.xbrl.org/2003/arcrole/concept-label" xlink:from="HirokazuKasaharaMember" xlink:to="label_HirokazuKasaharaMember" />
    <link:label xlink:type="resource" xlink:label="label_HirokazuKasaharaMember_2" xml:lang="ja" xlink:role="http://www.xbrl.org/2003/role/label" id="label_HirokazuKasaharaMember_2">笠原 弘和</link:label>
    <link:labelArc xlink:type="arc" xlink:arcrole="http://www.xbrl.org/2003/arcrole/concept-label" xlink:from="HirokazuKasaharaMember" xlink:to="label_HirokazuKasaharaMember_2" />
    <link:label xlink:type="resource" xlink:label="label_HiroshiEndoMember" xml:lang="ja" xlink:role="http://www.xbrl.org/2003/role/verboseLabel" id="label_HiroshiEndoMember">遠藤 洋 [メンバー]</link:label>
    <link:labelArc xlink:type="arc" xlink:arcrole="http://www.xbrl.org/2003/arcrole/concept-label" xlink:from="HiroshiEndoMember" xlink:to="label_HiroshiEndoMember" />
    <link:label xlink:type="resource" xlink:label="label_HiroshiEndoMember_2" xml:lang="ja" xlink:role="http://www.xbrl.org/2003/role/label" id="label_HiroshiEndoMember_2">遠藤 洋</link:label>
    <link:labelArc xlink:type="arc" xlink:arcrole="http://www.xbrl.org/2003/arcrole/concept-label" xlink:from="HiroshiEndoMember" xlink:to="label_HiroshiEndoMember_2" />
    <link:label xlink:type="resource" xlink:label="label_TrademarkOutstandingAccountIA" xml:lang="ja" xlink:role="http://www.xbrl.org/2003/role/label" id="label_TrademarkOutstandingAccountIA">商標権等仮勘定</link:label>
    <link:labelArc xlink:type="arc" xlink:arcrole="http://www.xbrl.org/2003/arcrole/concept-label" xlink:from="TrademarkOutstandingAccountIA" xlink:to="label_TrademarkOutstandingAccountIA" />
    <link:label xlink:type="resource" xlink:label="label_TrademarkOutstandingAccountIA_2" xml:lang="ja" xlink:role="http://www.xbrl.org/2003/role/verboseLabel" id="label_TrademarkOutstandingAccountIA_2">商標権等仮勘定、無形固定資産</link:label>
    <link:labelArc xlink:type="arc" xlink:arcrole="http://www.xbrl.org/2003/arcrole/concept-label" xlink:from="TrademarkOutstandingAccountIA" xlink:to="label_TrademarkOutstandingAccountIA_2" />
    <link:label xlink:type="resource" xlink:label="label_ProvisionForTransferCostsCL" xml:lang="ja" xlink:role="http://www.xbrl.org/2003/role/label" id="label_ProvisionForTransferCostsCL">移転費用引当金</link:label>
    <link:labelArc xlink:type="arc" xlink:arcrole="http://www.xbrl.org/2003/arcrole/concept-label" xlink:from="ProvisionForTransferCostsCL" xlink:to="label_ProvisionForTransferCostsCL" />
    <link:label xlink:type="resource" xlink:label="label_ProvisionForTransferCostsCL_2" xml:lang="ja" xlink:role="http://www.xbrl.org/2003/role/verboseLabel" id="label_ProvisionForTransferCostsCL_2">移転費用引当金、流動負債</link:label>
    <link:labelArc xlink:type="arc" xlink:arcrole="http://www.xbrl.org/2003/arcrole/concept-label" xlink:from="ProvisionForTransferCostsCL" xlink:to="label_ProvisionForTransferCostsCL_2" />
    <link:label xlink:type="resource" xlink:label="label_GainOnSalesOfInvestmentsInCapitalOfSubsidiariesAndAssociatesEL" xml:lang="ja" xlink:role="http://www.xbrl.org/2003/role/label" id="label_GainOnSalesOfInvestmentsInCapitalOfSubsidiariesAndAssociatesEL">関係会社出資金売却益</link:label>
    <link:labelArc xlink:type="arc" xlink:arcrole="http://www.xbrl.org/2003/arcrole/concept-label" xlink:from="GainOnSalesOfInvestmentsInCapitalOfSubsidiariesAndAssociatesEL" xlink:to="label_GainOnSalesOfInvestmentsInCapitalOfSubsidiariesAndAssociatesEL" />
    <link:label xlink:type="resource" xlink:label="label_GainOnSalesOfInvestmentsInCapitalOfSubsidiariesAndAssociatesEL_2" xml:lang="ja" xlink:role="http://www.xbrl.org/2003/role/verboseLabel" id="label_GainOnSalesOfInvestmentsInCapitalOfSubsidiariesAndAssociatesEL_2">関係会社出資金売却益、特別利益</link:label>
    <link:labelArc xlink:type="arc" xlink:arcrole="http://www.xbrl.org/2003/arcrole/concept-label" xlink:from="GainOnSalesOfInvestmentsInCapitalOfSubsidiariesAndAssociatesEL" xlink:to="label_GainOnSalesOfInvestmentsInCapitalOfSubsidiariesAndAssociatesEL_2" />
    <link:label xlink:type="resource" xlink:label="label_GainOnCancellationEI" xml:lang="ja" xlink:role="http://www.xbrl.org/2003/role/label" id="label_GainOnCancellationEI">契約解除益</link:label>
    <link:labelArc xlink:type="arc" xlink:arcrole="http://www.xbrl.org/2003/arcrole/concept-label" xlink:from="GainOnCancellationEI" xlink:to="label_GainOnCancellationEI" />
    <link:label xlink:type="resource" xlink:label="label_GainOnCancellationEI_2" xml:lang="ja" xlink:role="http://www.xbrl.org/2003/role/verboseLabel" id="label_GainOnCancellationEI_2">契約解除益、特別利益</link:label>
    <link:labelArc xlink:type="arc" xlink:arcrole="http://www.xbrl.org/2003/arcrole/concept-label" xlink:from="GainOnCancellationEI" xlink:to="label_GainOnCancellationEI_2" />
    <link:label xlink:type="resource" xlink:label="label_ProvisionForTransferExpensesEL" xml:lang="ja" xlink:role="http://www.xbrl.org/2003/role/label" id="label_ProvisionForTransferExpensesEL">移転費用引当金繰入額</link:label>
    <link:labelArc xlink:type="arc" xlink:arcrole="http://www.xbrl.org/2003/arcrole/concept-label" xlink:from="ProvisionForTransferExpensesEL" xlink:to="label_ProvisionForTransferExpensesEL" />
    <link:label xlink:type="resource" xlink:label="label_ProvisionForTransferExpensesEL_2" xml:lang="ja" xlink:role="http://www.xbrl.org/2003/role/verboseLabel" id="label_ProvisionForTransferExpensesEL_2">移転費用引当金繰入額、特別損失</link:label>
    <link:labelArc xlink:type="arc" xlink:arcrole="http://www.xbrl.org/2003/arcrole/concept-label" xlink:from="ProvisionForTransferExpensesEL" xlink:to="label_ProvisionForTransferExpensesEL_2" />
    <link:label xlink:type="resource" xlink:label="label_RelocationRelatedCostsEL" xml:lang="ja" xlink:role="http://www.xbrl.org/2003/role/label" id="label_RelocationRelatedCostsEL">移転関連費用</link:label>
    <link:labelArc xlink:type="arc" xlink:arcrole="http://www.xbrl.org/2003/arcrole/concept-label" xlink:from="RelocationRelatedCostsEL" xlink:to="label_RelocationRelatedCostsEL" />
    <link:label xlink:type="resource" xlink:label="label_RelocationRelatedCostsEL_2" xml:lang="ja" xlink:role="http://www.xbrl.org/2003/role/verboseLabel" id="label_RelocationRelatedCostsEL_2">移転関連費用、特別損失</link:label>
    <link:labelArc xlink:type="arc" xlink:arcrole="http://www.xbrl.org/2003/arcrole/concept-label" xlink:from="RelocationRelatedCostsEL" xlink:to="label_RelocationRelatedCostsEL_2" />
    <link:label xlink:type="resource" xlink:label="label_ConsumptionTaxDifferenceNOI" xml:lang="ja" xlink:role="http://www.xbrl.org/2003/role/label" id="label_ConsumptionTaxDifferenceNOI">消費税差額</link:label>
    <link:labelArc xlink:type="arc" xlink:arcrole="http://www.xbrl.org/2003/arcrole/concept-label" xlink:from="ConsumptionTaxDifferenceNOI" xlink:to="label_ConsumptionTaxDifferenceNOI" />
    <link:label xlink:type="resource" xlink:label="label_ConsumptionTaxDifferenceNOI_2" xml:lang="ja" xlink:role="http://www.xbrl.org/2003/role/verboseLabel" id="label_ConsumptionTaxDifferenceNOI_2">消費税差額、営業外収益</link:label>
    <link:labelArc xlink:type="arc" xlink:arcrole="http://www.xbrl.org/2003/arcrole/concept-label" xlink:from="ConsumptionTaxDifferenceNOI" xlink:to="label_ConsumptionTaxDifferenceNOI_2" />
  </link:labelLink>
</link:linkbase>