<?xml version="1.0" encoding="utf-8"?>
<!-- Generated by PRONEXUS WORKS -->
<link:linkbase xmlns:link="http://www.xbrl.org/2003/linkbase" xmlns:xsi="http://www.w3.org/2001/XMLSchema-instance" xmlns:xbrli="http://www.xbrl.org/2003/instance" xmlns:xlink="http://www.w3.org/1999/xlink">
  <link:labelLink xlink:type="extended" xlink:role="http://www.xbrl.org/2003/role/link">
    <link:loc xlink:type="locator" xlink:href="jpcrp030000-asr-001_E04677-000_2019-08-31_01_2019-11-29.xsd#jpcrp030000-asr_E04677-000_SalesOfGolfPlayNetSales" xlink:label="SalesOfGolfPlayNetSales" />
    <link:loc xlink:type="locator" xlink:href="jpcrp030000-asr-001_E04677-000_2019-08-31_01_2019-11-29.xsd#jpcrp030000-asr_E04677-000_SalesOfCaddieServiceNetSales" xlink:label="SalesOfCaddieServiceNetSales" />
    <link:loc xlink:type="locator" xlink:href="jpcrp030000-asr-001_E04677-000_2019-08-31_01_2019-11-29.xsd#jpcrp030000-asr_E04677-000_CommissionIncomeOfRestaurantAndShopServiceNetSales" xlink:label="CommissionIncomeOfRestaurantAndShopServiceNetSales" />
    <link:loc xlink:type="locator" xlink:href="jpcrp030000-asr-001_E04677-000_2019-08-31_01_2019-11-29.xsd#jpcrp030000-asr_E04677-000_SalesOfTeaHouseNetSales" xlink:label="SalesOfTeaHouseNetSales" />
    <link:loc xlink:type="locator" xlink:href="jpcrp030000-asr-001_E04677-000_2019-08-31_01_2019-11-29.xsd#jpcrp030000-asr_E04677-000_CostOfGolfCourseMaintenanceCOS" xlink:label="CostOfGolfCourseMaintenanceCOS" />
    <link:loc xlink:type="locator" xlink:href="jpcrp030000-asr-001_E04677-000_2019-08-31_01_2019-11-29.xsd#jpcrp030000-asr_E04677-000_CostOfGolfPlaySalesCOS" xlink:label="CostOfGolfPlaySalesCOS" />
    <link:loc xlink:type="locator" xlink:href="jpcrp030000-asr-001_E04677-000_2019-08-31_01_2019-11-29.xsd#jpcrp030000-asr_E04677-000_CostOfRestaurantAndShopServiceCOS" xlink:label="CostOfRestaurantAndShopServiceCOS" />
    <link:loc xlink:type="locator" xlink:href="jpcrp030000-asr-001_E04677-000_2019-08-31_01_2019-11-29.xsd#jpcrp030000-asr_E04677-000_CostOfTeaHouseCOS" xlink:label="CostOfTeaHouseCOS" />
    <link:loc xlink:type="locator" xlink:href="jpcrp030000-asr-001_E04677-000_2019-08-31_01_2019-11-29.xsd#jpcrp030000-asr_E04677-000_OtherExpensesCOS" xlink:label="OtherExpensesCOS" />
    <link:loc xlink:type="locator" xlink:href="jpcrp030000-asr-001_E04677-000_2019-08-31_01_2019-11-29.xsd#jpcrp030000-asr_E04677-000_DepreciationCOS" xlink:label="DepreciationCOS" />
    <link:loc xlink:type="locator" xlink:href="jpcrp030000-asr-001_E04677-000_2019-08-31_01_2019-11-29.xsd#jpcrp030000-asr_E04677-000_GolfMembersExpensesSGA" xlink:label="GolfMembersExpensesSGA" />
    <link:loc xlink:type="locator" xlink:href="jpcrp030000-asr-001_E04677-000_2019-08-31_01_2019-11-29.xsd#jpcrp030000-asr_E04677-000_ManagementAnalysisOfFinancialPositionOperatingResultsAndCashFlowsHeading" xlink:label="ManagementAnalysisOfFinancialPositionOperatingResultsAndCashFlowsHeading" />
    <link:loc xlink:type="locator" xlink:href="jpcrp030000-asr-001_E04677-000_2019-08-31_01_2019-11-29.xsd#jpcrp030000-asr_E04677-000_ManagementAnalysisOfFinancialPositionOperatingResultsAndCashFlowsTextBlock" xlink:label="ManagementAnalysisOfFinancialPositionOperatingResultsAndCashFlowsTextBlock" />
    <link:loc xlink:type="locator" xlink:href="jpcrp030000-asr-001_E04677-000_2019-08-31_01_2019-11-29.xsd#jpcrp030000-asr_E04677-000_OtherInformationAboutShareAcquisitionRightsHeading" xlink:label="OtherInformationAboutShareAcquisitionRightsHeading" />
    <link:loc xlink:type="locator" xlink:href="jpcrp030000-asr-001_E04677-000_2019-08-31_01_2019-11-29.xsd#jpcrp030000-asr_E04677-000_OtherInformationAboutShareAcquisitionRightsTextBlock" xlink:label="OtherInformationAboutShareAcquisitionRightsTextBlock" />
    <link:loc xlink:type="locator" xlink:href="jpcrp030000-asr-001_E04677-000_2019-08-31_01_2019-11-29.xsd#jpcrp030000-asr_E04677-000_OverviewOfCorporateGovernanceHeading" xlink:label="OverviewOfCorporateGovernanceHeading" />
    <link:loc xlink:type="locator" xlink:href="jpcrp030000-asr-001_E04677-000_2019-08-31_01_2019-11-29.xsd#jpcrp030000-asr_E04677-000_OverviewOfCorporateGovernanceTextBlock" xlink:label="OverviewOfCorporateGovernanceTextBlock" />
    <link:loc xlink:type="locator" xlink:href="jpcrp030000-asr-001_E04677-000_2019-08-31_01_2019-11-29.xsd#jpcrp030000-asr_E04677-000_InformationAboutAuditsHeading" xlink:label="InformationAboutAuditsHeading" />
    <link:loc xlink:type="locator" xlink:href="jpcrp030000-asr-001_E04677-000_2019-08-31_01_2019-11-29.xsd#jpcrp030000-asr_E04677-000_InformationAboutAuditsTextBlock" xlink:label="InformationAboutAuditsTextBlock" />
    <link:loc xlink:type="locator" xlink:href="jpcrp030000-asr-001_E04677-000_2019-08-31_01_2019-11-29.xsd#jpcrp030000-asr_E04677-000_RemunerationForDirectorsAndOtherOfficersHeading" xlink:label="RemunerationForDirectorsAndOtherOfficersHeading" />
    <link:loc xlink:type="locator" xlink:href="jpcrp030000-asr-001_E04677-000_2019-08-31_01_2019-11-29.xsd#jpcrp030000-asr_E04677-000_RemunerationForDirectorsAndOtherOfficersTextBlock" xlink:label="RemunerationForDirectorsAndOtherOfficersTextBlock" />
    <link:loc xlink:type="locator" xlink:href="jpcrp030000-asr-001_E04677-000_2019-08-31_01_2019-11-29.xsd#jpcrp030000-asr_E04677-000_EquitySecuritiesHeldHeading" xlink:label="EquitySecuritiesHeldHeading" />
    <link:loc xlink:type="locator" xlink:href="jpcrp030000-asr-001_E04677-000_2019-08-31_01_2019-11-29.xsd#jpcrp030000-asr_E04677-000_EquitySecuritiesHeldTextBlock" xlink:label="EquitySecuritiesHeldTextBlock" />
    <link:loc xlink:type="locator" xlink:href="jpcrp030000-asr-001_E04677-000_2019-08-31_01_2019-11-29.xsd#jpcrp030000-asr_E04677-000_TotalShareholderReturn" xlink:label="TotalShareholderReturn" />
    <link:loc xlink:type="locator" xlink:href="jpcrp030000-asr-001_E04677-000_2019-08-31_01_2019-11-29.xsd#jpcrp030000-asr_E04677-000_TotalReturnOnSharePriceIndex" xlink:label="TotalReturnOnSharePriceIndex" />
    <link:loc xlink:type="locator" xlink:href="jpcrp030000-asr-001_E04677-000_2019-08-31_01_2019-11-29.xsd#jpcrp030000-asr_E04677-000_RetirementExpensesEL" xlink:label="RetirementExpensesEL" />
    <link:label xlink:type="resource" xlink:label="label_ManagementAnalysisOfFinancialPositionOperatingResultsAndCashFlowsHeading" xml:lang="en" xlink:role="http://www.xbrl.org/2003/role/label" id="label_ManagementAnalysisOfFinancialPositionOperatingResultsAndCashFlowsHeading">Management analysis of financial position, operating results and cash flows</link:label>
    <link:labelArc xlink:type="arc" xlink:arcrole="http://www.xbrl.org/2003/arcrole/concept-label" xlink:from="ManagementAnalysisOfFinancialPositionOperatingResultsAndCashFlowsHeading" xlink:to="label_ManagementAnalysisOfFinancialPositionOperatingResultsAndCashFlowsHeading" />
    <link:label xlink:type="resource" xlink:label="label_ManagementAnalysisOfFinancialPositionOperatingResultsAndCashFlowsHeading_2" xml:lang="en" xlink:role="http://www.xbrl.org/2003/role/verboseLabel" id="label_ManagementAnalysisOfFinancialPositionOperatingResultsAndCashFlowsHeading_2">Management analysis of financial position, operating results and cash flows [heading]</link:label>
    <link:labelArc xlink:type="arc" xlink:arcrole="http://www.xbrl.org/2003/arcrole/concept-label" xlink:from="ManagementAnalysisOfFinancialPositionOperatingResultsAndCashFlowsHeading" xlink:to="label_ManagementAnalysisOfFinancialPositionOperatingResultsAndCashFlowsHeading_2" />
    <link:label xlink:type="resource" xlink:label="label_ManagementAnalysisOfFinancialPositionOperatingResultsAndCashFlowsTextBlock" xml:lang="en" xlink:role="http://www.xbrl.org/2003/role/label" id="label_ManagementAnalysisOfFinancialPositionOperatingResultsAndCashFlowsTextBlock">Management analysis of financial position, operating results and cash flows</link:label>
    <link:labelArc xlink:type="arc" xlink:arcrole="http://www.xbrl.org/2003/arcrole/concept-label" xlink:from="ManagementAnalysisOfFinancialPositionOperatingResultsAndCashFlowsTextBlock" xlink:to="label_ManagementAnalysisOfFinancialPositionOperatingResultsAndCashFlowsTextBlock" />
    <link:label xlink:type="resource" xlink:label="label_ManagementAnalysisOfFinancialPositionOperatingResultsAndCashFlowsTextBlock_2" xml:lang="en" xlink:role="http://www.xbrl.org/2003/role/verboseLabel" id="label_ManagementAnalysisOfFinancialPositionOperatingResultsAndCashFlowsTextBlock_2">Management analysis of financial position, operating results and cash flows [text block]</link:label>
    <link:labelArc xlink:type="arc" xlink:arcrole="http://www.xbrl.org/2003/arcrole/concept-label" xlink:from="ManagementAnalysisOfFinancialPositionOperatingResultsAndCashFlowsTextBlock" xlink:to="label_ManagementAnalysisOfFinancialPositionOperatingResultsAndCashFlowsTextBlock_2" />
    <link:label xlink:type="resource" xlink:label="label_OtherInformationAboutShareAcquisitionRightsHeading" xml:lang="en" xlink:role="http://www.xbrl.org/2003/role/label" id="label_OtherInformationAboutShareAcquisitionRightsHeading">Other information about share acquisition rights</link:label>
    <link:labelArc xlink:type="arc" xlink:arcrole="http://www.xbrl.org/2003/arcrole/concept-label" xlink:from="OtherInformationAboutShareAcquisitionRightsHeading" xlink:to="label_OtherInformationAboutShareAcquisitionRightsHeading" />
    <link:label xlink:type="resource" xlink:label="label_OtherInformationAboutShareAcquisitionRightsHeading_2" xml:lang="en" xlink:role="http://www.xbrl.org/2003/role/verboseLabel" id="label_OtherInformationAboutShareAcquisitionRightsHeading_2">Other information about share acquisition rights [heading]</link:label>
    <link:labelArc xlink:type="arc" xlink:arcrole="http://www.xbrl.org/2003/arcrole/concept-label" xlink:from="OtherInformationAboutShareAcquisitionRightsHeading" xlink:to="label_OtherInformationAboutShareAcquisitionRightsHeading_2" />
    <link:label xlink:type="resource" xlink:label="label_OtherInformationAboutShareAcquisitionRightsTextBlock" xml:lang="en" xlink:role="http://www.xbrl.org/2003/role/label" id="label_OtherInformationAboutShareAcquisitionRightsTextBlock">Other information about share acquisition rights</link:label>
    <link:labelArc xlink:type="arc" xlink:arcrole="http://www.xbrl.org/2003/arcrole/concept-label" xlink:from="OtherInformationAboutShareAcquisitionRightsTextBlock" xlink:to="label_OtherInformationAboutShareAcquisitionRightsTextBlock" />
    <link:label xlink:type="resource" xlink:label="label_OtherInformationAboutShareAcquisitionRightsTextBlock_2" xml:lang="en" xlink:role="http://www.xbrl.org/2003/role/verboseLabel" id="label_OtherInformationAboutShareAcquisitionRightsTextBlock_2">Other information about share acquisition rights [text block]</link:label>
    <link:labelArc xlink:type="arc" xlink:arcrole="http://www.xbrl.org/2003/arcrole/concept-label" xlink:from="OtherInformationAboutShareAcquisitionRightsTextBlock" xlink:to="label_OtherInformationAboutShareAcquisitionRightsTextBlock_2" />
    <link:label xlink:type="resource" xlink:label="label_OverviewOfCorporateGovernanceTextBlock" xml:lang="en" xlink:role="http://www.xbrl.org/2003/role/label" id="label_OverviewOfCorporateGovernanceTextBlock">Overview of corporate governance</link:label>
    <link:labelArc xlink:type="arc" xlink:arcrole="http://www.xbrl.org/2003/arcrole/concept-label" xlink:from="OverviewOfCorporateGovernanceTextBlock" xlink:to="label_OverviewOfCorporateGovernanceTextBlock" />
    <link:label xlink:type="resource" xlink:label="label_OverviewOfCorporateGovernanceTextBlock_2" xml:lang="en" xlink:role="http://www.xbrl.org/2003/role/verboseLabel" id="label_OverviewOfCorporateGovernanceTextBlock_2">Overview of corporate governance [text block]</link:label>
    <link:labelArc xlink:type="arc" xlink:arcrole="http://www.xbrl.org/2003/arcrole/concept-label" xlink:from="OverviewOfCorporateGovernanceTextBlock" xlink:to="label_OverviewOfCorporateGovernanceTextBlock_2" />
    <link:label xlink:type="resource" xlink:label="label_InformationAboutAuditsTextBlock" xml:lang="en" xlink:role="http://www.xbrl.org/2003/role/label" id="label_InformationAboutAuditsTextBlock">Information about audits</link:label>
    <link:labelArc xlink:type="arc" xlink:arcrole="http://www.xbrl.org/2003/arcrole/concept-label" xlink:from="InformationAboutAuditsTextBlock" xlink:to="label_InformationAboutAuditsTextBlock" />
    <link:label xlink:type="resource" xlink:label="label_InformationAboutAuditsTextBlock_2" xml:lang="en" xlink:role="http://www.xbrl.org/2003/role/verboseLabel" id="label_InformationAboutAuditsTextBlock_2">Information about audits [text block]</link:label>
    <link:labelArc xlink:type="arc" xlink:arcrole="http://www.xbrl.org/2003/arcrole/concept-label" xlink:from="InformationAboutAuditsTextBlock" xlink:to="label_InformationAboutAuditsTextBlock_2" />
    <link:label xlink:type="resource" xlink:label="label_RemunerationForDirectorsAndOtherOfficersTextBlock" xml:lang="en" xlink:role="http://www.xbrl.org/2003/role/label" id="label_RemunerationForDirectorsAndOtherOfficersTextBlock">Remuneration for directors (and other officers)</link:label>
    <link:labelArc xlink:type="arc" xlink:arcrole="http://www.xbrl.org/2003/arcrole/concept-label" xlink:from="RemunerationForDirectorsAndOtherOfficersTextBlock" xlink:to="label_RemunerationForDirectorsAndOtherOfficersTextBlock" />
    <link:label xlink:type="resource" xlink:label="label_RemunerationForDirectorsAndOtherOfficersTextBlock_2" xml:lang="en" xlink:role="http://www.xbrl.org/2003/role/verboseLabel" id="label_RemunerationForDirectorsAndOtherOfficersTextBlock_2">Remuneration for directors (and other officers) [text block]</link:label>
    <link:labelArc xlink:type="arc" xlink:arcrole="http://www.xbrl.org/2003/arcrole/concept-label" xlink:from="RemunerationForDirectorsAndOtherOfficersTextBlock" xlink:to="label_RemunerationForDirectorsAndOtherOfficersTextBlock_2" />
    <link:label xlink:type="resource" xlink:label="label_EquitySecuritiesHeldTextBlock" xml:lang="en" xlink:role="http://www.xbrl.org/2003/role/label" id="label_EquitySecuritiesHeldTextBlock">Equity securities held</link:label>
    <link:labelArc xlink:type="arc" xlink:arcrole="http://www.xbrl.org/2003/arcrole/concept-label" xlink:from="EquitySecuritiesHeldTextBlock" xlink:to="label_EquitySecuritiesHeldTextBlock" />
    <link:label xlink:type="resource" xlink:label="label_EquitySecuritiesHeldTextBlock_2" xml:lang="en" xlink:role="http://www.xbrl.org/2003/role/verboseLabel" id="label_EquitySecuritiesHeldTextBlock_2">Equity securities held [text block]</link:label>
    <link:labelArc xlink:type="arc" xlink:arcrole="http://www.xbrl.org/2003/arcrole/concept-label" xlink:from="EquitySecuritiesHeldTextBlock" xlink:to="label_EquitySecuritiesHeldTextBlock_2" />
    <link:label xlink:type="resource" xlink:label="label_OverviewOfCorporateGovernanceHeading" xml:lang="en" xlink:role="http://www.xbrl.org/2003/role/label" id="label_OverviewOfCorporateGovernanceHeading">Overview of corporate governance</link:label>
    <link:labelArc xlink:type="arc" xlink:arcrole="http://www.xbrl.org/2003/arcrole/concept-label" xlink:from="OverviewOfCorporateGovernanceHeading" xlink:to="label_OverviewOfCorporateGovernanceHeading" />
    <link:label xlink:type="resource" xlink:label="label_OverviewOfCorporateGovernanceHeading_2" xml:lang="en" xlink:role="http://www.xbrl.org/2003/role/verboseLabel" id="label_OverviewOfCorporateGovernanceHeading_2">Overview of corporate governance [heading]</link:label>
    <link:labelArc xlink:type="arc" xlink:arcrole="http://www.xbrl.org/2003/arcrole/concept-label" xlink:from="OverviewOfCorporateGovernanceHeading" xlink:to="label_OverviewOfCorporateGovernanceHeading_2" />
    <link:label xlink:type="resource" xlink:label="label_RemunerationForDirectorsAndOtherOfficersHeading" xml:lang="en" xlink:role="http://www.xbrl.org/2003/role/label" id="label_RemunerationForDirectorsAndOtherOfficersHeading">Remuneration for directors (and other officers)</link:label>
    <link:labelArc xlink:type="arc" xlink:arcrole="http://www.xbrl.org/2003/arcrole/concept-label" xlink:from="RemunerationForDirectorsAndOtherOfficersHeading" xlink:to="label_RemunerationForDirectorsAndOtherOfficersHeading" />
    <link:label xlink:type="resource" xlink:label="label_RemunerationForDirectorsAndOtherOfficersHeading_2" xml:lang="en" xlink:role="http://www.xbrl.org/2003/role/verboseLabel" id="label_RemunerationForDirectorsAndOtherOfficersHeading_2">Remuneration for directors (and other officers) [heading]</link:label>
    <link:labelArc xlink:type="arc" xlink:arcrole="http://www.xbrl.org/2003/arcrole/concept-label" xlink:from="RemunerationForDirectorsAndOtherOfficersHeading" xlink:to="label_RemunerationForDirectorsAndOtherOfficersHeading_2" />
    <link:label xlink:type="resource" xlink:label="label_EquitySecuritiesHeldHeading" xml:lang="en" xlink:role="http://www.xbrl.org/2003/role/label" id="label_EquitySecuritiesHeldHeading">Equity securities held</link:label>
    <link:labelArc xlink:type="arc" xlink:arcrole="http://www.xbrl.org/2003/arcrole/concept-label" xlink:from="EquitySecuritiesHeldHeading" xlink:to="label_EquitySecuritiesHeldHeading" />
    <link:label xlink:type="resource" xlink:label="label_EquitySecuritiesHeldHeading_2" xml:lang="en" xlink:role="http://www.xbrl.org/2003/role/verboseLabel" id="label_EquitySecuritiesHeldHeading_2">Equity securities held [heading]</link:label>
    <link:labelArc xlink:type="arc" xlink:arcrole="http://www.xbrl.org/2003/arcrole/concept-label" xlink:from="EquitySecuritiesHeldHeading" xlink:to="label_EquitySecuritiesHeldHeading_2" />
    <link:label xlink:type="resource" xlink:label="label_InformationAboutAuditsHeading" xml:lang="en" xlink:role="http://www.xbrl.org/2003/role/label" id="label_InformationAboutAuditsHeading">Information about audits</link:label>
    <link:labelArc xlink:type="arc" xlink:arcrole="http://www.xbrl.org/2003/arcrole/concept-label" xlink:from="InformationAboutAuditsHeading" xlink:to="label_InformationAboutAuditsHeading" />
    <link:label xlink:type="resource" xlink:label="label_InformationAboutAuditsHeading_2" xml:lang="en" xlink:role="http://www.xbrl.org/2003/role/verboseLabel" id="label_InformationAboutAuditsHeading_2">Information about audits [heading]</link:label>
    <link:labelArc xlink:type="arc" xlink:arcrole="http://www.xbrl.org/2003/arcrole/concept-label" xlink:from="InformationAboutAuditsHeading" xlink:to="label_InformationAboutAuditsHeading_2" />
    <link:label xlink:type="resource" xlink:label="label_TotalShareholderReturn" xml:lang="en" xlink:role="http://www.xbrl.org/2003/role/label" id="label_TotalShareholderReturn">Total shareholder return</link:label>
    <link:labelArc xlink:type="arc" xlink:arcrole="http://www.xbrl.org/2003/arcrole/concept-label" xlink:from="TotalShareholderReturn" xlink:to="label_TotalShareholderReturn" />
    <link:label xlink:type="resource" xlink:label="label_TotalShareholderReturn_2" xml:lang="en" xlink:role="http://www.xbrl.org/2003/role/verboseLabel" id="label_TotalShareholderReturn_2">Total shareholder return</link:label>
    <link:labelArc xlink:type="arc" xlink:arcrole="http://www.xbrl.org/2003/arcrole/concept-label" xlink:from="TotalShareholderReturn" xlink:to="label_TotalShareholderReturn_2" />
    <link:label xlink:type="resource" xlink:label="label_TotalReturnOnSharePriceIndex" xml:lang="en" xlink:role="http://www.xbrl.org/2003/role/label" id="label_TotalReturnOnSharePriceIndex">Total return on share price index</link:label>
    <link:labelArc xlink:type="arc" xlink:arcrole="http://www.xbrl.org/2003/arcrole/concept-label" xlink:from="TotalReturnOnSharePriceIndex" xlink:to="label_TotalReturnOnSharePriceIndex" />
    <link:label xlink:type="resource" xlink:label="label_TotalReturnOnSharePriceIndex_2" xml:lang="en" xlink:role="http://www.xbrl.org/2003/role/verboseLabel" id="label_TotalReturnOnSharePriceIndex_2">Total return on share price index</link:label>
    <link:labelArc xlink:type="arc" xlink:arcrole="http://www.xbrl.org/2003/arcrole/concept-label" xlink:from="TotalReturnOnSharePriceIndex" xlink:to="label_TotalReturnOnSharePriceIndex_2" />
    <link:label xlink:type="resource" xlink:label="label_SalesOfGolfPlayNetSales" xml:lang="en" xlink:role="http://www.xbrl.org/2003/role/label" id="label_SalesOfGolfPlayNetSales">Sales of golf play</link:label>
    <link:labelArc xlink:type="arc" xlink:arcrole="http://www.xbrl.org/2003/arcrole/concept-label" xlink:from="SalesOfGolfPlayNetSales" xlink:to="label_SalesOfGolfPlayNetSales" />
    <link:label xlink:type="resource" xlink:label="label_SalesOfGolfPlayNetSales_2" xml:lang="en" xlink:role="http://www.xbrl.org/2003/role/verboseLabel" id="label_SalesOfGolfPlayNetSales_2">Sales of golf play-net sales</link:label>
    <link:labelArc xlink:type="arc" xlink:arcrole="http://www.xbrl.org/2003/arcrole/concept-label" xlink:from="SalesOfGolfPlayNetSales" xlink:to="label_SalesOfGolfPlayNetSales_2" />
    <link:label xlink:type="resource" xlink:label="label_SalesOfCaddieServiceNetSales" xml:lang="en" xlink:role="http://www.xbrl.org/2003/role/label" id="label_SalesOfCaddieServiceNetSales">Sales of caddie service</link:label>
    <link:labelArc xlink:type="arc" xlink:arcrole="http://www.xbrl.org/2003/arcrole/concept-label" xlink:from="SalesOfCaddieServiceNetSales" xlink:to="label_SalesOfCaddieServiceNetSales" />
    <link:label xlink:type="resource" xlink:label="label_SalesOfCaddieServiceNetSales_2" xml:lang="en" xlink:role="http://www.xbrl.org/2003/role/verboseLabel" id="label_SalesOfCaddieServiceNetSales_2">Sales of caddie service-net sales</link:label>
    <link:labelArc xlink:type="arc" xlink:arcrole="http://www.xbrl.org/2003/arcrole/concept-label" xlink:from="SalesOfCaddieServiceNetSales" xlink:to="label_SalesOfCaddieServiceNetSales_2" />
    <link:label xlink:type="resource" xlink:label="label_CommissionIncomeOfRestaurantAndShopServiceNetSales" xml:lang="en" xlink:role="http://www.xbrl.org/2003/role/label" id="label_CommissionIncomeOfRestaurantAndShopServiceNetSales">Commission Income of Restaurant and shop service</link:label>
    <link:labelArc xlink:type="arc" xlink:arcrole="http://www.xbrl.org/2003/arcrole/concept-label" xlink:from="CommissionIncomeOfRestaurantAndShopServiceNetSales" xlink:to="label_CommissionIncomeOfRestaurantAndShopServiceNetSales" />
    <link:label xlink:type="resource" xlink:label="label_CommissionIncomeOfRestaurantAndShopServiceNetSales_2" xml:lang="en" xlink:role="http://www.xbrl.org/2003/role/verboseLabel" id="label_CommissionIncomeOfRestaurantAndShopServiceNetSales_2">Commission Income of Restaurant and shop service-Net sales</link:label>
    <link:labelArc xlink:type="arc" xlink:arcrole="http://www.xbrl.org/2003/arcrole/concept-label" xlink:from="CommissionIncomeOfRestaurantAndShopServiceNetSales" xlink:to="label_CommissionIncomeOfRestaurantAndShopServiceNetSales_2" />
    <link:label xlink:type="resource" xlink:label="label_SalesOfTeaHouseNetSales" xml:lang="en" xlink:role="http://www.xbrl.org/2003/role/label" id="label_SalesOfTeaHouseNetSales">Sales of tea house</link:label>
    <link:labelArc xlink:type="arc" xlink:arcrole="http://www.xbrl.org/2003/arcrole/concept-label" xlink:from="SalesOfTeaHouseNetSales" xlink:to="label_SalesOfTeaHouseNetSales" />
    <link:label xlink:type="resource" xlink:label="label_SalesOfTeaHouseNetSales_2" xml:lang="en" xlink:role="http://www.xbrl.org/2003/role/verboseLabel" id="label_SalesOfTeaHouseNetSales_2">Sales of tea house-net sales</link:label>
    <link:labelArc xlink:type="arc" xlink:arcrole="http://www.xbrl.org/2003/arcrole/concept-label" xlink:from="SalesOfTeaHouseNetSales" xlink:to="label_SalesOfTeaHouseNetSales_2" />
    <link:label xlink:type="resource" xlink:label="label_CostOfGolfCourseMaintenanceCOS" xml:lang="en" xlink:role="http://www.xbrl.org/2003/role/label" id="label_CostOfGolfCourseMaintenanceCOS">Cost of golf course maintenance</link:label>
    <link:labelArc xlink:type="arc" xlink:arcrole="http://www.xbrl.org/2003/arcrole/concept-label" xlink:from="CostOfGolfCourseMaintenanceCOS" xlink:to="label_CostOfGolfCourseMaintenanceCOS" />
    <link:label xlink:type="resource" xlink:label="label_CostOfGolfCourseMaintenanceCOS_2" xml:lang="en" xlink:role="http://www.xbrl.org/2003/role/verboseLabel" id="label_CostOfGolfCourseMaintenanceCOS_2">Cost of golf course maintenance-COS</link:label>
    <link:labelArc xlink:type="arc" xlink:arcrole="http://www.xbrl.org/2003/arcrole/concept-label" xlink:from="CostOfGolfCourseMaintenanceCOS" xlink:to="label_CostOfGolfCourseMaintenanceCOS_2" />
    <link:label xlink:type="resource" xlink:label="label_CostOfGolfPlaySalesCOS" xml:lang="en" xlink:role="http://www.xbrl.org/2003/role/label" id="label_CostOfGolfPlaySalesCOS">Cost of golf play sales</link:label>
    <link:labelArc xlink:type="arc" xlink:arcrole="http://www.xbrl.org/2003/arcrole/concept-label" xlink:from="CostOfGolfPlaySalesCOS" xlink:to="label_CostOfGolfPlaySalesCOS" />
    <link:label xlink:type="resource" xlink:label="label_CostOfGolfPlaySalesCOS_2" xml:lang="en" xlink:role="http://www.xbrl.org/2003/role/verboseLabel" id="label_CostOfGolfPlaySalesCOS_2">Cost of golf play sales-COS</link:label>
    <link:labelArc xlink:type="arc" xlink:arcrole="http://www.xbrl.org/2003/arcrole/concept-label" xlink:from="CostOfGolfPlaySalesCOS" xlink:to="label_CostOfGolfPlaySalesCOS_2" />
    <link:label xlink:type="resource" xlink:label="label_CostOfRestaurantAndShopServiceCOS" xml:lang="en" xlink:role="http://www.xbrl.org/2003/role/label" id="label_CostOfRestaurantAndShopServiceCOS">Cost of restaurant and shop service</link:label>
    <link:labelArc xlink:type="arc" xlink:arcrole="http://www.xbrl.org/2003/arcrole/concept-label" xlink:from="CostOfRestaurantAndShopServiceCOS" xlink:to="label_CostOfRestaurantAndShopServiceCOS" />
    <link:label xlink:type="resource" xlink:label="label_CostOfRestaurantAndShopServiceCOS_2" xml:lang="en" xlink:role="http://www.xbrl.org/2003/role/verboseLabel" id="label_CostOfRestaurantAndShopServiceCOS_2">Cost of restaurant and shop service-COS</link:label>
    <link:labelArc xlink:type="arc" xlink:arcrole="http://www.xbrl.org/2003/arcrole/concept-label" xlink:from="CostOfRestaurantAndShopServiceCOS" xlink:to="label_CostOfRestaurantAndShopServiceCOS_2" />
    <link:label xlink:type="resource" xlink:label="label_CostOfTeaHouseCOS" xml:lang="en" xlink:role="http://www.xbrl.org/2003/role/label" id="label_CostOfTeaHouseCOS">Cost of tea house</link:label>
    <link:labelArc xlink:type="arc" xlink:arcrole="http://www.xbrl.org/2003/arcrole/concept-label" xlink:from="CostOfTeaHouseCOS" xlink:to="label_CostOfTeaHouseCOS" />
    <link:label xlink:type="resource" xlink:label="label_CostOfTeaHouseCOS_2" xml:lang="en" xlink:role="http://www.xbrl.org/2003/role/verboseLabel" id="label_CostOfTeaHouseCOS_2">Cost of tea house-COS</link:label>
    <link:labelArc xlink:type="arc" xlink:arcrole="http://www.xbrl.org/2003/arcrole/concept-label" xlink:from="CostOfTeaHouseCOS" xlink:to="label_CostOfTeaHouseCOS_2" />
    <link:label xlink:type="resource" xlink:label="label_OtherExpensesCOS" xml:lang="en" xlink:role="http://www.xbrl.org/2003/role/label" id="label_OtherExpensesCOS">Other expenses</link:label>
    <link:labelArc xlink:type="arc" xlink:arcrole="http://www.xbrl.org/2003/arcrole/concept-label" xlink:from="OtherExpensesCOS" xlink:to="label_OtherExpensesCOS" />
    <link:label xlink:type="resource" xlink:label="label_OtherExpensesCOS_2" xml:lang="en" xlink:role="http://www.xbrl.org/2003/role/verboseLabel" id="label_OtherExpensesCOS_2">Other expenses-COS</link:label>
    <link:labelArc xlink:type="arc" xlink:arcrole="http://www.xbrl.org/2003/arcrole/concept-label" xlink:from="OtherExpensesCOS" xlink:to="label_OtherExpensesCOS_2" />
    <link:label xlink:type="resource" xlink:label="label_DepreciationCOS" xml:lang="en" xlink:role="http://www.xbrl.org/2003/role/label" id="label_DepreciationCOS">Depreciation</link:label>
    <link:labelArc xlink:type="arc" xlink:arcrole="http://www.xbrl.org/2003/arcrole/concept-label" xlink:from="DepreciationCOS" xlink:to="label_DepreciationCOS" />
    <link:label xlink:type="resource" xlink:label="label_DepreciationCOS_2" xml:lang="en" xlink:role="http://www.xbrl.org/2003/role/verboseLabel" id="label_DepreciationCOS_2">Depreciation-COS</link:label>
    <link:labelArc xlink:type="arc" xlink:arcrole="http://www.xbrl.org/2003/arcrole/concept-label" xlink:from="DepreciationCOS" xlink:to="label_DepreciationCOS_2" />
    <link:label xlink:type="resource" xlink:label="label_GolfMembersExpensesSGA" xml:lang="en" xlink:role="http://www.xbrl.org/2003/role/label" id="label_GolfMembersExpensesSGA">Golf members expenses</link:label>
    <link:labelArc xlink:type="arc" xlink:arcrole="http://www.xbrl.org/2003/arcrole/concept-label" xlink:from="GolfMembersExpensesSGA" xlink:to="label_GolfMembersExpensesSGA" />
    <link:label xlink:type="resource" xlink:label="label_GolfMembersExpensesSGA_2" xml:lang="en" xlink:role="http://www.xbrl.org/2003/role/verboseLabel" id="label_GolfMembersExpensesSGA_2">Golf members expenses-SGA</link:label>
    <link:labelArc xlink:type="arc" xlink:arcrole="http://www.xbrl.org/2003/arcrole/concept-label" xlink:from="GolfMembersExpensesSGA" xlink:to="label_GolfMembersExpensesSGA_2" />
    <link:label xlink:type="resource" xlink:label="label_RetirementExpensesEL" xml:lang="en" xlink:role="http://www.xbrl.org/2003/role/label" id="label_RetirementExpensesEL">Retirement expenses</link:label>
    <link:labelArc xlink:type="arc" xlink:arcrole="http://www.xbrl.org/2003/arcrole/concept-label" xlink:from="RetirementExpensesEL" xlink:to="label_RetirementExpensesEL" />
    <link:label xlink:type="resource" xlink:label="label_RetirementExpensesEL_2" xml:lang="en" xlink:role="http://www.xbrl.org/2003/role/verboseLabel" id="label_RetirementExpensesEL_2">Retirement expenses-EL</link:label>
    <link:labelArc xlink:type="arc" xlink:arcrole="http://www.xbrl.org/2003/arcrole/concept-label" xlink:from="RetirementExpensesEL" xlink:to="label_RetirementExpensesEL_2" />
  </link:labelLink>
</link:linkbase>