<?xml version="1.0" encoding="utf-8"?>
<!-- Generated by PRONEXUS WORKS -->
<link:linkbase xmlns:link="http://www.xbrl.org/2003/linkbase" xmlns:xsi="http://www.w3.org/2001/XMLSchema-instance" xmlns:xbrli="http://www.xbrl.org/2003/instance" xmlns:xlink="http://www.w3.org/1999/xlink">
  <link:labelLink xlink:type="extended" xlink:role="http://www.xbrl.org/2003/role/link">
    <link:loc xlink:type="locator" xlink:href="jpcrp030000-asr-001_E04677-000_2019-08-31_01_2019-11-29.xsd#jpcrp030000-asr_E04677-000_SalesOfGolfPlayNetSales" xlink:label="SalesOfGolfPlayNetSales" />
    <link:loc xlink:type="locator" xlink:href="jpcrp030000-asr-001_E04677-000_2019-08-31_01_2019-11-29.xsd#jpcrp030000-asr_E04677-000_SalesOfCaddieServiceNetSales" xlink:label="SalesOfCaddieServiceNetSales" />
    <link:loc xlink:type="locator" xlink:href="jpcrp030000-asr-001_E04677-000_2019-08-31_01_2019-11-29.xsd#jpcrp030000-asr_E04677-000_CommissionIncomeOfRestaurantAndShopServiceNetSales" xlink:label="CommissionIncomeOfRestaurantAndShopServiceNetSales" />
    <link:loc xlink:type="locator" xlink:href="jpcrp030000-asr-001_E04677-000_2019-08-31_01_2019-11-29.xsd#jpcrp030000-asr_E04677-000_SalesOfTeaHouseNetSales" xlink:label="SalesOfTeaHouseNetSales" />
    <link:loc xlink:type="locator" xlink:href="jpcrp030000-asr-001_E04677-000_2019-08-31_01_2019-11-29.xsd#jpcrp030000-asr_E04677-000_CostOfGolfCourseMaintenanceCOS" xlink:label="CostOfGolfCourseMaintenanceCOS" />
    <link:loc xlink:type="locator" xlink:href="jpcrp030000-asr-001_E04677-000_2019-08-31_01_2019-11-29.xsd#jpcrp030000-asr_E04677-000_CostOfGolfPlaySalesCOS" xlink:label="CostOfGolfPlaySalesCOS" />
    <link:loc xlink:type="locator" xlink:href="jpcrp030000-asr-001_E04677-000_2019-08-31_01_2019-11-29.xsd#jpcrp030000-asr_E04677-000_CostOfRestaurantAndShopServiceCOS" xlink:label="CostOfRestaurantAndShopServiceCOS" />
    <link:loc xlink:type="locator" xlink:href="jpcrp030000-asr-001_E04677-000_2019-08-31_01_2019-11-29.xsd#jpcrp030000-asr_E04677-000_CostOfTeaHouseCOS" xlink:label="CostOfTeaHouseCOS" />
    <link:loc xlink:type="locator" xlink:href="jpcrp030000-asr-001_E04677-000_2019-08-31_01_2019-11-29.xsd#jpcrp030000-asr_E04677-000_OtherExpensesCOS" xlink:label="OtherExpensesCOS" />
    <link:loc xlink:type="locator" xlink:href="jpcrp030000-asr-001_E04677-000_2019-08-31_01_2019-11-29.xsd#jpcrp030000-asr_E04677-000_DepreciationCOS" xlink:label="DepreciationCOS" />
    <link:loc xlink:type="locator" xlink:href="jpcrp030000-asr-001_E04677-000_2019-08-31_01_2019-11-29.xsd#jpcrp030000-asr_E04677-000_GolfMembersExpensesSGA" xlink:label="GolfMembersExpensesSGA" />
    <link:loc xlink:type="locator" xlink:href="jpcrp030000-asr-001_E04677-000_2019-08-31_01_2019-11-29.xsd#jpcrp030000-asr_E04677-000_ManagementAnalysisOfFinancialPositionOperatingResultsAndCashFlowsHeading" xlink:label="ManagementAnalysisOfFinancialPositionOperatingResultsAndCashFlowsHeading" />
    <link:loc xlink:type="locator" xlink:href="jpcrp030000-asr-001_E04677-000_2019-08-31_01_2019-11-29.xsd#jpcrp030000-asr_E04677-000_ManagementAnalysisOfFinancialPositionOperatingResultsAndCashFlowsTextBlock" xlink:label="ManagementAnalysisOfFinancialPositionOperatingResultsAndCashFlowsTextBlock" />
    <link:loc xlink:type="locator" xlink:href="jpcrp030000-asr-001_E04677-000_2019-08-31_01_2019-11-29.xsd#jpcrp030000-asr_E04677-000_OtherInformationAboutShareAcquisitionRightsHeading" xlink:label="OtherInformationAboutShareAcquisitionRightsHeading" />
    <link:loc xlink:type="locator" xlink:href="jpcrp030000-asr-001_E04677-000_2019-08-31_01_2019-11-29.xsd#jpcrp030000-asr_E04677-000_OtherInformationAboutShareAcquisitionRightsTextBlock" xlink:label="OtherInformationAboutShareAcquisitionRightsTextBlock" />
    <link:loc xlink:type="locator" xlink:href="jpcrp030000-asr-001_E04677-000_2019-08-31_01_2019-11-29.xsd#jpcrp030000-asr_E04677-000_OverviewOfCorporateGovernanceHeading" xlink:label="OverviewOfCorporateGovernanceHeading" />
    <link:loc xlink:type="locator" xlink:href="jpcrp030000-asr-001_E04677-000_2019-08-31_01_2019-11-29.xsd#jpcrp030000-asr_E04677-000_OverviewOfCorporateGovernanceTextBlock" xlink:label="OverviewOfCorporateGovernanceTextBlock" />
    <link:loc xlink:type="locator" xlink:href="jpcrp030000-asr-001_E04677-000_2019-08-31_01_2019-11-29.xsd#jpcrp030000-asr_E04677-000_InformationAboutAuditsHeading" xlink:label="InformationAboutAuditsHeading" />
    <link:loc xlink:type="locator" xlink:href="jpcrp030000-asr-001_E04677-000_2019-08-31_01_2019-11-29.xsd#jpcrp030000-asr_E04677-000_InformationAboutAuditsTextBlock" xlink:label="InformationAboutAuditsTextBlock" />
    <link:loc xlink:type="locator" xlink:href="jpcrp030000-asr-001_E04677-000_2019-08-31_01_2019-11-29.xsd#jpcrp030000-asr_E04677-000_RemunerationForDirectorsAndOtherOfficersHeading" xlink:label="RemunerationForDirectorsAndOtherOfficersHeading" />
    <link:loc xlink:type="locator" xlink:href="jpcrp030000-asr-001_E04677-000_2019-08-31_01_2019-11-29.xsd#jpcrp030000-asr_E04677-000_RemunerationForDirectorsAndOtherOfficersTextBlock" xlink:label="RemunerationForDirectorsAndOtherOfficersTextBlock" />
    <link:loc xlink:type="locator" xlink:href="jpcrp030000-asr-001_E04677-000_2019-08-31_01_2019-11-29.xsd#jpcrp030000-asr_E04677-000_EquitySecuritiesHeldHeading" xlink:label="EquitySecuritiesHeldHeading" />
    <link:loc xlink:type="locator" xlink:href="jpcrp030000-asr-001_E04677-000_2019-08-31_01_2019-11-29.xsd#jpcrp030000-asr_E04677-000_EquitySecuritiesHeldTextBlock" xlink:label="EquitySecuritiesHeldTextBlock" />
    <link:loc xlink:type="locator" xlink:href="jpcrp030000-asr-001_E04677-000_2019-08-31_01_2019-11-29.xsd#jpcrp030000-asr_E04677-000_TotalShareholderReturn" xlink:label="TotalShareholderReturn" />
    <link:loc xlink:type="locator" xlink:href="jpcrp030000-asr-001_E04677-000_2019-08-31_01_2019-11-29.xsd#jpcrp030000-asr_E04677-000_TotalReturnOnSharePriceIndex" xlink:label="TotalReturnOnSharePriceIndex" />
    <link:loc xlink:type="locator" xlink:href="jpcrp030000-asr-001_E04677-000_2019-08-31_01_2019-11-29.xsd#jpcrp030000-asr_E04677-000_RetirementExpensesEL" xlink:label="RetirementExpensesEL" />
    <link:label xlink:type="resource" xlink:label="label_ManagementAnalysisOfFinancialPositionOperatingResultsAndCashFlowsHeading" xml:lang="ja" xlink:role="http://www.xbrl.org/2003/role/label" id="label_ManagementAnalysisOfFinancialPositionOperatingResultsAndCashFlowsHeading">経営者による財政状態、経営成績及びキャッシュ・フローの状況の分析</link:label>
    <link:labelArc xlink:type="arc" xlink:arcrole="http://www.xbrl.org/2003/arcrole/concept-label" xlink:from="ManagementAnalysisOfFinancialPositionOperatingResultsAndCashFlowsHeading" xlink:to="label_ManagementAnalysisOfFinancialPositionOperatingResultsAndCashFlowsHeading" />
    <link:label xlink:type="resource" xlink:label="label_ManagementAnalysisOfFinancialPositionOperatingResultsAndCashFlowsHeading_2" xml:lang="ja" xlink:role="http://www.xbrl.org/2003/role/verboseLabel" id="label_ManagementAnalysisOfFinancialPositionOperatingResultsAndCashFlowsHeading_2">経営者による財政状態、経営成績及びキャッシュ・フローの状況の分析 [目次項目]</link:label>
    <link:labelArc xlink:type="arc" xlink:arcrole="http://www.xbrl.org/2003/arcrole/concept-label" xlink:from="ManagementAnalysisOfFinancialPositionOperatingResultsAndCashFlowsHeading" xlink:to="label_ManagementAnalysisOfFinancialPositionOperatingResultsAndCashFlowsHeading_2" />
    <link:label xlink:type="resource" xlink:label="label_ManagementAnalysisOfFinancialPositionOperatingResultsAndCashFlowsTextBlock" xml:lang="ja" xlink:role="http://www.xbrl.org/2003/role/label" id="label_ManagementAnalysisOfFinancialPositionOperatingResultsAndCashFlowsTextBlock">経営者による財政状態、経営成績及びキャッシュ・フローの状況の分析</link:label>
    <link:labelArc xlink:type="arc" xlink:arcrole="http://www.xbrl.org/2003/arcrole/concept-label" xlink:from="ManagementAnalysisOfFinancialPositionOperatingResultsAndCashFlowsTextBlock" xlink:to="label_ManagementAnalysisOfFinancialPositionOperatingResultsAndCashFlowsTextBlock" />
    <link:label xlink:type="resource" xlink:label="label_ManagementAnalysisOfFinancialPositionOperatingResultsAndCashFlowsTextBlock_2" xml:lang="ja" xlink:role="http://www.xbrl.org/2003/role/verboseLabel" id="label_ManagementAnalysisOfFinancialPositionOperatingResultsAndCashFlowsTextBlock_2">経営者による財政状態、経営成績及びキャッシュ・フローの状況の分析 [テキストブロック]</link:label>
    <link:labelArc xlink:type="arc" xlink:arcrole="http://www.xbrl.org/2003/arcrole/concept-label" xlink:from="ManagementAnalysisOfFinancialPositionOperatingResultsAndCashFlowsTextBlock" xlink:to="label_ManagementAnalysisOfFinancialPositionOperatingResultsAndCashFlowsTextBlock_2" />
    <link:label xlink:type="resource" xlink:label="label_OtherInformationAboutShareAcquisitionRightsHeading" xml:lang="ja" xlink:role="http://www.xbrl.org/2003/role/label" id="label_OtherInformationAboutShareAcquisitionRightsHeading">その他の新株予約権等の状況</link:label>
    <link:labelArc xlink:type="arc" xlink:arcrole="http://www.xbrl.org/2003/arcrole/concept-label" xlink:from="OtherInformationAboutShareAcquisitionRightsHeading" xlink:to="label_OtherInformationAboutShareAcquisitionRightsHeading" />
    <link:label xlink:type="resource" xlink:label="label_OtherInformationAboutShareAcquisitionRightsHeading_2" xml:lang="ja" xlink:role="http://www.xbrl.org/2003/role/verboseLabel" id="label_OtherInformationAboutShareAcquisitionRightsHeading_2">その他の新株予約権等の状況 [目次項目]</link:label>
    <link:labelArc xlink:type="arc" xlink:arcrole="http://www.xbrl.org/2003/arcrole/concept-label" xlink:from="OtherInformationAboutShareAcquisitionRightsHeading" xlink:to="label_OtherInformationAboutShareAcquisitionRightsHeading_2" />
    <link:label xlink:type="resource" xlink:label="label_OtherInformationAboutShareAcquisitionRightsTextBlock" xml:lang="ja" xlink:role="http://www.xbrl.org/2003/role/label" id="label_OtherInformationAboutShareAcquisitionRightsTextBlock">その他の新株予約権等の状況</link:label>
    <link:labelArc xlink:type="arc" xlink:arcrole="http://www.xbrl.org/2003/arcrole/concept-label" xlink:from="OtherInformationAboutShareAcquisitionRightsTextBlock" xlink:to="label_OtherInformationAboutShareAcquisitionRightsTextBlock" />
    <link:label xlink:type="resource" xlink:label="label_OtherInformationAboutShareAcquisitionRightsTextBlock_2" xml:lang="ja" xlink:role="http://www.xbrl.org/2003/role/verboseLabel" id="label_OtherInformationAboutShareAcquisitionRightsTextBlock_2">その他の新株予約権等の状況 [テキストブロック]</link:label>
    <link:labelArc xlink:type="arc" xlink:arcrole="http://www.xbrl.org/2003/arcrole/concept-label" xlink:from="OtherInformationAboutShareAcquisitionRightsTextBlock" xlink:to="label_OtherInformationAboutShareAcquisitionRightsTextBlock_2" />
    <link:label xlink:type="resource" xlink:label="label_OverviewOfCorporateGovernanceTextBlock" xml:lang="ja" xlink:role="http://www.xbrl.org/2003/role/label" id="label_OverviewOfCorporateGovernanceTextBlock">コーポレート・ガバナンスの概要</link:label>
    <link:labelArc xlink:type="arc" xlink:arcrole="http://www.xbrl.org/2003/arcrole/concept-label" xlink:from="OverviewOfCorporateGovernanceTextBlock" xlink:to="label_OverviewOfCorporateGovernanceTextBlock" />
    <link:label xlink:type="resource" xlink:label="label_OverviewOfCorporateGovernanceTextBlock_2" xml:lang="ja" xlink:role="http://www.xbrl.org/2003/role/verboseLabel" id="label_OverviewOfCorporateGovernanceTextBlock_2">コーポレート・ガバナンスの概要 [テキストブロック]</link:label>
    <link:labelArc xlink:type="arc" xlink:arcrole="http://www.xbrl.org/2003/arcrole/concept-label" xlink:from="OverviewOfCorporateGovernanceTextBlock" xlink:to="label_OverviewOfCorporateGovernanceTextBlock_2" />
    <link:label xlink:type="resource" xlink:label="label_InformationAboutAuditsTextBlock" xml:lang="ja" xlink:role="http://www.xbrl.org/2003/role/label" id="label_InformationAboutAuditsTextBlock">監査の状況</link:label>
    <link:labelArc xlink:type="arc" xlink:arcrole="http://www.xbrl.org/2003/arcrole/concept-label" xlink:from="InformationAboutAuditsTextBlock" xlink:to="label_InformationAboutAuditsTextBlock" />
    <link:label xlink:type="resource" xlink:label="label_InformationAboutAuditsTextBlock_2" xml:lang="ja" xlink:role="http://www.xbrl.org/2003/role/verboseLabel" id="label_InformationAboutAuditsTextBlock_2">監査の状況 [テキストブロック]</link:label>
    <link:labelArc xlink:type="arc" xlink:arcrole="http://www.xbrl.org/2003/arcrole/concept-label" xlink:from="InformationAboutAuditsTextBlock" xlink:to="label_InformationAboutAuditsTextBlock_2" />
    <link:label xlink:type="resource" xlink:label="label_RemunerationForDirectorsAndOtherOfficersTextBlock" xml:lang="ja" xlink:role="http://www.xbrl.org/2003/role/label" id="label_RemunerationForDirectorsAndOtherOfficersTextBlock">役員の報酬等</link:label>
    <link:labelArc xlink:type="arc" xlink:arcrole="http://www.xbrl.org/2003/arcrole/concept-label" xlink:from="RemunerationForDirectorsAndOtherOfficersTextBlock" xlink:to="label_RemunerationForDirectorsAndOtherOfficersTextBlock" />
    <link:label xlink:type="resource" xlink:label="label_RemunerationForDirectorsAndOtherOfficersTextBlock_2" xml:lang="ja" xlink:role="http://www.xbrl.org/2003/role/verboseLabel" id="label_RemunerationForDirectorsAndOtherOfficersTextBlock_2">役員の報酬等 [テキストブロック]</link:label>
    <link:labelArc xlink:type="arc" xlink:arcrole="http://www.xbrl.org/2003/arcrole/concept-label" xlink:from="RemunerationForDirectorsAndOtherOfficersTextBlock" xlink:to="label_RemunerationForDirectorsAndOtherOfficersTextBlock_2" />
    <link:label xlink:type="resource" xlink:label="label_EquitySecuritiesHeldTextBlock" xml:lang="ja" xlink:role="http://www.xbrl.org/2003/role/label" id="label_EquitySecuritiesHeldTextBlock">株式の保有状況</link:label>
    <link:labelArc xlink:type="arc" xlink:arcrole="http://www.xbrl.org/2003/arcrole/concept-label" xlink:from="EquitySecuritiesHeldTextBlock" xlink:to="label_EquitySecuritiesHeldTextBlock" />
    <link:label xlink:type="resource" xlink:label="label_EquitySecuritiesHeldTextBlock_2" xml:lang="ja" xlink:role="http://www.xbrl.org/2003/role/verboseLabel" id="label_EquitySecuritiesHeldTextBlock_2">株式の保有状況 [テキストブロック]</link:label>
    <link:labelArc xlink:type="arc" xlink:arcrole="http://www.xbrl.org/2003/arcrole/concept-label" xlink:from="EquitySecuritiesHeldTextBlock" xlink:to="label_EquitySecuritiesHeldTextBlock_2" />
    <link:label xlink:type="resource" xlink:label="label_OverviewOfCorporateGovernanceHeading" xml:lang="ja" xlink:role="http://www.xbrl.org/2003/role/label" id="label_OverviewOfCorporateGovernanceHeading">コーポレート・ガバナンスの概要</link:label>
    <link:labelArc xlink:type="arc" xlink:arcrole="http://www.xbrl.org/2003/arcrole/concept-label" xlink:from="OverviewOfCorporateGovernanceHeading" xlink:to="label_OverviewOfCorporateGovernanceHeading" />
    <link:label xlink:type="resource" xlink:label="label_OverviewOfCorporateGovernanceHeading_2" xml:lang="ja" xlink:role="http://www.xbrl.org/2003/role/verboseLabel" id="label_OverviewOfCorporateGovernanceHeading_2">コーポレート・ガバナンスの概要 [目次項目]</link:label>
    <link:labelArc xlink:type="arc" xlink:arcrole="http://www.xbrl.org/2003/arcrole/concept-label" xlink:from="OverviewOfCorporateGovernanceHeading" xlink:to="label_OverviewOfCorporateGovernanceHeading_2" />
    <link:label xlink:type="resource" xlink:label="label_RemunerationForDirectorsAndOtherOfficersHeading" xml:lang="ja" xlink:role="http://www.xbrl.org/2003/role/label" id="label_RemunerationForDirectorsAndOtherOfficersHeading">役員の報酬等</link:label>
    <link:labelArc xlink:type="arc" xlink:arcrole="http://www.xbrl.org/2003/arcrole/concept-label" xlink:from="RemunerationForDirectorsAndOtherOfficersHeading" xlink:to="label_RemunerationForDirectorsAndOtherOfficersHeading" />
    <link:label xlink:type="resource" xlink:label="label_RemunerationForDirectorsAndOtherOfficersHeading_2" xml:lang="ja" xlink:role="http://www.xbrl.org/2003/role/verboseLabel" id="label_RemunerationForDirectorsAndOtherOfficersHeading_2">役員の報酬等 [目次項目]</link:label>
    <link:labelArc xlink:type="arc" xlink:arcrole="http://www.xbrl.org/2003/arcrole/concept-label" xlink:from="RemunerationForDirectorsAndOtherOfficersHeading" xlink:to="label_RemunerationForDirectorsAndOtherOfficersHeading_2" />
    <link:label xlink:type="resource" xlink:label="label_EquitySecuritiesHeldHeading" xml:lang="ja" xlink:role="http://www.xbrl.org/2003/role/label" id="label_EquitySecuritiesHeldHeading">株式の保有状況</link:label>
    <link:labelArc xlink:type="arc" xlink:arcrole="http://www.xbrl.org/2003/arcrole/concept-label" xlink:from="EquitySecuritiesHeldHeading" xlink:to="label_EquitySecuritiesHeldHeading" />
    <link:label xlink:type="resource" xlink:label="label_EquitySecuritiesHeldHeading_2" xml:lang="ja" xlink:role="http://www.xbrl.org/2003/role/verboseLabel" id="label_EquitySecuritiesHeldHeading_2">株式の保有状況 [目次項目]</link:label>
    <link:labelArc xlink:type="arc" xlink:arcrole="http://www.xbrl.org/2003/arcrole/concept-label" xlink:from="EquitySecuritiesHeldHeading" xlink:to="label_EquitySecuritiesHeldHeading_2" />
    <link:label xlink:type="resource" xlink:label="label_InformationAboutAuditsHeading" xml:lang="ja" xlink:role="http://www.xbrl.org/2003/role/label" id="label_InformationAboutAuditsHeading">監査の状況</link:label>
    <link:labelArc xlink:type="arc" xlink:arcrole="http://www.xbrl.org/2003/arcrole/concept-label" xlink:from="InformationAboutAuditsHeading" xlink:to="label_InformationAboutAuditsHeading" />
    <link:label xlink:type="resource" xlink:label="label_InformationAboutAuditsHeading_2" xml:lang="ja" xlink:role="http://www.xbrl.org/2003/role/verboseLabel" id="label_InformationAboutAuditsHeading_2">監査の状況 [目次項目]</link:label>
    <link:labelArc xlink:type="arc" xlink:arcrole="http://www.xbrl.org/2003/arcrole/concept-label" xlink:from="InformationAboutAuditsHeading" xlink:to="label_InformationAboutAuditsHeading_2" />
    <link:label xlink:type="resource" xlink:label="label_TotalShareholderReturn" xml:lang="ja" xlink:role="http://www.xbrl.org/2003/role/label" id="label_TotalShareholderReturn">株主総利回り</link:label>
    <link:labelArc xlink:type="arc" xlink:arcrole="http://www.xbrl.org/2003/arcrole/concept-label" xlink:from="TotalShareholderReturn" xlink:to="label_TotalShareholderReturn" />
    <link:label xlink:type="resource" xlink:label="label_TotalShareholderReturn_2" xml:lang="ja" xlink:role="http://www.xbrl.org/2003/role/verboseLabel" id="label_TotalShareholderReturn_2">株主総利回り</link:label>
    <link:labelArc xlink:type="arc" xlink:arcrole="http://www.xbrl.org/2003/arcrole/concept-label" xlink:from="TotalShareholderReturn" xlink:to="label_TotalShareholderReturn_2" />
    <link:label xlink:type="resource" xlink:label="label_TotalReturnOnSharePriceIndex" xml:lang="ja" xlink:role="http://www.xbrl.org/2003/role/label" id="label_TotalReturnOnSharePriceIndex">株価指数における総利回り</link:label>
    <link:labelArc xlink:type="arc" xlink:arcrole="http://www.xbrl.org/2003/arcrole/concept-label" xlink:from="TotalReturnOnSharePriceIndex" xlink:to="label_TotalReturnOnSharePriceIndex" />
    <link:label xlink:type="resource" xlink:label="label_TotalReturnOnSharePriceIndex_2" xml:lang="ja" xlink:role="http://www.xbrl.org/2003/role/verboseLabel" id="label_TotalReturnOnSharePriceIndex_2">株価指数における総利回り</link:label>
    <link:labelArc xlink:type="arc" xlink:arcrole="http://www.xbrl.org/2003/arcrole/concept-label" xlink:from="TotalReturnOnSharePriceIndex" xlink:to="label_TotalReturnOnSharePriceIndex_2" />
    <link:label xlink:type="resource" xlink:label="label_SalesOfGolfPlayNetSales" xml:lang="ja" xlink:role="http://www.xbrl.org/2003/role/label" id="label_SalesOfGolfPlayNetSales">グリーンフィー</link:label>
    <link:labelArc xlink:type="arc" xlink:arcrole="http://www.xbrl.org/2003/arcrole/concept-label" xlink:from="SalesOfGolfPlayNetSales" xlink:to="label_SalesOfGolfPlayNetSales" />
    <link:label xlink:type="resource" xlink:label="label_SalesOfGolfPlayNetSales_2" xml:lang="ja" xlink:role="http://www.xbrl.org/2003/role/verboseLabel" id="label_SalesOfGolfPlayNetSales_2">グリーンフィー、売上高</link:label>
    <link:labelArc xlink:type="arc" xlink:arcrole="http://www.xbrl.org/2003/arcrole/concept-label" xlink:from="SalesOfGolfPlayNetSales" xlink:to="label_SalesOfGolfPlayNetSales_2" />
    <link:label xlink:type="resource" xlink:label="label_SalesOfCaddieServiceNetSales" xml:lang="ja" xlink:role="http://www.xbrl.org/2003/role/label" id="label_SalesOfCaddieServiceNetSales">キャディフィー</link:label>
    <link:labelArc xlink:type="arc" xlink:arcrole="http://www.xbrl.org/2003/arcrole/concept-label" xlink:from="SalesOfCaddieServiceNetSales" xlink:to="label_SalesOfCaddieServiceNetSales" />
    <link:label xlink:type="resource" xlink:label="label_SalesOfCaddieServiceNetSales_2" xml:lang="ja" xlink:role="http://www.xbrl.org/2003/role/verboseLabel" id="label_SalesOfCaddieServiceNetSales_2">キャディフィー、売上高</link:label>
    <link:labelArc xlink:type="arc" xlink:arcrole="http://www.xbrl.org/2003/arcrole/concept-label" xlink:from="SalesOfCaddieServiceNetSales" xlink:to="label_SalesOfCaddieServiceNetSales_2" />
    <link:label xlink:type="resource" xlink:label="label_CommissionIncomeOfRestaurantAndShopServiceNetSales" xml:lang="ja" xlink:role="http://www.xbrl.org/2003/role/label" id="label_CommissionIncomeOfRestaurantAndShopServiceNetSales">食堂売店手数料</link:label>
    <link:labelArc xlink:type="arc" xlink:arcrole="http://www.xbrl.org/2003/arcrole/concept-label" xlink:from="CommissionIncomeOfRestaurantAndShopServiceNetSales" xlink:to="label_CommissionIncomeOfRestaurantAndShopServiceNetSales" />
    <link:label xlink:type="resource" xlink:label="label_CommissionIncomeOfRestaurantAndShopServiceNetSales_2" xml:lang="ja" xlink:role="http://www.xbrl.org/2003/role/verboseLabel" id="label_CommissionIncomeOfRestaurantAndShopServiceNetSales_2">食堂売店手数料、売上高</link:label>
    <link:labelArc xlink:type="arc" xlink:arcrole="http://www.xbrl.org/2003/arcrole/concept-label" xlink:from="CommissionIncomeOfRestaurantAndShopServiceNetSales" xlink:to="label_CommissionIncomeOfRestaurantAndShopServiceNetSales_2" />
    <link:label xlink:type="resource" xlink:label="label_SalesOfTeaHouseNetSales" xml:lang="ja" xlink:role="http://www.xbrl.org/2003/role/label" id="label_SalesOfTeaHouseNetSales">茶店売上</link:label>
    <link:labelArc xlink:type="arc" xlink:arcrole="http://www.xbrl.org/2003/arcrole/concept-label" xlink:from="SalesOfTeaHouseNetSales" xlink:to="label_SalesOfTeaHouseNetSales" />
    <link:label xlink:type="resource" xlink:label="label_SalesOfTeaHouseNetSales_2" xml:lang="ja" xlink:role="http://www.xbrl.org/2003/role/verboseLabel" id="label_SalesOfTeaHouseNetSales_2">茶店売上、売上高</link:label>
    <link:labelArc xlink:type="arc" xlink:arcrole="http://www.xbrl.org/2003/arcrole/concept-label" xlink:from="SalesOfTeaHouseNetSales" xlink:to="label_SalesOfTeaHouseNetSales_2" />
    <link:label xlink:type="resource" xlink:label="label_CostOfGolfCourseMaintenanceCOS" xml:lang="ja" xlink:role="http://www.xbrl.org/2003/role/label" id="label_CostOfGolfCourseMaintenanceCOS">コース維持費</link:label>
    <link:labelArc xlink:type="arc" xlink:arcrole="http://www.xbrl.org/2003/arcrole/concept-label" xlink:from="CostOfGolfCourseMaintenanceCOS" xlink:to="label_CostOfGolfCourseMaintenanceCOS" />
    <link:label xlink:type="resource" xlink:label="label_CostOfGolfCourseMaintenanceCOS_2" xml:lang="ja" xlink:role="http://www.xbrl.org/2003/role/verboseLabel" id="label_CostOfGolfCourseMaintenanceCOS_2">コース維持費、売上原価</link:label>
    <link:labelArc xlink:type="arc" xlink:arcrole="http://www.xbrl.org/2003/arcrole/concept-label" xlink:from="CostOfGolfCourseMaintenanceCOS" xlink:to="label_CostOfGolfCourseMaintenanceCOS_2" />
    <link:label xlink:type="resource" xlink:label="label_CostOfGolfPlaySalesCOS" xml:lang="ja" xlink:role="http://www.xbrl.org/2003/role/label" id="label_CostOfGolfPlaySalesCOS">プレー費</link:label>
    <link:labelArc xlink:type="arc" xlink:arcrole="http://www.xbrl.org/2003/arcrole/concept-label" xlink:from="CostOfGolfPlaySalesCOS" xlink:to="label_CostOfGolfPlaySalesCOS" />
    <link:label xlink:type="resource" xlink:label="label_CostOfGolfPlaySalesCOS_2" xml:lang="ja" xlink:role="http://www.xbrl.org/2003/role/verboseLabel" id="label_CostOfGolfPlaySalesCOS_2">プレー費、売上原価</link:label>
    <link:labelArc xlink:type="arc" xlink:arcrole="http://www.xbrl.org/2003/arcrole/concept-label" xlink:from="CostOfGolfPlaySalesCOS" xlink:to="label_CostOfGolfPlaySalesCOS_2" />
    <link:label xlink:type="resource" xlink:label="label_CostOfRestaurantAndShopServiceCOS" xml:lang="ja" xlink:role="http://www.xbrl.org/2003/role/label" id="label_CostOfRestaurantAndShopServiceCOS">食堂売店経費</link:label>
    <link:labelArc xlink:type="arc" xlink:arcrole="http://www.xbrl.org/2003/arcrole/concept-label" xlink:from="CostOfRestaurantAndShopServiceCOS" xlink:to="label_CostOfRestaurantAndShopServiceCOS" />
    <link:label xlink:type="resource" xlink:label="label_CostOfRestaurantAndShopServiceCOS_2" xml:lang="ja" xlink:role="http://www.xbrl.org/2003/role/verboseLabel" id="label_CostOfRestaurantAndShopServiceCOS_2">食堂売店経費、売上原価</link:label>
    <link:labelArc xlink:type="arc" xlink:arcrole="http://www.xbrl.org/2003/arcrole/concept-label" xlink:from="CostOfRestaurantAndShopServiceCOS" xlink:to="label_CostOfRestaurantAndShopServiceCOS_2" />
    <link:label xlink:type="resource" xlink:label="label_CostOfTeaHouseCOS" xml:lang="ja" xlink:role="http://www.xbrl.org/2003/role/label" id="label_CostOfTeaHouseCOS">茶店経費</link:label>
    <link:labelArc xlink:type="arc" xlink:arcrole="http://www.xbrl.org/2003/arcrole/concept-label" xlink:from="CostOfTeaHouseCOS" xlink:to="label_CostOfTeaHouseCOS" />
    <link:label xlink:type="resource" xlink:label="label_CostOfTeaHouseCOS_2" xml:lang="ja" xlink:role="http://www.xbrl.org/2003/role/verboseLabel" id="label_CostOfTeaHouseCOS_2">茶店経費、売上原価</link:label>
    <link:labelArc xlink:type="arc" xlink:arcrole="http://www.xbrl.org/2003/arcrole/concept-label" xlink:from="CostOfTeaHouseCOS" xlink:to="label_CostOfTeaHouseCOS_2" />
    <link:label xlink:type="resource" xlink:label="label_OtherExpensesCOS" xml:lang="ja" xlink:role="http://www.xbrl.org/2003/role/label" id="label_OtherExpensesCOS">その他の経費</link:label>
    <link:labelArc xlink:type="arc" xlink:arcrole="http://www.xbrl.org/2003/arcrole/concept-label" xlink:from="OtherExpensesCOS" xlink:to="label_OtherExpensesCOS" />
    <link:label xlink:type="resource" xlink:label="label_OtherExpensesCOS_2" xml:lang="ja" xlink:role="http://www.xbrl.org/2003/role/verboseLabel" id="label_OtherExpensesCOS_2">その他の経費、売上原価</link:label>
    <link:labelArc xlink:type="arc" xlink:arcrole="http://www.xbrl.org/2003/arcrole/concept-label" xlink:from="OtherExpensesCOS" xlink:to="label_OtherExpensesCOS_2" />
    <link:label xlink:type="resource" xlink:label="label_DepreciationCOS" xml:lang="ja" xlink:role="http://www.xbrl.org/2003/role/label" id="label_DepreciationCOS">減価償却費</link:label>
    <link:labelArc xlink:type="arc" xlink:arcrole="http://www.xbrl.org/2003/arcrole/concept-label" xlink:from="DepreciationCOS" xlink:to="label_DepreciationCOS" />
    <link:label xlink:type="resource" xlink:label="label_DepreciationCOS_2" xml:lang="ja" xlink:role="http://www.xbrl.org/2003/role/verboseLabel" id="label_DepreciationCOS_2">減価償却費、売上原価</link:label>
    <link:labelArc xlink:type="arc" xlink:arcrole="http://www.xbrl.org/2003/arcrole/concept-label" xlink:from="DepreciationCOS" xlink:to="label_DepreciationCOS_2" />
    <link:label xlink:type="resource" xlink:label="label_GolfMembersExpensesSGA" xml:lang="ja" xlink:role="http://www.xbrl.org/2003/role/label" id="label_GolfMembersExpensesSGA">会員関係費</link:label>
    <link:labelArc xlink:type="arc" xlink:arcrole="http://www.xbrl.org/2003/arcrole/concept-label" xlink:from="GolfMembersExpensesSGA" xlink:to="label_GolfMembersExpensesSGA" />
    <link:label xlink:type="resource" xlink:label="label_GolfMembersExpensesSGA_2" xml:lang="ja" xlink:role="http://www.xbrl.org/2003/role/verboseLabel" id="label_GolfMembersExpensesSGA_2">会員関係費、販売費及び一般管理費</link:label>
    <link:labelArc xlink:type="arc" xlink:arcrole="http://www.xbrl.org/2003/arcrole/concept-label" xlink:from="GolfMembersExpensesSGA" xlink:to="label_GolfMembersExpensesSGA_2" />
    <link:label xlink:type="resource" xlink:label="label_RetirementExpensesEL" xml:lang="ja" xlink:role="http://www.xbrl.org/2003/role/label" id="label_RetirementExpensesEL">役員退職金</link:label>
    <link:labelArc xlink:type="arc" xlink:arcrole="http://www.xbrl.org/2003/arcrole/concept-label" xlink:from="RetirementExpensesEL" xlink:to="label_RetirementExpensesEL" />
    <link:label xlink:type="resource" xlink:label="label_RetirementExpensesEL_2" xml:lang="ja" xlink:role="http://www.xbrl.org/2003/role/verboseLabel" id="label_RetirementExpensesEL_2">役員退職金、特別損失</link:label>
    <link:labelArc xlink:type="arc" xlink:arcrole="http://www.xbrl.org/2003/arcrole/concept-label" xlink:from="RetirementExpensesEL" xlink:to="label_RetirementExpensesEL_2" />
  </link:labelLink>
</link:linkbase>