<?xml version="1.0" encoding="utf-8"?>
<!-- Generated by PRONEXUS WORKS -->
<link:linkbase xmlns:link="http://www.xbrl.org/2003/linkbase" xmlns:xsi="http://www.w3.org/2001/XMLSchema-instance" xmlns:xbrli="http://www.xbrl.org/2003/instance" xmlns:xlink="http://www.w3.org/1999/xlink">
  <link:labelLink xlink:type="extended" xlink:role="http://www.xbrl.org/2003/role/link">
    <link:loc xlink:type="locator" xlink:href="jpcrp030000-asr-001_E34289-000_2019-08-31_01_2019-11-29.xsd#jpcrp030000-asr_E34289-000_InformationAboutEmployeesOfReportingCompanyTable" xlink:label="InformationAboutEmployeesOfReportingCompanyTable" />
    <link:loc xlink:type="locator" xlink:href="jpcrp030000-asr-001_E34289-000_2019-08-31_01_2019-11-29.xsd#jpcrp030000-asr_E34289-000_InformationAboutEmployeesOfReportingCompanyLineItems" xlink:label="InformationAboutEmployeesOfReportingCompanyLineItems" />
    <link:loc xlink:type="locator" xlink:href="jpcrp030000-asr-001_E34289-000_2019-08-31_01_2019-11-29.xsd#jpcrp030000-asr_E34289-000_GainOnReversalForPointCardCertificatesNOI" xlink:label="GainOnReversalForPointCardCertificatesNOI" />
    <link:loc xlink:type="locator" xlink:href="jpcrp030000-asr-001_E34289-000_2019-08-31_01_2019-11-29.xsd#jpcrp030000-asr_E34289-000_IncomeOfDevelopmentBusinessAndOtherNOI" xlink:label="IncomeOfDevelopmentBusinessAndOtherNOI" />
    <link:loc xlink:type="locator" xlink:href="jpcrp030000-asr-001_E34289-000_2019-08-31_01_2019-11-29.xsd#jpcrp030000-asr_E34289-000_ArrangementFeeNOE" xlink:label="ArrangementFeeNOE" />
    <link:loc xlink:type="locator" xlink:href="jpcrp030000-asr-001_E34289-000_2019-08-31_01_2019-11-29.xsd#jpcrp030000-asr_E34289-000_EnergyBusinessReportableSegmentsMember" xlink:label="EnergyBusinessReportableSegmentsMember" />
    <link:loc xlink:type="locator" xlink:href="jpcrp030000-asr-001_E34289-000_2019-08-31_01_2019-11-29.xsd#jpcrp030000-asr_E34289-000_ConsultingForRealEstateReportableSegmentsMember" xlink:label="ConsultingForRealEstateReportableSegmentsMember" />
    <link:loc xlink:type="locator" xlink:href="jpcrp030000-asr-001_E34289-000_2019-08-31_01_2019-11-29.xsd#jpcrp030000-asr_E34289-000_NotesRegardingFinancialCovenantClausesTextBlock" xlink:label="NotesRegardingFinancialCovenantClausesTextBlock" />
    <link:loc xlink:type="locator" xlink:href="jpcrp030000-asr-001_E34289-000_2019-08-31_01_2019-11-29.xsd#jpcrp030000-asr_E34289-000_TotalNumberOfIssuedSharesSummaryOfBusinessResultsAbstract" xlink:label="TotalNumberOfIssuedSharesSummaryOfBusinessResultsAbstract" />
    <link:loc xlink:type="locator" xlink:href="jpcrp030000-asr-001_E34289-000_2019-08-31_01_2019-11-29.xsd#jpcrp030000-asr_E34289-000_ClassAPreferredSharesTotalNumberOfIssuedSharesSummaryOfBusinessResults" xlink:label="ClassAPreferredSharesTotalNumberOfIssuedSharesSummaryOfBusinessResults" />
    <link:loc xlink:type="locator" xlink:href="jpcrp030000-asr-001_E34289-000_2019-08-31_01_2019-11-29.xsd#jpcrp030000-asr_E34289-000_ManagementAnalysisOfFinancialPositionOperatingResultsAndCashFlowsHeading" xlink:label="ManagementAnalysisOfFinancialPositionOperatingResultsAndCashFlowsHeading" />
    <link:loc xlink:type="locator" xlink:href="jpcrp030000-asr-001_E34289-000_2019-08-31_01_2019-11-29.xsd#jpcrp030000-asr_E34289-000_ManagementAnalysisOfFinancialPositionOperatingResultsAndCashFlowsTextBlock" xlink:label="ManagementAnalysisOfFinancialPositionOperatingResultsAndCashFlowsTextBlock" />
    <link:loc xlink:type="locator" xlink:href="jpcrp030000-asr-001_E34289-000_2019-08-31_01_2019-11-29.xsd#jpcrp030000-asr_E34289-000_OtherInformationAboutShareAcquisitionRightsHeading" xlink:label="OtherInformationAboutShareAcquisitionRightsHeading" />
    <link:loc xlink:type="locator" xlink:href="jpcrp030000-asr-001_E34289-000_2019-08-31_01_2019-11-29.xsd#jpcrp030000-asr_E34289-000_OtherInformationAboutShareAcquisitionRightsTextBlock" xlink:label="OtherInformationAboutShareAcquisitionRightsTextBlock" />
    <link:loc xlink:type="locator" xlink:href="jpcrp030000-asr-001_E34289-000_2019-08-31_01_2019-11-29.xsd#jpcrp030000-asr_E34289-000_OverviewOfCorporateGovernanceHeading" xlink:label="OverviewOfCorporateGovernanceHeading" />
    <link:loc xlink:type="locator" xlink:href="jpcrp030000-asr-001_E34289-000_2019-08-31_01_2019-11-29.xsd#jpcrp030000-asr_E34289-000_OverviewOfCorporateGovernanceTextBlock" xlink:label="OverviewOfCorporateGovernanceTextBlock" />
    <link:loc xlink:type="locator" xlink:href="jpcrp030000-asr-001_E34289-000_2019-08-31_01_2019-11-29.xsd#jpcrp030000-asr_E34289-000_OutsideDirectorsAndOutsideCorporateAuditorsInformationAboutDirectorsAndOtherOfficersTextBlock" xlink:label="OutsideDirectorsAndOutsideCorporateAuditorsInformationAboutDirectorsAndOtherOfficersTextBlock" />
    <link:loc xlink:type="locator" xlink:href="jpcrp030000-asr-001_E34289-000_2019-08-31_01_2019-11-29.xsd#jpcrp030000-asr_E34289-000_InformationAboutAuditsHeading" xlink:label="InformationAboutAuditsHeading" />
    <link:loc xlink:type="locator" xlink:href="jpcrp030000-asr-001_E34289-000_2019-08-31_01_2019-11-29.xsd#jpcrp030000-asr_E34289-000_InformationAboutAuditsTextBlock" xlink:label="InformationAboutAuditsTextBlock" />
    <link:loc xlink:type="locator" xlink:href="jpcrp030000-asr-001_E34289-000_2019-08-31_01_2019-11-29.xsd#jpcrp030000-asr_E34289-000_RemunerationForDirectorsAndOtherOfficersHeading" xlink:label="RemunerationForDirectorsAndOtherOfficersHeading" />
    <link:loc xlink:type="locator" xlink:href="jpcrp030000-asr-001_E34289-000_2019-08-31_01_2019-11-29.xsd#jpcrp030000-asr_E34289-000_RemunerationForDirectorsAndOtherOfficersTextBlock" xlink:label="RemunerationForDirectorsAndOtherOfficersTextBlock" />
    <link:loc xlink:type="locator" xlink:href="jpcrp030000-asr-001_E34289-000_2019-08-31_01_2019-11-29.xsd#jpcrp030000-asr_E34289-000_EquitySecuritiesHeldHeading" xlink:label="EquitySecuritiesHeldHeading" />
    <link:loc xlink:type="locator" xlink:href="jpcrp030000-asr-001_E34289-000_2019-08-31_01_2019-11-29.xsd#jpcrp030000-asr_E34289-000_EquitySecuritiesHeldTextBlock" xlink:label="EquitySecuritiesHeldTextBlock" />
    <link:loc xlink:type="locator" xlink:href="jpcrp030000-asr-001_E34289-000_2019-08-31_01_2019-11-29.xsd#jpcrp030000-asr_E34289-000_TotalShareholderReturn" xlink:label="TotalShareholderReturn" />
    <link:loc xlink:type="locator" xlink:href="jpcrp030000-asr-001_E34289-000_2019-08-31_01_2019-11-29.xsd#jpcrp030000-asr_E34289-000_TotalReturnOnSharePriceIndex" xlink:label="TotalReturnOnSharePriceIndex" />
    <link:loc xlink:type="locator" xlink:href="jpcrp030000-asr-001_E34289-000_2019-08-31_01_2019-11-29.xsd#jpcrp030000-asr_E34289-000_OfficialTitleOrPositionInformationAboutDirectorsAndCorporateAuditors" xlink:label="OfficialTitleOrPositionInformationAboutDirectorsAndCorporateAuditors" />
    <link:loc xlink:type="locator" xlink:href="jpcrp030000-asr-001_E34289-000_2019-08-31_01_2019-11-29.xsd#jpcrp030000-asr_E34289-000_DescriptionForTheFirstYearOfPreparationOfConsolidatedFinancialStatementsFinancialInformation" xlink:label="DescriptionForTheFirstYearOfPreparationOfConsolidatedFinancialStatementsFinancialInformation" />
    <link:loc xlink:type="locator" xlink:href="http://disclosure.edinet-fsa.go.jp/taxonomy/jpcrp/2018-03-31/jpcrp_cor_2018-03-31.xsd#jpcrp_cor_OutsideDirectorsMember" xlink:label="OutsideDirectorsMember" />
    <link:loc xlink:type="locator" xlink:href="http://disclosure.edinet-fsa.go.jp/taxonomy/jpcrp/2018-03-31/label/jpcrp_2018-03-31_lab-en.xml#label_OutsideDirectorsMember" xlink:label="label_OutsideDirectorsMember" xlink:role="http://www.xbrl.org/2003/role/label" />
    <link:labelArc xlink:type="arc" xlink:arcrole="http://www.xbrl.org/2003/arcrole/concept-label" xlink:from="OutsideDirectorsMember" xlink:to="label_OutsideDirectorsMember" use="prohibited" priority="1" />
    <link:label xlink:type="resource" xlink:label="label_OutsideDirectorsMember_2" xml:lang="en" xlink:role="http://www.xbrl.org/2003/role/label" id="label_OutsideDirectorsMember_2">Outside officer</link:label>
    <link:labelArc xlink:type="arc" xlink:arcrole="http://www.xbrl.org/2003/arcrole/concept-label" xlink:from="OutsideDirectorsMember" xlink:to="label_OutsideDirectorsMember_2" priority="2" />
    <link:loc xlink:type="locator" xlink:href="jpcrp030000-asr-001_E34289-000_2019-08-31_01_2019-11-29.xsd#jpcrp030000-asr_E34289-000_SharesOfSubsidiariesAndAssociates2" xlink:label="SharesOfSubsidiariesAndAssociates2" />
    <link:loc xlink:type="locator" xlink:href="jpcrp030000-asr-001_E34289-000_2019-08-31_01_2019-11-29.xsd#jpcrp030000-asr_E34289-000_New1" xlink:label="New1" />
    <link:loc xlink:type="locator" xlink:href="jpcrp030000-asr-001_E34289-000_2019-08-31_01_2019-11-29.xsd#jpcrp030000-asr_E34289-000_ArrangementFeeOpeCF" xlink:label="ArrangementFeeOpeCF" />
    <link:loc xlink:type="locator" xlink:href="jpcrp030000-asr-001_E34289-000_2019-08-31_01_2019-11-29.xsd#jpcrp030000-asr_E34289-000_DecreaseIncreaseInPrepaymentOpeCF" xlink:label="DecreaseIncreaseInPrepaymentOpeCF" />
    <link:loc xlink:type="locator" xlink:href="http://disclosure.edinet-fsa.go.jp/taxonomy/jppfs/2018-03-31/jppfs_cor_2018-03-31.xsd#jppfs_cor_CumulativeEffectsOfChangesInAccountingPolicies" xlink:label="CumulativeEffectsOfChangesInAccountingPolicies" />
    <link:label xlink:type="resource" xlink:label="label_CumulativeEffectsOfChangesInAccountingPolicies" xml:lang="en" xlink:role="http://www.xbrl.org/2003/role/periodStartLabel" id="label_CumulativeEffectsOfChangesInAccountingPolicies">Cumulative effects of changes in accounting policies</link:label>
    <link:labelArc xlink:type="arc" xlink:arcrole="http://www.xbrl.org/2003/arcrole/concept-label" xlink:from="CumulativeEffectsOfChangesInAccountingPolicies" xlink:to="label_CumulativeEffectsOfChangesInAccountingPolicies" />
    <link:loc xlink:type="locator" xlink:href="http://disclosure.edinet-fsa.go.jp/taxonomy/jppfs/2018-03-31/jppfs_cor_2018-03-31.xsd#jppfs_cor_RestatedBalance" xlink:label="RestatedBalance" />
    <link:label xlink:type="resource" xlink:label="label_RestatedBalance" xml:lang="en" xlink:role="http://www.xbrl.org/2003/role/periodStartLabel" id="label_RestatedBalance">Restated balance</link:label>
    <link:labelArc xlink:type="arc" xlink:arcrole="http://www.xbrl.org/2003/arcrole/concept-label" xlink:from="RestatedBalance" xlink:to="label_RestatedBalance" />
    <link:loc xlink:type="locator" xlink:href="jpcrp030000-asr-001_E34289-000_2019-08-31_01_2019-11-29.xsd#jpcrp030000-asr_E34289-000_PaymentOfArrangementFeeFinCF" xlink:label="PaymentOfArrangementFeeFinCF" />
    <link:loc xlink:type="locator" xlink:href="jpcrp030000-asr-001_E34289-000_2019-08-31_01_2019-11-29.xsd#jpcrp030000-asr_E34289-000_KoshiroKomotoMember" xlink:label="KoshiroKomotoMember" />
    <link:loc xlink:type="locator" xlink:href="jpcrp030000-asr-001_E34289-000_2019-08-31_01_2019-11-29.xsd#jpcrp030000-asr_E34289-000_HiroyukiOgawaMember" xlink:label="HiroyukiOgawaMember" />
    <link:loc xlink:type="locator" xlink:href="jpcrp030000-asr-001_E34289-000_2019-08-31_01_2019-11-29.xsd#jpcrp030000-asr_E34289-000_KazunariHiroseMember" xlink:label="KazunariHiroseMember" />
    <link:loc xlink:type="locator" xlink:href="jpcrp030000-asr-001_E34289-000_2019-08-31_01_2019-11-29.xsd#jpcrp030000-asr_E34289-000_MasatoKawaguchiMember" xlink:label="MasatoKawaguchiMember" />
    <link:loc xlink:type="locator" xlink:href="jpcrp030000-asr-001_E34289-000_2019-08-31_01_2019-11-29.xsd#jpcrp030000-asr_E34289-000_HidekazuOgataMember" xlink:label="HidekazuOgataMember" />
    <link:loc xlink:type="locator" xlink:href="jpcrp030000-asr-001_E34289-000_2019-08-31_01_2019-11-29.xsd#jpcrp030000-asr_E34289-000_KazuoMoriMember" xlink:label="KazuoMoriMember" />
    <link:loc xlink:type="locator" xlink:href="jpcrp030000-asr-001_E34289-000_2019-08-31_01_2019-11-29.xsd#jpcrp030000-asr_E34289-000_ToshioSasakiMember" xlink:label="ToshioSasakiMember" />
    <link:loc xlink:type="locator" xlink:href="jpcrp030000-asr-001_E34289-000_2019-08-31_01_2019-11-29.xsd#jpcrp030000-asr_E34289-000_TadaakiMatsumuraMember" xlink:label="TadaakiMatsumuraMember" />
    <link:loc xlink:type="locator" xlink:href="jpcrp030000-asr-001_E34289-000_2019-08-31_01_2019-11-29.xsd#jpcrp030000-asr_E34289-000_ShoheiHaradaMember" xlink:label="ShoheiHaradaMember" />
    <link:loc xlink:type="locator" xlink:href="jpcrp030000-asr-001_E34289-000_2019-08-31_01_2019-11-29.xsd#jpcrp030000-asr_E34289-000_AccountingPolicyForSignificantDeferredAssetsTextBlock" xlink:label="AccountingPolicyForSignificantDeferredAssetsTextBlock" />
    <link:label xlink:type="resource" xlink:label="label_InformationAboutEmployeesOfReportingCompanyTable" xml:lang="en" xlink:role="http://www.xbrl.org/2003/role/label" id="label_InformationAboutEmployeesOfReportingCompanyTable">Information about employees of reporting company</link:label>
    <link:labelArc xlink:type="arc" xlink:arcrole="http://www.xbrl.org/2003/arcrole/concept-label" xlink:from="InformationAboutEmployeesOfReportingCompanyTable" xlink:to="label_InformationAboutEmployeesOfReportingCompanyTable" />
    <link:label xlink:type="resource" xlink:label="label_InformationAboutEmployeesOfReportingCompanyTable_2" xml:lang="en" xlink:role="http://www.xbrl.org/2003/role/verboseLabel" id="label_InformationAboutEmployeesOfReportingCompanyTable_2">Information about employees of reporting company [table]</link:label>
    <link:labelArc xlink:type="arc" xlink:arcrole="http://www.xbrl.org/2003/arcrole/concept-label" xlink:from="InformationAboutEmployeesOfReportingCompanyTable" xlink:to="label_InformationAboutEmployeesOfReportingCompanyTable_2" />
    <link:label xlink:type="resource" xlink:label="label_InformationAboutEmployeesOfReportingCompanyLineItems" xml:lang="en" xlink:role="http://www.xbrl.org/2003/role/label" id="label_InformationAboutEmployeesOfReportingCompanyLineItems">Information about employees of reporting company</link:label>
    <link:labelArc xlink:type="arc" xlink:arcrole="http://www.xbrl.org/2003/arcrole/concept-label" xlink:from="InformationAboutEmployeesOfReportingCompanyLineItems" xlink:to="label_InformationAboutEmployeesOfReportingCompanyLineItems" />
    <link:label xlink:type="resource" xlink:label="label_InformationAboutEmployeesOfReportingCompanyLineItems_2" xml:lang="en" xlink:role="http://www.xbrl.org/2003/role/verboseLabel" id="label_InformationAboutEmployeesOfReportingCompanyLineItems_2">Information about employees of reporting company [line items]</link:label>
    <link:labelArc xlink:type="arc" xlink:arcrole="http://www.xbrl.org/2003/arcrole/concept-label" xlink:from="InformationAboutEmployeesOfReportingCompanyLineItems" xlink:to="label_InformationAboutEmployeesOfReportingCompanyLineItems_2" />
    <link:label xlink:type="resource" xlink:label="label_ArrangementFeeOpeCF" xml:lang="en" xlink:role="http://www.xbrl.org/2003/role/label" id="label_ArrangementFeeOpeCF">Arrangement fee</link:label>
    <link:labelArc xlink:type="arc" xlink:arcrole="http://www.xbrl.org/2003/arcrole/concept-label" xlink:from="ArrangementFeeOpeCF" xlink:to="label_ArrangementFeeOpeCF" />
    <link:label xlink:type="resource" xlink:label="label_ArrangementFeeOpeCF_2" xml:lang="en" xlink:role="http://www.xbrl.org/2003/role/verboseLabel" id="label_ArrangementFeeOpeCF_2">Arrangement fee-OpeCF</link:label>
    <link:labelArc xlink:type="arc" xlink:arcrole="http://www.xbrl.org/2003/arcrole/concept-label" xlink:from="ArrangementFeeOpeCF" xlink:to="label_ArrangementFeeOpeCF_2" />
    <link:label xlink:type="resource" xlink:label="label_DecreaseIncreaseInPrepaymentOpeCF" xml:lang="en" xlink:role="http://www.xbrl.org/2003/role/label" id="label_DecreaseIncreaseInPrepaymentOpeCF">Decrease(increase)in prepayment</link:label>
    <link:labelArc xlink:type="arc" xlink:arcrole="http://www.xbrl.org/2003/arcrole/concept-label" xlink:from="DecreaseIncreaseInPrepaymentOpeCF" xlink:to="label_DecreaseIncreaseInPrepaymentOpeCF" />
    <link:label xlink:type="resource" xlink:label="label_DecreaseIncreaseInPrepaymentOpeCF_2" xml:lang="en" xlink:role="http://www.xbrl.org/2003/role/verboseLabel" id="label_DecreaseIncreaseInPrepaymentOpeCF_2">Decrease(increase)in prepayment-OpeCF</link:label>
    <link:labelArc xlink:type="arc" xlink:arcrole="http://www.xbrl.org/2003/arcrole/concept-label" xlink:from="DecreaseIncreaseInPrepaymentOpeCF" xlink:to="label_DecreaseIncreaseInPrepaymentOpeCF_2" />
    <link:label xlink:type="resource" xlink:label="label_PaymentOfArrangementFeeFinCF" xml:lang="en" xlink:role="http://www.xbrl.org/2003/role/label" id="label_PaymentOfArrangementFeeFinCF">Payment of arrangement fee</link:label>
    <link:labelArc xlink:type="arc" xlink:arcrole="http://www.xbrl.org/2003/arcrole/concept-label" xlink:from="PaymentOfArrangementFeeFinCF" xlink:to="label_PaymentOfArrangementFeeFinCF" />
    <link:label xlink:type="resource" xlink:label="label_PaymentOfArrangementFeeFinCF_2" xml:lang="en" xlink:role="http://www.xbrl.org/2003/role/verboseLabel" id="label_PaymentOfArrangementFeeFinCF_2">Payment of arrangement fee-FinCF</link:label>
    <link:labelArc xlink:type="arc" xlink:arcrole="http://www.xbrl.org/2003/arcrole/concept-label" xlink:from="PaymentOfArrangementFeeFinCF" xlink:to="label_PaymentOfArrangementFeeFinCF_2" />
    <link:label xlink:type="resource" xlink:label="label_TotalNumberOfIssuedSharesSummaryOfBusinessResultsAbstract" xml:lang="en" xlink:role="http://www.xbrl.org/2003/role/label" id="label_TotalNumberOfIssuedSharesSummaryOfBusinessResultsAbstract">Total number of issued shares</link:label>
    <link:labelArc xlink:type="arc" xlink:arcrole="http://www.xbrl.org/2003/arcrole/concept-label" xlink:from="TotalNumberOfIssuedSharesSummaryOfBusinessResultsAbstract" xlink:to="label_TotalNumberOfIssuedSharesSummaryOfBusinessResultsAbstract" />
    <link:label xlink:type="resource" xlink:label="label_TotalNumberOfIssuedSharesSummaryOfBusinessResultsAbstract_2" xml:lang="en" xlink:role="http://www.xbrl.org/2003/role/verboseLabel" id="label_TotalNumberOfIssuedSharesSummaryOfBusinessResultsAbstract_2">Total number of issued shares, Summary of business results [abstract]</link:label>
    <link:labelArc xlink:type="arc" xlink:arcrole="http://www.xbrl.org/2003/arcrole/concept-label" xlink:from="TotalNumberOfIssuedSharesSummaryOfBusinessResultsAbstract" xlink:to="label_TotalNumberOfIssuedSharesSummaryOfBusinessResultsAbstract_2" />
    <link:label xlink:type="resource" xlink:label="label_ClassAPreferredSharesTotalNumberOfIssuedSharesSummaryOfBusinessResults" xml:lang="en" xlink:role="http://www.xbrl.org/2003/role/label" id="label_ClassAPreferredSharesTotalNumberOfIssuedSharesSummaryOfBusinessResults">Class A preferred shares</link:label>
    <link:labelArc xlink:type="arc" xlink:arcrole="http://www.xbrl.org/2003/arcrole/concept-label" xlink:from="ClassAPreferredSharesTotalNumberOfIssuedSharesSummaryOfBusinessResults" xlink:to="label_ClassAPreferredSharesTotalNumberOfIssuedSharesSummaryOfBusinessResults" />
    <link:label xlink:type="resource" xlink:label="label_ClassAPreferredSharesTotalNumberOfIssuedSharesSummaryOfBusinessResults_2" xml:lang="en" xlink:role="http://www.xbrl.org/2003/role/verboseLabel" id="label_ClassAPreferredSharesTotalNumberOfIssuedSharesSummaryOfBusinessResults_2">Class A preferred shares, Total number of issued shares, Summary of business results</link:label>
    <link:labelArc xlink:type="arc" xlink:arcrole="http://www.xbrl.org/2003/arcrole/concept-label" xlink:from="ClassAPreferredSharesTotalNumberOfIssuedSharesSummaryOfBusinessResults" xlink:to="label_ClassAPreferredSharesTotalNumberOfIssuedSharesSummaryOfBusinessResults_2" />
    <link:label xlink:type="resource" xlink:label="label_TotalShareholderReturn" xml:lang="en" xlink:role="http://www.xbrl.org/2003/role/label" id="label_TotalShareholderReturn">Total shareholder return</link:label>
    <link:labelArc xlink:type="arc" xlink:arcrole="http://www.xbrl.org/2003/arcrole/concept-label" xlink:from="TotalShareholderReturn" xlink:to="label_TotalShareholderReturn" />
    <link:label xlink:type="resource" xlink:label="label_TotalShareholderReturn_2" xml:lang="en" xlink:role="http://www.xbrl.org/2003/role/verboseLabel" id="label_TotalShareholderReturn_2">Total shareholder return</link:label>
    <link:labelArc xlink:type="arc" xlink:arcrole="http://www.xbrl.org/2003/arcrole/concept-label" xlink:from="TotalShareholderReturn" xlink:to="label_TotalShareholderReturn_2" />
    <link:label xlink:type="resource" xlink:label="label_TotalReturnOnSharePriceIndex" xml:lang="en" xlink:role="http://www.xbrl.org/2003/role/label" id="label_TotalReturnOnSharePriceIndex">Total return on share price index</link:label>
    <link:labelArc xlink:type="arc" xlink:arcrole="http://www.xbrl.org/2003/arcrole/concept-label" xlink:from="TotalReturnOnSharePriceIndex" xlink:to="label_TotalReturnOnSharePriceIndex" />
    <link:label xlink:type="resource" xlink:label="label_TotalReturnOnSharePriceIndex_2" xml:lang="en" xlink:role="http://www.xbrl.org/2003/role/verboseLabel" id="label_TotalReturnOnSharePriceIndex_2">Total return on share price index</link:label>
    <link:labelArc xlink:type="arc" xlink:arcrole="http://www.xbrl.org/2003/arcrole/concept-label" xlink:from="TotalReturnOnSharePriceIndex" xlink:to="label_TotalReturnOnSharePriceIndex_2" />
    <link:label xlink:type="resource" xlink:label="label_OfficialTitleOrPositionInformationAboutDirectorsAndCorporateAuditors" xml:lang="en" xlink:role="http://www.xbrl.org/2003/role/label" id="label_OfficialTitleOrPositionInformationAboutDirectorsAndCorporateAuditors">Official title or position</link:label>
    <link:labelArc xlink:type="arc" xlink:arcrole="http://www.xbrl.org/2003/arcrole/concept-label" xlink:from="OfficialTitleOrPositionInformationAboutDirectorsAndCorporateAuditors" xlink:to="label_OfficialTitleOrPositionInformationAboutDirectorsAndCorporateAuditors" />
    <link:label xlink:type="resource" xlink:label="label_OfficialTitleOrPositionInformationAboutDirectorsAndCorporateAuditors_2" xml:lang="en" xlink:role="http://www.xbrl.org/2003/role/verboseLabel" id="label_OfficialTitleOrPositionInformationAboutDirectorsAndCorporateAuditors_2">Official title or position, Information about directors (and corporate auditors)</link:label>
    <link:labelArc xlink:type="arc" xlink:arcrole="http://www.xbrl.org/2003/arcrole/concept-label" xlink:from="OfficialTitleOrPositionInformationAboutDirectorsAndCorporateAuditors" xlink:to="label_OfficialTitleOrPositionInformationAboutDirectorsAndCorporateAuditors_2" />
    <link:label xlink:type="resource" xlink:label="label_KoshiroKomotoMember" xml:lang="en" xlink:role="http://www.xbrl.org/2003/role/verboseLabel" id="label_KoshiroKomotoMember">Koshiro Komoto [member]</link:label>
    <link:labelArc xlink:type="arc" xlink:arcrole="http://www.xbrl.org/2003/arcrole/concept-label" xlink:from="KoshiroKomotoMember" xlink:to="label_KoshiroKomotoMember" />
    <link:label xlink:type="resource" xlink:label="label_KoshiroKomotoMember_2" xml:lang="en" xlink:role="http://www.xbrl.org/2003/role/label" id="label_KoshiroKomotoMember_2">Koshiro Komoto</link:label>
    <link:labelArc xlink:type="arc" xlink:arcrole="http://www.xbrl.org/2003/arcrole/concept-label" xlink:from="KoshiroKomotoMember" xlink:to="label_KoshiroKomotoMember_2" />
    <link:label xlink:type="resource" xlink:label="label_HiroyukiOgawaMember" xml:lang="en" xlink:role="http://www.xbrl.org/2003/role/verboseLabel" id="label_HiroyukiOgawaMember">Hiroyuki Ogawa [member]</link:label>
    <link:labelArc xlink:type="arc" xlink:arcrole="http://www.xbrl.org/2003/arcrole/concept-label" xlink:from="HiroyukiOgawaMember" xlink:to="label_HiroyukiOgawaMember" />
    <link:label xlink:type="resource" xlink:label="label_HiroyukiOgawaMember_2" xml:lang="en" xlink:role="http://www.xbrl.org/2003/role/label" id="label_HiroyukiOgawaMember_2">Hiroyuki Ogawa</link:label>
    <link:labelArc xlink:type="arc" xlink:arcrole="http://www.xbrl.org/2003/arcrole/concept-label" xlink:from="HiroyukiOgawaMember" xlink:to="label_HiroyukiOgawaMember_2" />
    <link:label xlink:type="resource" xlink:label="label_KazunariHiroseMember" xml:lang="en" xlink:role="http://www.xbrl.org/2003/role/verboseLabel" id="label_KazunariHiroseMember">Kazunari Hirose [member]</link:label>
    <link:labelArc xlink:type="arc" xlink:arcrole="http://www.xbrl.org/2003/arcrole/concept-label" xlink:from="KazunariHiroseMember" xlink:to="label_KazunariHiroseMember" />
    <link:label xlink:type="resource" xlink:label="label_KazunariHiroseMember_2" xml:lang="en" xlink:role="http://www.xbrl.org/2003/role/label" id="label_KazunariHiroseMember_2">Kazunari Hirose</link:label>
    <link:labelArc xlink:type="arc" xlink:arcrole="http://www.xbrl.org/2003/arcrole/concept-label" xlink:from="KazunariHiroseMember" xlink:to="label_KazunariHiroseMember_2" />
    <link:label xlink:type="resource" xlink:label="label_MasatoKawaguchiMember" xml:lang="en" xlink:role="http://www.xbrl.org/2003/role/verboseLabel" id="label_MasatoKawaguchiMember">Masato Kawaguchi [member]</link:label>
    <link:labelArc xlink:type="arc" xlink:arcrole="http://www.xbrl.org/2003/arcrole/concept-label" xlink:from="MasatoKawaguchiMember" xlink:to="label_MasatoKawaguchiMember" />
    <link:label xlink:type="resource" xlink:label="label_MasatoKawaguchiMember_2" xml:lang="en" xlink:role="http://www.xbrl.org/2003/role/label" id="label_MasatoKawaguchiMember_2">Masato Kawaguchi</link:label>
    <link:labelArc xlink:type="arc" xlink:arcrole="http://www.xbrl.org/2003/arcrole/concept-label" xlink:from="MasatoKawaguchiMember" xlink:to="label_MasatoKawaguchiMember_2" />
    <link:label xlink:type="resource" xlink:label="label_HidekazuOgataMember" xml:lang="en" xlink:role="http://www.xbrl.org/2003/role/verboseLabel" id="label_HidekazuOgataMember">Hidekazu Ogata [member]</link:label>
    <link:labelArc xlink:type="arc" xlink:arcrole="http://www.xbrl.org/2003/arcrole/concept-label" xlink:from="HidekazuOgataMember" xlink:to="label_HidekazuOgataMember" />
    <link:label xlink:type="resource" xlink:label="label_HidekazuOgataMember_2" xml:lang="en" xlink:role="http://www.xbrl.org/2003/role/label" id="label_HidekazuOgataMember_2">Hidekazu Ogata</link:label>
    <link:labelArc xlink:type="arc" xlink:arcrole="http://www.xbrl.org/2003/arcrole/concept-label" xlink:from="HidekazuOgataMember" xlink:to="label_HidekazuOgataMember_2" />
    <link:label xlink:type="resource" xlink:label="label_KazuoMoriMember" xml:lang="en" xlink:role="http://www.xbrl.org/2003/role/verboseLabel" id="label_KazuoMoriMember">Kazuo Mori [member]</link:label>
    <link:labelArc xlink:type="arc" xlink:arcrole="http://www.xbrl.org/2003/arcrole/concept-label" xlink:from="KazuoMoriMember" xlink:to="label_KazuoMoriMember" />
    <link:label xlink:type="resource" xlink:label="label_KazuoMoriMember_2" xml:lang="en" xlink:role="http://www.xbrl.org/2003/role/label" id="label_KazuoMoriMember_2">Kazuo Mori</link:label>
    <link:labelArc xlink:type="arc" xlink:arcrole="http://www.xbrl.org/2003/arcrole/concept-label" xlink:from="KazuoMoriMember" xlink:to="label_KazuoMoriMember_2" />
    <link:label xlink:type="resource" xlink:label="label_ToshioSasakiMember" xml:lang="en" xlink:role="http://www.xbrl.org/2003/role/verboseLabel" id="label_ToshioSasakiMember">Toshio Sasaki [member]</link:label>
    <link:labelArc xlink:type="arc" xlink:arcrole="http://www.xbrl.org/2003/arcrole/concept-label" xlink:from="ToshioSasakiMember" xlink:to="label_ToshioSasakiMember" />
    <link:label xlink:type="resource" xlink:label="label_ToshioSasakiMember_2" xml:lang="en" xlink:role="http://www.xbrl.org/2003/role/label" id="label_ToshioSasakiMember_2">Toshio Sasaki</link:label>
    <link:labelArc xlink:type="arc" xlink:arcrole="http://www.xbrl.org/2003/arcrole/concept-label" xlink:from="ToshioSasakiMember" xlink:to="label_ToshioSasakiMember_2" />
    <link:label xlink:type="resource" xlink:label="label_TadaakiMatsumuraMember" xml:lang="en" xlink:role="http://www.xbrl.org/2003/role/verboseLabel" id="label_TadaakiMatsumuraMember">Tadaaki Matsumura [member]</link:label>
    <link:labelArc xlink:type="arc" xlink:arcrole="http://www.xbrl.org/2003/arcrole/concept-label" xlink:from="TadaakiMatsumuraMember" xlink:to="label_TadaakiMatsumuraMember" />
    <link:label xlink:type="resource" xlink:label="label_TadaakiMatsumuraMember_2" xml:lang="en" xlink:role="http://www.xbrl.org/2003/role/label" id="label_TadaakiMatsumuraMember_2">Tadaaki Matsumura</link:label>
    <link:labelArc xlink:type="arc" xlink:arcrole="http://www.xbrl.org/2003/arcrole/concept-label" xlink:from="TadaakiMatsumuraMember" xlink:to="label_TadaakiMatsumuraMember_2" />
    <link:label xlink:type="resource" xlink:label="label_ShoheiHaradaMember" xml:lang="en" xlink:role="http://www.xbrl.org/2003/role/verboseLabel" id="label_ShoheiHaradaMember">Shohei Harada [member]</link:label>
    <link:labelArc xlink:type="arc" xlink:arcrole="http://www.xbrl.org/2003/arcrole/concept-label" xlink:from="ShoheiHaradaMember" xlink:to="label_ShoheiHaradaMember" />
    <link:label xlink:type="resource" xlink:label="label_ShoheiHaradaMember_2" xml:lang="en" xlink:role="http://www.xbrl.org/2003/role/label" id="label_ShoheiHaradaMember_2">Shohei Harada</link:label>
    <link:labelArc xlink:type="arc" xlink:arcrole="http://www.xbrl.org/2003/arcrole/concept-label" xlink:from="ShoheiHaradaMember" xlink:to="label_ShoheiHaradaMember_2" />
    <link:label xlink:type="resource" xlink:label="label_DescriptionForTheFirstYearOfPreparationOfConsolidatedFinancialStatementsFinancialInformation" xml:lang="en" xlink:role="http://www.xbrl.org/2003/role/label" id="label_DescriptionForTheFirstYearOfPreparationOfConsolidatedFinancialStatementsFinancialInformation">Description for the first year of preparation of consolidated financial statements</link:label>
    <link:labelArc xlink:type="arc" xlink:arcrole="http://www.xbrl.org/2003/arcrole/concept-label" xlink:from="DescriptionForTheFirstYearOfPreparationOfConsolidatedFinancialStatementsFinancialInformation" xlink:to="label_DescriptionForTheFirstYearOfPreparationOfConsolidatedFinancialStatementsFinancialInformation" />
    <link:label xlink:type="resource" xlink:label="label_DescriptionForTheFirstYearOfPreparationOfConsolidatedFinancialStatementsFinancialInformation_2" xml:lang="en" xlink:role="http://www.xbrl.org/2003/role/verboseLabel" id="label_DescriptionForTheFirstYearOfPreparationOfConsolidatedFinancialStatementsFinancialInformation_2">Description for the first year of preparation of consolidated financial statements, Financial information</link:label>
    <link:labelArc xlink:type="arc" xlink:arcrole="http://www.xbrl.org/2003/arcrole/concept-label" xlink:from="DescriptionForTheFirstYearOfPreparationOfConsolidatedFinancialStatementsFinancialInformation" xlink:to="label_DescriptionForTheFirstYearOfPreparationOfConsolidatedFinancialStatementsFinancialInformation_2" />
    <link:label xlink:type="resource" xlink:label="label_GainOnReversalForPointCardCertificatesNOI" xml:lang="en" xlink:role="http://www.xbrl.org/2003/role/label" id="label_GainOnReversalForPointCardCertificatesNOI">Gain on reversal for point card certificates</link:label>
    <link:labelArc xlink:type="arc" xlink:arcrole="http://www.xbrl.org/2003/arcrole/concept-label" xlink:from="GainOnReversalForPointCardCertificatesNOI" xlink:to="label_GainOnReversalForPointCardCertificatesNOI" />
    <link:label xlink:type="resource" xlink:label="label_GainOnReversalForPointCardCertificatesNOI_2" xml:lang="en" xlink:role="http://www.xbrl.org/2003/role/verboseLabel" id="label_GainOnReversalForPointCardCertificatesNOI_2">Gain on reversal for point card certificates-NOI</link:label>
    <link:labelArc xlink:type="arc" xlink:arcrole="http://www.xbrl.org/2003/arcrole/concept-label" xlink:from="GainOnReversalForPointCardCertificatesNOI" xlink:to="label_GainOnReversalForPointCardCertificatesNOI_2" />
    <link:label xlink:type="resource" xlink:label="label_IncomeOfDevelopmentBusinessAndOtherNOI" xml:lang="en" xlink:role="http://www.xbrl.org/2003/role/label" id="label_IncomeOfDevelopmentBusinessAndOtherNOI">Income of development business and other</link:label>
    <link:labelArc xlink:type="arc" xlink:arcrole="http://www.xbrl.org/2003/arcrole/concept-label" xlink:from="IncomeOfDevelopmentBusinessAndOtherNOI" xlink:to="label_IncomeOfDevelopmentBusinessAndOtherNOI" />
    <link:label xlink:type="resource" xlink:label="label_IncomeOfDevelopmentBusinessAndOtherNOI_2" xml:lang="en" xlink:role="http://www.xbrl.org/2003/role/verboseLabel" id="label_IncomeOfDevelopmentBusinessAndOtherNOI_2">Income of development business and other-NOI</link:label>
    <link:labelArc xlink:type="arc" xlink:arcrole="http://www.xbrl.org/2003/arcrole/concept-label" xlink:from="IncomeOfDevelopmentBusinessAndOtherNOI" xlink:to="label_IncomeOfDevelopmentBusinessAndOtherNOI_2" />
    <link:label xlink:type="resource" xlink:label="label_ArrangementFeeNOE" xml:lang="en" xlink:role="http://www.xbrl.org/2003/role/label" id="label_ArrangementFeeNOE">arrangement fee</link:label>
    <link:labelArc xlink:type="arc" xlink:arcrole="http://www.xbrl.org/2003/arcrole/concept-label" xlink:from="ArrangementFeeNOE" xlink:to="label_ArrangementFeeNOE" />
    <link:label xlink:type="resource" xlink:label="label_ArrangementFeeNOE_2" xml:lang="en" xlink:role="http://www.xbrl.org/2003/role/verboseLabel" id="label_ArrangementFeeNOE_2">arrangement fee-NOE</link:label>
    <link:labelArc xlink:type="arc" xlink:arcrole="http://www.xbrl.org/2003/arcrole/concept-label" xlink:from="ArrangementFeeNOE" xlink:to="label_ArrangementFeeNOE_2" />
    <link:label xlink:type="resource" xlink:label="label_NotesRegardingFinancialCovenantClausesTextBlock" xml:lang="en" xlink:role="http://www.xbrl.org/2003/role/label" id="label_NotesRegardingFinancialCovenantClausesTextBlock">Notes regarding financial covenant clauses</link:label>
    <link:labelArc xlink:type="arc" xlink:arcrole="http://www.xbrl.org/2003/arcrole/concept-label" xlink:from="NotesRegardingFinancialCovenantClausesTextBlock" xlink:to="label_NotesRegardingFinancialCovenantClausesTextBlock" />
    <link:label xlink:type="resource" xlink:label="label_NotesRegardingFinancialCovenantClausesTextBlock_2" xml:lang="en" xlink:role="http://www.xbrl.org/2003/role/verboseLabel" id="label_NotesRegardingFinancialCovenantClausesTextBlock_2">Notes regarding financial covenant clauses [text block]</link:label>
    <link:labelArc xlink:type="arc" xlink:arcrole="http://www.xbrl.org/2003/arcrole/concept-label" xlink:from="NotesRegardingFinancialCovenantClausesTextBlock" xlink:to="label_NotesRegardingFinancialCovenantClausesTextBlock_2" />
    <link:label xlink:type="resource" xlink:label="label_EnergyBusinessReportableSegmentsMember" xml:lang="en" xlink:role="http://www.xbrl.org/2003/role/label" id="label_EnergyBusinessReportableSegmentsMember">Energy business</link:label>
    <link:labelArc xlink:type="arc" xlink:arcrole="http://www.xbrl.org/2003/arcrole/concept-label" xlink:from="EnergyBusinessReportableSegmentsMember" xlink:to="label_EnergyBusinessReportableSegmentsMember" />
    <link:label xlink:type="resource" xlink:label="label_EnergyBusinessReportableSegmentsMember_2" xml:lang="en" xlink:role="http://www.xbrl.org/2003/role/verboseLabel" id="label_EnergyBusinessReportableSegmentsMember_2">Energy business, Reportable segments [member]</link:label>
    <link:labelArc xlink:type="arc" xlink:arcrole="http://www.xbrl.org/2003/arcrole/concept-label" xlink:from="EnergyBusinessReportableSegmentsMember" xlink:to="label_EnergyBusinessReportableSegmentsMember_2" />
    <link:label xlink:type="resource" xlink:label="label_ConsultingForRealEstateReportableSegmentsMember" xml:lang="en" xlink:role="http://www.xbrl.org/2003/role/label" id="label_ConsultingForRealEstateReportableSegmentsMember">Consulting for Real Estate</link:label>
    <link:labelArc xlink:type="arc" xlink:arcrole="http://www.xbrl.org/2003/arcrole/concept-label" xlink:from="ConsultingForRealEstateReportableSegmentsMember" xlink:to="label_ConsultingForRealEstateReportableSegmentsMember" />
    <link:label xlink:type="resource" xlink:label="label_ConsultingForRealEstateReportableSegmentsMember_2" xml:lang="en" xlink:role="http://www.xbrl.org/2003/role/verboseLabel" id="label_ConsultingForRealEstateReportableSegmentsMember_2">Consulting for Real Estate, Reportable segments [member]</link:label>
    <link:labelArc xlink:type="arc" xlink:arcrole="http://www.xbrl.org/2003/arcrole/concept-label" xlink:from="ConsultingForRealEstateReportableSegmentsMember" xlink:to="label_ConsultingForRealEstateReportableSegmentsMember_2" />
    <link:label xlink:type="resource" xlink:label="label_ManagementAnalysisOfFinancialPositionOperatingResultsAndCashFlowsHeading" xml:lang="en" xlink:role="http://www.xbrl.org/2003/role/label" id="label_ManagementAnalysisOfFinancialPositionOperatingResultsAndCashFlowsHeading">Management analysis of financial position, operating results and cash flows</link:label>
    <link:labelArc xlink:type="arc" xlink:arcrole="http://www.xbrl.org/2003/arcrole/concept-label" xlink:from="ManagementAnalysisOfFinancialPositionOperatingResultsAndCashFlowsHeading" xlink:to="label_ManagementAnalysisOfFinancialPositionOperatingResultsAndCashFlowsHeading" />
    <link:label xlink:type="resource" xlink:label="label_ManagementAnalysisOfFinancialPositionOperatingResultsAndCashFlowsHeading_2" xml:lang="en" xlink:role="http://www.xbrl.org/2003/role/verboseLabel" id="label_ManagementAnalysisOfFinancialPositionOperatingResultsAndCashFlowsHeading_2">Management analysis of financial position, operating results and cash flows [heading]</link:label>
    <link:labelArc xlink:type="arc" xlink:arcrole="http://www.xbrl.org/2003/arcrole/concept-label" xlink:from="ManagementAnalysisOfFinancialPositionOperatingResultsAndCashFlowsHeading" xlink:to="label_ManagementAnalysisOfFinancialPositionOperatingResultsAndCashFlowsHeading_2" />
    <link:label xlink:type="resource" xlink:label="label_ManagementAnalysisOfFinancialPositionOperatingResultsAndCashFlowsTextBlock" xml:lang="en" xlink:role="http://www.xbrl.org/2003/role/label" id="label_ManagementAnalysisOfFinancialPositionOperatingResultsAndCashFlowsTextBlock">Management analysis of financial position, operating results and cash flows</link:label>
    <link:labelArc xlink:type="arc" xlink:arcrole="http://www.xbrl.org/2003/arcrole/concept-label" xlink:from="ManagementAnalysisOfFinancialPositionOperatingResultsAndCashFlowsTextBlock" xlink:to="label_ManagementAnalysisOfFinancialPositionOperatingResultsAndCashFlowsTextBlock" />
    <link:label xlink:type="resource" xlink:label="label_ManagementAnalysisOfFinancialPositionOperatingResultsAndCashFlowsTextBlock_2" xml:lang="en" xlink:role="http://www.xbrl.org/2003/role/verboseLabel" id="label_ManagementAnalysisOfFinancialPositionOperatingResultsAndCashFlowsTextBlock_2">Management analysis of financial position, operating results and cash flows [text block]</link:label>
    <link:labelArc xlink:type="arc" xlink:arcrole="http://www.xbrl.org/2003/arcrole/concept-label" xlink:from="ManagementAnalysisOfFinancialPositionOperatingResultsAndCashFlowsTextBlock" xlink:to="label_ManagementAnalysisOfFinancialPositionOperatingResultsAndCashFlowsTextBlock_2" />
    <link:label xlink:type="resource" xlink:label="label_OtherInformationAboutShareAcquisitionRightsHeading" xml:lang="en" xlink:role="http://www.xbrl.org/2003/role/label" id="label_OtherInformationAboutShareAcquisitionRightsHeading">Other information about share acquisition rights</link:label>
    <link:labelArc xlink:type="arc" xlink:arcrole="http://www.xbrl.org/2003/arcrole/concept-label" xlink:from="OtherInformationAboutShareAcquisitionRightsHeading" xlink:to="label_OtherInformationAboutShareAcquisitionRightsHeading" />
    <link:label xlink:type="resource" xlink:label="label_OtherInformationAboutShareAcquisitionRightsHeading_2" xml:lang="en" xlink:role="http://www.xbrl.org/2003/role/verboseLabel" id="label_OtherInformationAboutShareAcquisitionRightsHeading_2">Other information about share acquisition rights [heading]</link:label>
    <link:labelArc xlink:type="arc" xlink:arcrole="http://www.xbrl.org/2003/arcrole/concept-label" xlink:from="OtherInformationAboutShareAcquisitionRightsHeading" xlink:to="label_OtherInformationAboutShareAcquisitionRightsHeading_2" />
    <link:label xlink:type="resource" xlink:label="label_OtherInformationAboutShareAcquisitionRightsTextBlock" xml:lang="en" xlink:role="http://www.xbrl.org/2003/role/label" id="label_OtherInformationAboutShareAcquisitionRightsTextBlock">Other information about share acquisition rights</link:label>
    <link:labelArc xlink:type="arc" xlink:arcrole="http://www.xbrl.org/2003/arcrole/concept-label" xlink:from="OtherInformationAboutShareAcquisitionRightsTextBlock" xlink:to="label_OtherInformationAboutShareAcquisitionRightsTextBlock" />
    <link:label xlink:type="resource" xlink:label="label_OtherInformationAboutShareAcquisitionRightsTextBlock_2" xml:lang="en" xlink:role="http://www.xbrl.org/2003/role/verboseLabel" id="label_OtherInformationAboutShareAcquisitionRightsTextBlock_2">Other information about share acquisition rights [text block]</link:label>
    <link:labelArc xlink:type="arc" xlink:arcrole="http://www.xbrl.org/2003/arcrole/concept-label" xlink:from="OtherInformationAboutShareAcquisitionRightsTextBlock" xlink:to="label_OtherInformationAboutShareAcquisitionRightsTextBlock_2" />
    <link:label xlink:type="resource" xlink:label="label_OverviewOfCorporateGovernanceTextBlock" xml:lang="en" xlink:role="http://www.xbrl.org/2003/role/label" id="label_OverviewOfCorporateGovernanceTextBlock">Overview of corporate governance</link:label>
    <link:labelArc xlink:type="arc" xlink:arcrole="http://www.xbrl.org/2003/arcrole/concept-label" xlink:from="OverviewOfCorporateGovernanceTextBlock" xlink:to="label_OverviewOfCorporateGovernanceTextBlock" />
    <link:label xlink:type="resource" xlink:label="label_OverviewOfCorporateGovernanceTextBlock_2" xml:lang="en" xlink:role="http://www.xbrl.org/2003/role/verboseLabel" id="label_OverviewOfCorporateGovernanceTextBlock_2">Overview of corporate governance [text block]</link:label>
    <link:labelArc xlink:type="arc" xlink:arcrole="http://www.xbrl.org/2003/arcrole/concept-label" xlink:from="OverviewOfCorporateGovernanceTextBlock" xlink:to="label_OverviewOfCorporateGovernanceTextBlock_2" />
    <link:label xlink:type="resource" xlink:label="label_OutsideDirectorsAndOutsideCorporateAuditorsInformationAboutDirectorsAndOtherOfficersTextBlock" xml:lang="en" xlink:role="http://www.xbrl.org/2003/role/label" id="label_OutsideDirectorsAndOutsideCorporateAuditorsInformationAboutDirectorsAndOtherOfficersTextBlock">Outside directors (and outside corporate auditors)</link:label>
    <link:labelArc xlink:type="arc" xlink:arcrole="http://www.xbrl.org/2003/arcrole/concept-label" xlink:from="OutsideDirectorsAndOutsideCorporateAuditorsInformationAboutDirectorsAndOtherOfficersTextBlock" xlink:to="label_OutsideDirectorsAndOutsideCorporateAuditorsInformationAboutDirectorsAndOtherOfficersTextBlock" />
    <link:label xlink:type="resource" xlink:label="label_OutsideDirectorsAndOutsideCorporateAuditorsInformationAboutDirectorsAndOtherOfficersTextBlock_2" xml:lang="en" xlink:role="http://www.xbrl.org/2003/role/verboseLabel" id="label_OutsideDirectorsAndOutsideCorporateAuditorsInformationAboutDirectorsAndOtherOfficersTextBlock_2">Outside directors (and outside corporate auditors), Information about directors (and other officers) [text block]</link:label>
    <link:labelArc xlink:type="arc" xlink:arcrole="http://www.xbrl.org/2003/arcrole/concept-label" xlink:from="OutsideDirectorsAndOutsideCorporateAuditorsInformationAboutDirectorsAndOtherOfficersTextBlock" xlink:to="label_OutsideDirectorsAndOutsideCorporateAuditorsInformationAboutDirectorsAndOtherOfficersTextBlock_2" />
    <link:label xlink:type="resource" xlink:label="label_InformationAboutAuditsTextBlock" xml:lang="en" xlink:role="http://www.xbrl.org/2003/role/label" id="label_InformationAboutAuditsTextBlock">Information about audits</link:label>
    <link:labelArc xlink:type="arc" xlink:arcrole="http://www.xbrl.org/2003/arcrole/concept-label" xlink:from="InformationAboutAuditsTextBlock" xlink:to="label_InformationAboutAuditsTextBlock" />
    <link:label xlink:type="resource" xlink:label="label_InformationAboutAuditsTextBlock_2" xml:lang="en" xlink:role="http://www.xbrl.org/2003/role/verboseLabel" id="label_InformationAboutAuditsTextBlock_2">Information about audits [text block]</link:label>
    <link:labelArc xlink:type="arc" xlink:arcrole="http://www.xbrl.org/2003/arcrole/concept-label" xlink:from="InformationAboutAuditsTextBlock" xlink:to="label_InformationAboutAuditsTextBlock_2" />
    <link:label xlink:type="resource" xlink:label="label_RemunerationForDirectorsAndOtherOfficersTextBlock" xml:lang="en" xlink:role="http://www.xbrl.org/2003/role/label" id="label_RemunerationForDirectorsAndOtherOfficersTextBlock">Remuneration for directors (and other officers)</link:label>
    <link:labelArc xlink:type="arc" xlink:arcrole="http://www.xbrl.org/2003/arcrole/concept-label" xlink:from="RemunerationForDirectorsAndOtherOfficersTextBlock" xlink:to="label_RemunerationForDirectorsAndOtherOfficersTextBlock" />
    <link:label xlink:type="resource" xlink:label="label_RemunerationForDirectorsAndOtherOfficersTextBlock_2" xml:lang="en" xlink:role="http://www.xbrl.org/2003/role/verboseLabel" id="label_RemunerationForDirectorsAndOtherOfficersTextBlock_2">Remuneration for directors (and other officers) [text block]</link:label>
    <link:labelArc xlink:type="arc" xlink:arcrole="http://www.xbrl.org/2003/arcrole/concept-label" xlink:from="RemunerationForDirectorsAndOtherOfficersTextBlock" xlink:to="label_RemunerationForDirectorsAndOtherOfficersTextBlock_2" />
    <link:label xlink:type="resource" xlink:label="label_EquitySecuritiesHeldTextBlock" xml:lang="en" xlink:role="http://www.xbrl.org/2003/role/label" id="label_EquitySecuritiesHeldTextBlock">Equity securities held</link:label>
    <link:labelArc xlink:type="arc" xlink:arcrole="http://www.xbrl.org/2003/arcrole/concept-label" xlink:from="EquitySecuritiesHeldTextBlock" xlink:to="label_EquitySecuritiesHeldTextBlock" />
    <link:label xlink:type="resource" xlink:label="label_EquitySecuritiesHeldTextBlock_2" xml:lang="en" xlink:role="http://www.xbrl.org/2003/role/verboseLabel" id="label_EquitySecuritiesHeldTextBlock_2">Equity securities held [text block]</link:label>
    <link:labelArc xlink:type="arc" xlink:arcrole="http://www.xbrl.org/2003/arcrole/concept-label" xlink:from="EquitySecuritiesHeldTextBlock" xlink:to="label_EquitySecuritiesHeldTextBlock_2" />
    <link:label xlink:type="resource" xlink:label="label_OverviewOfCorporateGovernanceHeading" xml:lang="en" xlink:role="http://www.xbrl.org/2003/role/label" id="label_OverviewOfCorporateGovernanceHeading">Overview of corporate governance</link:label>
    <link:labelArc xlink:type="arc" xlink:arcrole="http://www.xbrl.org/2003/arcrole/concept-label" xlink:from="OverviewOfCorporateGovernanceHeading" xlink:to="label_OverviewOfCorporateGovernanceHeading" />
    <link:label xlink:type="resource" xlink:label="label_OverviewOfCorporateGovernanceHeading_2" xml:lang="en" xlink:role="http://www.xbrl.org/2003/role/verboseLabel" id="label_OverviewOfCorporateGovernanceHeading_2">Overview of corporate governance [heading]</link:label>
    <link:labelArc xlink:type="arc" xlink:arcrole="http://www.xbrl.org/2003/arcrole/concept-label" xlink:from="OverviewOfCorporateGovernanceHeading" xlink:to="label_OverviewOfCorporateGovernanceHeading_2" />
    <link:label xlink:type="resource" xlink:label="label_EquitySecuritiesHeldHeading" xml:lang="en" xlink:role="http://www.xbrl.org/2003/role/label" id="label_EquitySecuritiesHeldHeading">Equity securities held</link:label>
    <link:labelArc xlink:type="arc" xlink:arcrole="http://www.xbrl.org/2003/arcrole/concept-label" xlink:from="EquitySecuritiesHeldHeading" xlink:to="label_EquitySecuritiesHeldHeading" />
    <link:label xlink:type="resource" xlink:label="label_EquitySecuritiesHeldHeading_2" xml:lang="en" xlink:role="http://www.xbrl.org/2003/role/verboseLabel" id="label_EquitySecuritiesHeldHeading_2">Equity securities held [heading]</link:label>
    <link:labelArc xlink:type="arc" xlink:arcrole="http://www.xbrl.org/2003/arcrole/concept-label" xlink:from="EquitySecuritiesHeldHeading" xlink:to="label_EquitySecuritiesHeldHeading_2" />
    <link:label xlink:type="resource" xlink:label="label_InformationAboutAuditsHeading" xml:lang="en" xlink:role="http://www.xbrl.org/2003/role/label" id="label_InformationAboutAuditsHeading">Information about audits</link:label>
    <link:labelArc xlink:type="arc" xlink:arcrole="http://www.xbrl.org/2003/arcrole/concept-label" xlink:from="InformationAboutAuditsHeading" xlink:to="label_InformationAboutAuditsHeading" />
    <link:label xlink:type="resource" xlink:label="label_InformationAboutAuditsHeading_2" xml:lang="en" xlink:role="http://www.xbrl.org/2003/role/verboseLabel" id="label_InformationAboutAuditsHeading_2">Information about audits [heading]</link:label>
    <link:labelArc xlink:type="arc" xlink:arcrole="http://www.xbrl.org/2003/arcrole/concept-label" xlink:from="InformationAboutAuditsHeading" xlink:to="label_InformationAboutAuditsHeading_2" />
    <link:label xlink:type="resource" xlink:label="label_RemunerationForDirectorsAndOtherOfficersHeading" xml:lang="en" xlink:role="http://www.xbrl.org/2003/role/label" id="label_RemunerationForDirectorsAndOtherOfficersHeading">Remuneration for directors (and other officers)</link:label>
    <link:labelArc xlink:type="arc" xlink:arcrole="http://www.xbrl.org/2003/arcrole/concept-label" xlink:from="RemunerationForDirectorsAndOtherOfficersHeading" xlink:to="label_RemunerationForDirectorsAndOtherOfficersHeading" />
    <link:label xlink:type="resource" xlink:label="label_RemunerationForDirectorsAndOtherOfficersHeading_2" xml:lang="en" xlink:role="http://www.xbrl.org/2003/role/verboseLabel" id="label_RemunerationForDirectorsAndOtherOfficersHeading_2">Remuneration for directors (and other officers) [heading]</link:label>
    <link:labelArc xlink:type="arc" xlink:arcrole="http://www.xbrl.org/2003/arcrole/concept-label" xlink:from="RemunerationForDirectorsAndOtherOfficersHeading" xlink:to="label_RemunerationForDirectorsAndOtherOfficersHeading_2" />
    <link:label xlink:type="resource" xlink:label="label_AccountingPolicyForSignificantDeferredAssetsTextBlock" xml:lang="en" xlink:role="http://www.xbrl.org/2003/role/label" id="label_AccountingPolicyForSignificantDeferredAssetsTextBlock">Accounting policy for significant deferred assets</link:label>
    <link:labelArc xlink:type="arc" xlink:arcrole="http://www.xbrl.org/2003/arcrole/concept-label" xlink:from="AccountingPolicyForSignificantDeferredAssetsTextBlock" xlink:to="label_AccountingPolicyForSignificantDeferredAssetsTextBlock" />
    <link:label xlink:type="resource" xlink:label="label_AccountingPolicyForSignificantDeferredAssetsTextBlock_2" xml:lang="en" xlink:role="http://www.xbrl.org/2003/role/verboseLabel" id="label_AccountingPolicyForSignificantDeferredAssetsTextBlock_2">Accounting policy for significant deferred assets [text block]</link:label>
    <link:labelArc xlink:type="arc" xlink:arcrole="http://www.xbrl.org/2003/arcrole/concept-label" xlink:from="AccountingPolicyForSignificantDeferredAssetsTextBlock" xlink:to="label_AccountingPolicyForSignificantDeferredAssetsTextBlock_2" />
    <link:label xlink:type="resource" xlink:label="label_SharesOfSubsidiariesAndAssociates2" xml:lang="en" xlink:role="http://www.xbrl.org/2003/role/label" id="label_SharesOfSubsidiariesAndAssociates2">Shares of subsidiaries and associates2</link:label>
    <link:labelArc xlink:type="arc" xlink:arcrole="http://www.xbrl.org/2003/arcrole/concept-label" xlink:from="SharesOfSubsidiariesAndAssociates2" xlink:to="label_SharesOfSubsidiariesAndAssociates2" />
    <link:label xlink:type="resource" xlink:label="label_SharesOfSubsidiariesAndAssociates2_2" xml:lang="en" xlink:role="http://www.xbrl.org/2003/role/verboseLabel" id="label_SharesOfSubsidiariesAndAssociates2_2">Shares of subsidiaries and associates2</link:label>
    <link:labelArc xlink:type="arc" xlink:arcrole="http://www.xbrl.org/2003/arcrole/concept-label" xlink:from="SharesOfSubsidiariesAndAssociates2" xlink:to="label_SharesOfSubsidiariesAndAssociates2_2" />
    <link:label xlink:type="resource" xlink:label="label_New1" xml:lang="en" xlink:role="http://www.xbrl.org/2003/role/label" id="label_New1">new1</link:label>
    <link:labelArc xlink:type="arc" xlink:arcrole="http://www.xbrl.org/2003/arcrole/concept-label" xlink:from="New1" xlink:to="label_New1" />
    <link:label xlink:type="resource" xlink:label="label_New1_2" xml:lang="en" xlink:role="http://www.xbrl.org/2003/role/verboseLabel" id="label_New1_2">new1</link:label>
    <link:labelArc xlink:type="arc" xlink:arcrole="http://www.xbrl.org/2003/arcrole/concept-label" xlink:from="New1" xlink:to="label_New1_2" />
  </link:labelLink>
</link:linkbase>