<?xml version="1.0" encoding="utf-8"?>
<!-- Generated by PRONEXUS WORKS -->
<link:linkbase xmlns:link="http://www.xbrl.org/2003/linkbase" xmlns:xsi="http://www.w3.org/2001/XMLSchema-instance" xmlns:xbrli="http://www.xbrl.org/2003/instance" xmlns:xlink="http://www.w3.org/1999/xlink">
  <link:labelLink xlink:type="extended" xlink:role="http://www.xbrl.org/2003/role/link">
    <link:loc xlink:type="locator" xlink:href="jpcrp030000-asr-001_E34289-000_2019-08-31_01_2019-11-29.xsd#jpcrp030000-asr_E34289-000_InformationAboutEmployeesOfReportingCompanyTable" xlink:label="InformationAboutEmployeesOfReportingCompanyTable" />
    <link:loc xlink:type="locator" xlink:href="jpcrp030000-asr-001_E34289-000_2019-08-31_01_2019-11-29.xsd#jpcrp030000-asr_E34289-000_InformationAboutEmployeesOfReportingCompanyLineItems" xlink:label="InformationAboutEmployeesOfReportingCompanyLineItems" />
    <link:loc xlink:type="locator" xlink:href="jpcrp030000-asr-001_E34289-000_2019-08-31_01_2019-11-29.xsd#jpcrp030000-asr_E34289-000_GainOnReversalForPointCardCertificatesNOI" xlink:label="GainOnReversalForPointCardCertificatesNOI" />
    <link:loc xlink:type="locator" xlink:href="jpcrp030000-asr-001_E34289-000_2019-08-31_01_2019-11-29.xsd#jpcrp030000-asr_E34289-000_IncomeOfDevelopmentBusinessAndOtherNOI" xlink:label="IncomeOfDevelopmentBusinessAndOtherNOI" />
    <link:loc xlink:type="locator" xlink:href="jpcrp030000-asr-001_E34289-000_2019-08-31_01_2019-11-29.xsd#jpcrp030000-asr_E34289-000_ArrangementFeeNOE" xlink:label="ArrangementFeeNOE" />
    <link:loc xlink:type="locator" xlink:href="jpcrp030000-asr-001_E34289-000_2019-08-31_01_2019-11-29.xsd#jpcrp030000-asr_E34289-000_EnergyBusinessReportableSegmentsMember" xlink:label="EnergyBusinessReportableSegmentsMember" />
    <link:loc xlink:type="locator" xlink:href="jpcrp030000-asr-001_E34289-000_2019-08-31_01_2019-11-29.xsd#jpcrp030000-asr_E34289-000_ConsultingForRealEstateReportableSegmentsMember" xlink:label="ConsultingForRealEstateReportableSegmentsMember" />
    <link:loc xlink:type="locator" xlink:href="jpcrp030000-asr-001_E34289-000_2019-08-31_01_2019-11-29.xsd#jpcrp030000-asr_E34289-000_NotesRegardingFinancialCovenantClausesTextBlock" xlink:label="NotesRegardingFinancialCovenantClausesTextBlock" />
    <link:loc xlink:type="locator" xlink:href="jpcrp030000-asr-001_E34289-000_2019-08-31_01_2019-11-29.xsd#jpcrp030000-asr_E34289-000_TotalNumberOfIssuedSharesSummaryOfBusinessResultsAbstract" xlink:label="TotalNumberOfIssuedSharesSummaryOfBusinessResultsAbstract" />
    <link:loc xlink:type="locator" xlink:href="jpcrp030000-asr-001_E34289-000_2019-08-31_01_2019-11-29.xsd#jpcrp030000-asr_E34289-000_ClassAPreferredSharesTotalNumberOfIssuedSharesSummaryOfBusinessResults" xlink:label="ClassAPreferredSharesTotalNumberOfIssuedSharesSummaryOfBusinessResults" />
    <link:loc xlink:type="locator" xlink:href="jpcrp030000-asr-001_E34289-000_2019-08-31_01_2019-11-29.xsd#jpcrp030000-asr_E34289-000_ManagementAnalysisOfFinancialPositionOperatingResultsAndCashFlowsHeading" xlink:label="ManagementAnalysisOfFinancialPositionOperatingResultsAndCashFlowsHeading" />
    <link:loc xlink:type="locator" xlink:href="jpcrp030000-asr-001_E34289-000_2019-08-31_01_2019-11-29.xsd#jpcrp030000-asr_E34289-000_ManagementAnalysisOfFinancialPositionOperatingResultsAndCashFlowsTextBlock" xlink:label="ManagementAnalysisOfFinancialPositionOperatingResultsAndCashFlowsTextBlock" />
    <link:loc xlink:type="locator" xlink:href="jpcrp030000-asr-001_E34289-000_2019-08-31_01_2019-11-29.xsd#jpcrp030000-asr_E34289-000_OtherInformationAboutShareAcquisitionRightsHeading" xlink:label="OtherInformationAboutShareAcquisitionRightsHeading" />
    <link:loc xlink:type="locator" xlink:href="jpcrp030000-asr-001_E34289-000_2019-08-31_01_2019-11-29.xsd#jpcrp030000-asr_E34289-000_OtherInformationAboutShareAcquisitionRightsTextBlock" xlink:label="OtherInformationAboutShareAcquisitionRightsTextBlock" />
    <link:loc xlink:type="locator" xlink:href="jpcrp030000-asr-001_E34289-000_2019-08-31_01_2019-11-29.xsd#jpcrp030000-asr_E34289-000_OverviewOfCorporateGovernanceHeading" xlink:label="OverviewOfCorporateGovernanceHeading" />
    <link:loc xlink:type="locator" xlink:href="jpcrp030000-asr-001_E34289-000_2019-08-31_01_2019-11-29.xsd#jpcrp030000-asr_E34289-000_OverviewOfCorporateGovernanceTextBlock" xlink:label="OverviewOfCorporateGovernanceTextBlock" />
    <link:loc xlink:type="locator" xlink:href="jpcrp030000-asr-001_E34289-000_2019-08-31_01_2019-11-29.xsd#jpcrp030000-asr_E34289-000_OutsideDirectorsAndOutsideCorporateAuditorsInformationAboutDirectorsAndOtherOfficersTextBlock" xlink:label="OutsideDirectorsAndOutsideCorporateAuditorsInformationAboutDirectorsAndOtherOfficersTextBlock" />
    <link:loc xlink:type="locator" xlink:href="jpcrp030000-asr-001_E34289-000_2019-08-31_01_2019-11-29.xsd#jpcrp030000-asr_E34289-000_InformationAboutAuditsHeading" xlink:label="InformationAboutAuditsHeading" />
    <link:loc xlink:type="locator" xlink:href="jpcrp030000-asr-001_E34289-000_2019-08-31_01_2019-11-29.xsd#jpcrp030000-asr_E34289-000_InformationAboutAuditsTextBlock" xlink:label="InformationAboutAuditsTextBlock" />
    <link:loc xlink:type="locator" xlink:href="jpcrp030000-asr-001_E34289-000_2019-08-31_01_2019-11-29.xsd#jpcrp030000-asr_E34289-000_RemunerationForDirectorsAndOtherOfficersHeading" xlink:label="RemunerationForDirectorsAndOtherOfficersHeading" />
    <link:loc xlink:type="locator" xlink:href="jpcrp030000-asr-001_E34289-000_2019-08-31_01_2019-11-29.xsd#jpcrp030000-asr_E34289-000_RemunerationForDirectorsAndOtherOfficersTextBlock" xlink:label="RemunerationForDirectorsAndOtherOfficersTextBlock" />
    <link:loc xlink:type="locator" xlink:href="jpcrp030000-asr-001_E34289-000_2019-08-31_01_2019-11-29.xsd#jpcrp030000-asr_E34289-000_EquitySecuritiesHeldHeading" xlink:label="EquitySecuritiesHeldHeading" />
    <link:loc xlink:type="locator" xlink:href="jpcrp030000-asr-001_E34289-000_2019-08-31_01_2019-11-29.xsd#jpcrp030000-asr_E34289-000_EquitySecuritiesHeldTextBlock" xlink:label="EquitySecuritiesHeldTextBlock" />
    <link:loc xlink:type="locator" xlink:href="jpcrp030000-asr-001_E34289-000_2019-08-31_01_2019-11-29.xsd#jpcrp030000-asr_E34289-000_TotalShareholderReturn" xlink:label="TotalShareholderReturn" />
    <link:loc xlink:type="locator" xlink:href="jpcrp030000-asr-001_E34289-000_2019-08-31_01_2019-11-29.xsd#jpcrp030000-asr_E34289-000_TotalReturnOnSharePriceIndex" xlink:label="TotalReturnOnSharePriceIndex" />
    <link:loc xlink:type="locator" xlink:href="jpcrp030000-asr-001_E34289-000_2019-08-31_01_2019-11-29.xsd#jpcrp030000-asr_E34289-000_OfficialTitleOrPositionInformationAboutDirectorsAndCorporateAuditors" xlink:label="OfficialTitleOrPositionInformationAboutDirectorsAndCorporateAuditors" />
    <link:loc xlink:type="locator" xlink:href="jpcrp030000-asr-001_E34289-000_2019-08-31_01_2019-11-29.xsd#jpcrp030000-asr_E34289-000_DescriptionForTheFirstYearOfPreparationOfConsolidatedFinancialStatementsFinancialInformation" xlink:label="DescriptionForTheFirstYearOfPreparationOfConsolidatedFinancialStatementsFinancialInformation" />
    <link:loc xlink:type="locator" xlink:href="jpcrp030000-asr-001_E34289-000_2019-08-31_01_2019-11-29.xsd#jpcrp030000-asr_E34289-000_SharesOfSubsidiariesAndAssociates2" xlink:label="SharesOfSubsidiariesAndAssociates2" />
    <link:loc xlink:type="locator" xlink:href="jpcrp030000-asr-001_E34289-000_2019-08-31_01_2019-11-29.xsd#jpcrp030000-asr_E34289-000_New1" xlink:label="New1" />
    <link:loc xlink:type="locator" xlink:href="jpcrp030000-asr-001_E34289-000_2019-08-31_01_2019-11-29.xsd#jpcrp030000-asr_E34289-000_ArrangementFeeOpeCF" xlink:label="ArrangementFeeOpeCF" />
    <link:loc xlink:type="locator" xlink:href="jpcrp030000-asr-001_E34289-000_2019-08-31_01_2019-11-29.xsd#jpcrp030000-asr_E34289-000_DecreaseIncreaseInPrepaymentOpeCF" xlink:label="DecreaseIncreaseInPrepaymentOpeCF" />
    <link:loc xlink:type="locator" xlink:href="http://disclosure.edinet-fsa.go.jp/taxonomy/jppfs/2018-03-31/jppfs_cor_2018-03-31.xsd#jppfs_cor_CumulativeEffectsOfChangesInAccountingPolicies" xlink:label="CumulativeEffectsOfChangesInAccountingPolicies" />
    <link:label xlink:type="resource" xlink:label="label_CumulativeEffectsOfChangesInAccountingPolicies" xml:lang="ja" xlink:role="http://www.xbrl.org/2003/role/periodStartLabel" id="label_CumulativeEffectsOfChangesInAccountingPolicies">会計方針の変更による累積的影響額</link:label>
    <link:labelArc xlink:type="arc" xlink:arcrole="http://www.xbrl.org/2003/arcrole/concept-label" xlink:from="CumulativeEffectsOfChangesInAccountingPolicies" xlink:to="label_CumulativeEffectsOfChangesInAccountingPolicies" />
    <link:loc xlink:type="locator" xlink:href="http://disclosure.edinet-fsa.go.jp/taxonomy/jppfs/2018-03-31/jppfs_cor_2018-03-31.xsd#jppfs_cor_RestatedBalance" xlink:label="RestatedBalance" />
    <link:label xlink:type="resource" xlink:label="label_RestatedBalance" xml:lang="ja" xlink:role="http://www.xbrl.org/2003/role/periodStartLabel" id="label_RestatedBalance">会計方針の変更を反映した当期首残高</link:label>
    <link:labelArc xlink:type="arc" xlink:arcrole="http://www.xbrl.org/2003/arcrole/concept-label" xlink:from="RestatedBalance" xlink:to="label_RestatedBalance" />
    <link:loc xlink:type="locator" xlink:href="jpcrp030000-asr-001_E34289-000_2019-08-31_01_2019-11-29.xsd#jpcrp030000-asr_E34289-000_PaymentOfArrangementFeeFinCF" xlink:label="PaymentOfArrangementFeeFinCF" />
    <link:loc xlink:type="locator" xlink:href="jpcrp030000-asr-001_E34289-000_2019-08-31_01_2019-11-29.xsd#jpcrp030000-asr_E34289-000_KoshiroKomotoMember" xlink:label="KoshiroKomotoMember" />
    <link:loc xlink:type="locator" xlink:href="jpcrp030000-asr-001_E34289-000_2019-08-31_01_2019-11-29.xsd#jpcrp030000-asr_E34289-000_HiroyukiOgawaMember" xlink:label="HiroyukiOgawaMember" />
    <link:loc xlink:type="locator" xlink:href="jpcrp030000-asr-001_E34289-000_2019-08-31_01_2019-11-29.xsd#jpcrp030000-asr_E34289-000_KazunariHiroseMember" xlink:label="KazunariHiroseMember" />
    <link:loc xlink:type="locator" xlink:href="jpcrp030000-asr-001_E34289-000_2019-08-31_01_2019-11-29.xsd#jpcrp030000-asr_E34289-000_MasatoKawaguchiMember" xlink:label="MasatoKawaguchiMember" />
    <link:loc xlink:type="locator" xlink:href="jpcrp030000-asr-001_E34289-000_2019-08-31_01_2019-11-29.xsd#jpcrp030000-asr_E34289-000_HidekazuOgataMember" xlink:label="HidekazuOgataMember" />
    <link:loc xlink:type="locator" xlink:href="jpcrp030000-asr-001_E34289-000_2019-08-31_01_2019-11-29.xsd#jpcrp030000-asr_E34289-000_KazuoMoriMember" xlink:label="KazuoMoriMember" />
    <link:loc xlink:type="locator" xlink:href="jpcrp030000-asr-001_E34289-000_2019-08-31_01_2019-11-29.xsd#jpcrp030000-asr_E34289-000_ToshioSasakiMember" xlink:label="ToshioSasakiMember" />
    <link:loc xlink:type="locator" xlink:href="jpcrp030000-asr-001_E34289-000_2019-08-31_01_2019-11-29.xsd#jpcrp030000-asr_E34289-000_TadaakiMatsumuraMember" xlink:label="TadaakiMatsumuraMember" />
    <link:loc xlink:type="locator" xlink:href="jpcrp030000-asr-001_E34289-000_2019-08-31_01_2019-11-29.xsd#jpcrp030000-asr_E34289-000_ShoheiHaradaMember" xlink:label="ShoheiHaradaMember" />
    <link:loc xlink:type="locator" xlink:href="jpcrp030000-asr-001_E34289-000_2019-08-31_01_2019-11-29.xsd#jpcrp030000-asr_E34289-000_AccountingPolicyForSignificantDeferredAssetsTextBlock" xlink:label="AccountingPolicyForSignificantDeferredAssetsTextBlock" />
    <link:label xlink:type="resource" xlink:label="label_InformationAboutEmployeesOfReportingCompanyTable" xml:lang="ja" xlink:role="http://www.xbrl.org/2003/role/label" id="label_InformationAboutEmployeesOfReportingCompanyTable">提出会社の従業員の状況</link:label>
    <link:labelArc xlink:type="arc" xlink:arcrole="http://www.xbrl.org/2003/arcrole/concept-label" xlink:from="InformationAboutEmployeesOfReportingCompanyTable" xlink:to="label_InformationAboutEmployeesOfReportingCompanyTable" />
    <link:label xlink:type="resource" xlink:label="label_InformationAboutEmployeesOfReportingCompanyTable_2" xml:lang="ja" xlink:role="http://www.xbrl.org/2003/role/verboseLabel" id="label_InformationAboutEmployeesOfReportingCompanyTable_2">提出会社の従業員の状況 [表]</link:label>
    <link:labelArc xlink:type="arc" xlink:arcrole="http://www.xbrl.org/2003/arcrole/concept-label" xlink:from="InformationAboutEmployeesOfReportingCompanyTable" xlink:to="label_InformationAboutEmployeesOfReportingCompanyTable_2" />
    <link:label xlink:type="resource" xlink:label="label_InformationAboutEmployeesOfReportingCompanyLineItems" xml:lang="ja" xlink:role="http://www.xbrl.org/2003/role/label" id="label_InformationAboutEmployeesOfReportingCompanyLineItems">提出会社の従業員の状況</link:label>
    <link:labelArc xlink:type="arc" xlink:arcrole="http://www.xbrl.org/2003/arcrole/concept-label" xlink:from="InformationAboutEmployeesOfReportingCompanyLineItems" xlink:to="label_InformationAboutEmployeesOfReportingCompanyLineItems" />
    <link:label xlink:type="resource" xlink:label="label_InformationAboutEmployeesOfReportingCompanyLineItems_2" xml:lang="ja" xlink:role="http://www.xbrl.org/2003/role/verboseLabel" id="label_InformationAboutEmployeesOfReportingCompanyLineItems_2">提出会社の従業員の状況 [表示項目]</link:label>
    <link:labelArc xlink:type="arc" xlink:arcrole="http://www.xbrl.org/2003/arcrole/concept-label" xlink:from="InformationAboutEmployeesOfReportingCompanyLineItems" xlink:to="label_InformationAboutEmployeesOfReportingCompanyLineItems_2" />
    <link:label xlink:type="resource" xlink:label="label_ArrangementFeeOpeCF" xml:lang="ja" xlink:role="http://www.xbrl.org/2003/role/label" id="label_ArrangementFeeOpeCF">アレンジメント手数料</link:label>
    <link:labelArc xlink:type="arc" xlink:arcrole="http://www.xbrl.org/2003/arcrole/concept-label" xlink:from="ArrangementFeeOpeCF" xlink:to="label_ArrangementFeeOpeCF" />
    <link:label xlink:type="resource" xlink:label="label_ArrangementFeeOpeCF_2" xml:lang="ja" xlink:role="http://www.xbrl.org/2003/role/verboseLabel" id="label_ArrangementFeeOpeCF_2">アレンジメント手数料、営業活動によるキャッシュ・フロー</link:label>
    <link:labelArc xlink:type="arc" xlink:arcrole="http://www.xbrl.org/2003/arcrole/concept-label" xlink:from="ArrangementFeeOpeCF" xlink:to="label_ArrangementFeeOpeCF_2" />
    <link:label xlink:type="resource" xlink:label="label_DecreaseIncreaseInPrepaymentOpeCF" xml:lang="ja" xlink:role="http://www.xbrl.org/2003/role/label" id="label_DecreaseIncreaseInPrepaymentOpeCF">前払金の増減額(△は増加)</link:label>
    <link:labelArc xlink:type="arc" xlink:arcrole="http://www.xbrl.org/2003/arcrole/concept-label" xlink:from="DecreaseIncreaseInPrepaymentOpeCF" xlink:to="label_DecreaseIncreaseInPrepaymentOpeCF" />
    <link:label xlink:type="resource" xlink:label="label_DecreaseIncreaseInPrepaymentOpeCF_2" xml:lang="ja" xlink:role="http://www.xbrl.org/2003/role/verboseLabel" id="label_DecreaseIncreaseInPrepaymentOpeCF_2">前払金の増減額(△は増加) 、営業活動によるキャッシュ・フロー</link:label>
    <link:labelArc xlink:type="arc" xlink:arcrole="http://www.xbrl.org/2003/arcrole/concept-label" xlink:from="DecreaseIncreaseInPrepaymentOpeCF" xlink:to="label_DecreaseIncreaseInPrepaymentOpeCF_2" />
    <link:label xlink:type="resource" xlink:label="label_PaymentOfArrangementFeeFinCF" xml:lang="ja" xlink:role="http://www.xbrl.org/2003/role/label" id="label_PaymentOfArrangementFeeFinCF">アレンジメント手数料の支払額</link:label>
    <link:labelArc xlink:type="arc" xlink:arcrole="http://www.xbrl.org/2003/arcrole/concept-label" xlink:from="PaymentOfArrangementFeeFinCF" xlink:to="label_PaymentOfArrangementFeeFinCF" />
    <link:label xlink:type="resource" xlink:label="label_PaymentOfArrangementFeeFinCF_2" xml:lang="ja" xlink:role="http://www.xbrl.org/2003/role/verboseLabel" id="label_PaymentOfArrangementFeeFinCF_2">アレンジメント手数料の支払額、財務活動によるキャッシュ・フロー</link:label>
    <link:labelArc xlink:type="arc" xlink:arcrole="http://www.xbrl.org/2003/arcrole/concept-label" xlink:from="PaymentOfArrangementFeeFinCF" xlink:to="label_PaymentOfArrangementFeeFinCF_2" />
    <link:label xlink:type="resource" xlink:label="label_TotalNumberOfIssuedSharesSummaryOfBusinessResultsAbstract" xml:lang="ja" xlink:role="http://www.xbrl.org/2003/role/label" id="label_TotalNumberOfIssuedSharesSummaryOfBusinessResultsAbstract">発行済株式総数</link:label>
    <link:labelArc xlink:type="arc" xlink:arcrole="http://www.xbrl.org/2003/arcrole/concept-label" xlink:from="TotalNumberOfIssuedSharesSummaryOfBusinessResultsAbstract" xlink:to="label_TotalNumberOfIssuedSharesSummaryOfBusinessResultsAbstract" />
    <link:label xlink:type="resource" xlink:label="label_TotalNumberOfIssuedSharesSummaryOfBusinessResultsAbstract_2" xml:lang="ja" xlink:role="http://www.xbrl.org/2003/role/verboseLabel" id="label_TotalNumberOfIssuedSharesSummaryOfBusinessResultsAbstract_2">発行済株式総数、経営指標等 [タイトル項目]</link:label>
    <link:labelArc xlink:type="arc" xlink:arcrole="http://www.xbrl.org/2003/arcrole/concept-label" xlink:from="TotalNumberOfIssuedSharesSummaryOfBusinessResultsAbstract" xlink:to="label_TotalNumberOfIssuedSharesSummaryOfBusinessResultsAbstract_2" />
    <link:label xlink:type="resource" xlink:label="label_ClassAPreferredSharesTotalNumberOfIssuedSharesSummaryOfBusinessResults" xml:lang="ja" xlink:role="http://www.xbrl.org/2003/role/label" id="label_ClassAPreferredSharesTotalNumberOfIssuedSharesSummaryOfBusinessResults">Ａ種優先株式</link:label>
    <link:labelArc xlink:type="arc" xlink:arcrole="http://www.xbrl.org/2003/arcrole/concept-label" xlink:from="ClassAPreferredSharesTotalNumberOfIssuedSharesSummaryOfBusinessResults" xlink:to="label_ClassAPreferredSharesTotalNumberOfIssuedSharesSummaryOfBusinessResults" />
    <link:label xlink:type="resource" xlink:label="label_ClassAPreferredSharesTotalNumberOfIssuedSharesSummaryOfBusinessResults_2" xml:lang="ja" xlink:role="http://www.xbrl.org/2003/role/verboseLabel" id="label_ClassAPreferredSharesTotalNumberOfIssuedSharesSummaryOfBusinessResults_2">Ａ種優先株式、発行済株式総数、経営指標等</link:label>
    <link:labelArc xlink:type="arc" xlink:arcrole="http://www.xbrl.org/2003/arcrole/concept-label" xlink:from="ClassAPreferredSharesTotalNumberOfIssuedSharesSummaryOfBusinessResults" xlink:to="label_ClassAPreferredSharesTotalNumberOfIssuedSharesSummaryOfBusinessResults_2" />
    <link:label xlink:type="resource" xlink:label="label_TotalShareholderReturn" xml:lang="ja" xlink:role="http://www.xbrl.org/2003/role/label" id="label_TotalShareholderReturn">株主総利回り</link:label>
    <link:labelArc xlink:type="arc" xlink:arcrole="http://www.xbrl.org/2003/arcrole/concept-label" xlink:from="TotalShareholderReturn" xlink:to="label_TotalShareholderReturn" />
    <link:label xlink:type="resource" xlink:label="label_TotalShareholderReturn_2" xml:lang="ja" xlink:role="http://www.xbrl.org/2003/role/verboseLabel" id="label_TotalShareholderReturn_2">株主総利回り</link:label>
    <link:labelArc xlink:type="arc" xlink:arcrole="http://www.xbrl.org/2003/arcrole/concept-label" xlink:from="TotalShareholderReturn" xlink:to="label_TotalShareholderReturn_2" />
    <link:label xlink:type="resource" xlink:label="label_TotalReturnOnSharePriceIndex" xml:lang="ja" xlink:role="http://www.xbrl.org/2003/role/label" id="label_TotalReturnOnSharePriceIndex">株価指数における総利回り</link:label>
    <link:labelArc xlink:type="arc" xlink:arcrole="http://www.xbrl.org/2003/arcrole/concept-label" xlink:from="TotalReturnOnSharePriceIndex" xlink:to="label_TotalReturnOnSharePriceIndex" />
    <link:label xlink:type="resource" xlink:label="label_TotalReturnOnSharePriceIndex_2" xml:lang="ja" xlink:role="http://www.xbrl.org/2003/role/verboseLabel" id="label_TotalReturnOnSharePriceIndex_2">株価指数における総利回り</link:label>
    <link:labelArc xlink:type="arc" xlink:arcrole="http://www.xbrl.org/2003/arcrole/concept-label" xlink:from="TotalReturnOnSharePriceIndex" xlink:to="label_TotalReturnOnSharePriceIndex_2" />
    <link:label xlink:type="resource" xlink:label="label_OfficialTitleOrPositionInformationAboutDirectorsAndCorporateAuditors" xml:lang="ja" xlink:role="http://www.xbrl.org/2003/role/label" id="label_OfficialTitleOrPositionInformationAboutDirectorsAndCorporateAuditors">役職名</link:label>
    <link:labelArc xlink:type="arc" xlink:arcrole="http://www.xbrl.org/2003/arcrole/concept-label" xlink:from="OfficialTitleOrPositionInformationAboutDirectorsAndCorporateAuditors" xlink:to="label_OfficialTitleOrPositionInformationAboutDirectorsAndCorporateAuditors" />
    <link:label xlink:type="resource" xlink:label="label_OfficialTitleOrPositionInformationAboutDirectorsAndCorporateAuditors_2" xml:lang="ja" xlink:role="http://www.xbrl.org/2003/role/verboseLabel" id="label_OfficialTitleOrPositionInformationAboutDirectorsAndCorporateAuditors_2">役職名、役員の状況（取締役（及び監査役））</link:label>
    <link:labelArc xlink:type="arc" xlink:arcrole="http://www.xbrl.org/2003/arcrole/concept-label" xlink:from="OfficialTitleOrPositionInformationAboutDirectorsAndCorporateAuditors" xlink:to="label_OfficialTitleOrPositionInformationAboutDirectorsAndCorporateAuditors_2" />
    <link:label xlink:type="resource" xlink:label="label_KoshiroKomotoMember" xml:lang="ja" xlink:role="http://www.xbrl.org/2003/role/verboseLabel" id="label_KoshiroKomotoMember">河本　幸士郎 [メンバー]</link:label>
    <link:labelArc xlink:type="arc" xlink:arcrole="http://www.xbrl.org/2003/arcrole/concept-label" xlink:from="KoshiroKomotoMember" xlink:to="label_KoshiroKomotoMember" />
    <link:label xlink:type="resource" xlink:label="label_KoshiroKomotoMember_2" xml:lang="ja" xlink:role="http://www.xbrl.org/2003/role/label" id="label_KoshiroKomotoMember_2">河本　幸士郎</link:label>
    <link:labelArc xlink:type="arc" xlink:arcrole="http://www.xbrl.org/2003/arcrole/concept-label" xlink:from="KoshiroKomotoMember" xlink:to="label_KoshiroKomotoMember_2" />
    <link:label xlink:type="resource" xlink:label="label_HiroyukiOgawaMember" xml:lang="ja" xlink:role="http://www.xbrl.org/2003/role/verboseLabel" id="label_HiroyukiOgawaMember">小川　潤之 [メンバー]</link:label>
    <link:labelArc xlink:type="arc" xlink:arcrole="http://www.xbrl.org/2003/arcrole/concept-label" xlink:from="HiroyukiOgawaMember" xlink:to="label_HiroyukiOgawaMember" />
    <link:label xlink:type="resource" xlink:label="label_HiroyukiOgawaMember_2" xml:lang="ja" xlink:role="http://www.xbrl.org/2003/role/label" id="label_HiroyukiOgawaMember_2">小川　潤之</link:label>
    <link:labelArc xlink:type="arc" xlink:arcrole="http://www.xbrl.org/2003/arcrole/concept-label" xlink:from="HiroyukiOgawaMember" xlink:to="label_HiroyukiOgawaMember_2" />
    <link:label xlink:type="resource" xlink:label="label_KazunariHiroseMember" xml:lang="ja" xlink:role="http://www.xbrl.org/2003/role/verboseLabel" id="label_KazunariHiroseMember">廣瀬　一成 [メンバー]</link:label>
    <link:labelArc xlink:type="arc" xlink:arcrole="http://www.xbrl.org/2003/arcrole/concept-label" xlink:from="KazunariHiroseMember" xlink:to="label_KazunariHiroseMember" />
    <link:label xlink:type="resource" xlink:label="label_KazunariHiroseMember_2" xml:lang="ja" xlink:role="http://www.xbrl.org/2003/role/label" id="label_KazunariHiroseMember_2">廣瀬　一成</link:label>
    <link:labelArc xlink:type="arc" xlink:arcrole="http://www.xbrl.org/2003/arcrole/concept-label" xlink:from="KazunariHiroseMember" xlink:to="label_KazunariHiroseMember_2" />
    <link:label xlink:type="resource" xlink:label="label_MasatoKawaguchiMember" xml:lang="ja" xlink:role="http://www.xbrl.org/2003/role/verboseLabel" id="label_MasatoKawaguchiMember">川口　正人 [メンバー]</link:label>
    <link:labelArc xlink:type="arc" xlink:arcrole="http://www.xbrl.org/2003/arcrole/concept-label" xlink:from="MasatoKawaguchiMember" xlink:to="label_MasatoKawaguchiMember" />
    <link:label xlink:type="resource" xlink:label="label_MasatoKawaguchiMember_2" xml:lang="ja" xlink:role="http://www.xbrl.org/2003/role/label" id="label_MasatoKawaguchiMember_2">川口　正人</link:label>
    <link:labelArc xlink:type="arc" xlink:arcrole="http://www.xbrl.org/2003/arcrole/concept-label" xlink:from="MasatoKawaguchiMember" xlink:to="label_MasatoKawaguchiMember_2" />
    <link:label xlink:type="resource" xlink:label="label_HidekazuOgataMember" xml:lang="ja" xlink:role="http://www.xbrl.org/2003/role/verboseLabel" id="label_HidekazuOgataMember">緒方　秀和 [メンバー]</link:label>
    <link:labelArc xlink:type="arc" xlink:arcrole="http://www.xbrl.org/2003/arcrole/concept-label" xlink:from="HidekazuOgataMember" xlink:to="label_HidekazuOgataMember" />
    <link:label xlink:type="resource" xlink:label="label_HidekazuOgataMember_2" xml:lang="ja" xlink:role="http://www.xbrl.org/2003/role/label" id="label_HidekazuOgataMember_2">緒方　秀和</link:label>
    <link:labelArc xlink:type="arc" xlink:arcrole="http://www.xbrl.org/2003/arcrole/concept-label" xlink:from="HidekazuOgataMember" xlink:to="label_HidekazuOgataMember_2" />
    <link:label xlink:type="resource" xlink:label="label_KazuoMoriMember" xml:lang="ja" xlink:role="http://www.xbrl.org/2003/role/verboseLabel" id="label_KazuoMoriMember">森　一雄 [メンバー]</link:label>
    <link:labelArc xlink:type="arc" xlink:arcrole="http://www.xbrl.org/2003/arcrole/concept-label" xlink:from="KazuoMoriMember" xlink:to="label_KazuoMoriMember" />
    <link:label xlink:type="resource" xlink:label="label_KazuoMoriMember_2" xml:lang="ja" xlink:role="http://www.xbrl.org/2003/role/label" id="label_KazuoMoriMember_2">森　一雄</link:label>
    <link:labelArc xlink:type="arc" xlink:arcrole="http://www.xbrl.org/2003/arcrole/concept-label" xlink:from="KazuoMoriMember" xlink:to="label_KazuoMoriMember_2" />
    <link:label xlink:type="resource" xlink:label="label_ToshioSasakiMember" xml:lang="ja" xlink:role="http://www.xbrl.org/2003/role/verboseLabel" id="label_ToshioSasakiMember">佐々木　敏夫 [メンバー]</link:label>
    <link:labelArc xlink:type="arc" xlink:arcrole="http://www.xbrl.org/2003/arcrole/concept-label" xlink:from="ToshioSasakiMember" xlink:to="label_ToshioSasakiMember" />
    <link:label xlink:type="resource" xlink:label="label_ToshioSasakiMember_2" xml:lang="ja" xlink:role="http://www.xbrl.org/2003/role/label" id="label_ToshioSasakiMember_2">佐々木　敏夫</link:label>
    <link:labelArc xlink:type="arc" xlink:arcrole="http://www.xbrl.org/2003/arcrole/concept-label" xlink:from="ToshioSasakiMember" xlink:to="label_ToshioSasakiMember_2" />
    <link:label xlink:type="resource" xlink:label="label_TadaakiMatsumuraMember" xml:lang="ja" xlink:role="http://www.xbrl.org/2003/role/verboseLabel" id="label_TadaakiMatsumuraMember">松村　正哲 [メンバー]</link:label>
    <link:labelArc xlink:type="arc" xlink:arcrole="http://www.xbrl.org/2003/arcrole/concept-label" xlink:from="TadaakiMatsumuraMember" xlink:to="label_TadaakiMatsumuraMember" />
    <link:label xlink:type="resource" xlink:label="label_TadaakiMatsumuraMember_2" xml:lang="ja" xlink:role="http://www.xbrl.org/2003/role/label" id="label_TadaakiMatsumuraMember_2">松村　正哲</link:label>
    <link:labelArc xlink:type="arc" xlink:arcrole="http://www.xbrl.org/2003/arcrole/concept-label" xlink:from="TadaakiMatsumuraMember" xlink:to="label_TadaakiMatsumuraMember_2" />
    <link:label xlink:type="resource" xlink:label="label_ShoheiHaradaMember" xml:lang="ja" xlink:role="http://www.xbrl.org/2003/role/verboseLabel" id="label_ShoheiHaradaMember">原田　昌平 [メンバー]</link:label>
    <link:labelArc xlink:type="arc" xlink:arcrole="http://www.xbrl.org/2003/arcrole/concept-label" xlink:from="ShoheiHaradaMember" xlink:to="label_ShoheiHaradaMember" />
    <link:label xlink:type="resource" xlink:label="label_ShoheiHaradaMember_2" xml:lang="ja" xlink:role="http://www.xbrl.org/2003/role/label" id="label_ShoheiHaradaMember_2">原田　昌平</link:label>
    <link:labelArc xlink:type="arc" xlink:arcrole="http://www.xbrl.org/2003/arcrole/concept-label" xlink:from="ShoheiHaradaMember" xlink:to="label_ShoheiHaradaMember_2" />
    <link:label xlink:type="resource" xlink:label="label_DescriptionForTheFirstYearOfPreparationOfConsolidatedFinancialStatementsFinancialInformation" xml:lang="ja" xlink:role="http://www.xbrl.org/2003/role/label" id="label_DescriptionForTheFirstYearOfPreparationOfConsolidatedFinancialStatementsFinancialInformation">連結財務諸表の作成初年度である場合の記載</link:label>
    <link:labelArc xlink:type="arc" xlink:arcrole="http://www.xbrl.org/2003/arcrole/concept-label" xlink:from="DescriptionForTheFirstYearOfPreparationOfConsolidatedFinancialStatementsFinancialInformation" xlink:to="label_DescriptionForTheFirstYearOfPreparationOfConsolidatedFinancialStatementsFinancialInformation" />
    <link:label xlink:type="resource" xlink:label="label_DescriptionForTheFirstYearOfPreparationOfConsolidatedFinancialStatementsFinancialInformation_2" xml:lang="ja" xlink:role="http://www.xbrl.org/2003/role/verboseLabel" id="label_DescriptionForTheFirstYearOfPreparationOfConsolidatedFinancialStatementsFinancialInformation_2">連結財務諸表の作成初年度である場合の記載、経理の状況</link:label>
    <link:labelArc xlink:type="arc" xlink:arcrole="http://www.xbrl.org/2003/arcrole/concept-label" xlink:from="DescriptionForTheFirstYearOfPreparationOfConsolidatedFinancialStatementsFinancialInformation" xlink:to="label_DescriptionForTheFirstYearOfPreparationOfConsolidatedFinancialStatementsFinancialInformation_2" />
    <link:label xlink:type="resource" xlink:label="label_GainOnReversalForPointCardCertificatesNOI" xml:lang="ja" xlink:role="http://www.xbrl.org/2003/role/label" id="label_GainOnReversalForPointCardCertificatesNOI">ポイント引当金戻入益</link:label>
    <link:labelArc xlink:type="arc" xlink:arcrole="http://www.xbrl.org/2003/arcrole/concept-label" xlink:from="GainOnReversalForPointCardCertificatesNOI" xlink:to="label_GainOnReversalForPointCardCertificatesNOI" />
    <link:label xlink:type="resource" xlink:label="label_GainOnReversalForPointCardCertificatesNOI_2" xml:lang="ja" xlink:role="http://www.xbrl.org/2003/role/verboseLabel" id="label_GainOnReversalForPointCardCertificatesNOI_2">ポイント引当金戻入益、営業外収益</link:label>
    <link:labelArc xlink:type="arc" xlink:arcrole="http://www.xbrl.org/2003/arcrole/concept-label" xlink:from="GainOnReversalForPointCardCertificatesNOI" xlink:to="label_GainOnReversalForPointCardCertificatesNOI_2" />
    <link:label xlink:type="resource" xlink:label="label_IncomeOfDevelopmentBusinessAndOtherNOI" xml:lang="ja" xlink:role="http://www.xbrl.org/2003/role/label" id="label_IncomeOfDevelopmentBusinessAndOtherNOI">開発事業等付随収入</link:label>
    <link:labelArc xlink:type="arc" xlink:arcrole="http://www.xbrl.org/2003/arcrole/concept-label" xlink:from="IncomeOfDevelopmentBusinessAndOtherNOI" xlink:to="label_IncomeOfDevelopmentBusinessAndOtherNOI" />
    <link:label xlink:type="resource" xlink:label="label_IncomeOfDevelopmentBusinessAndOtherNOI_2" xml:lang="ja" xlink:role="http://www.xbrl.org/2003/role/verboseLabel" id="label_IncomeOfDevelopmentBusinessAndOtherNOI_2">開発事業等付随収入、営業外収益</link:label>
    <link:labelArc xlink:type="arc" xlink:arcrole="http://www.xbrl.org/2003/arcrole/concept-label" xlink:from="IncomeOfDevelopmentBusinessAndOtherNOI" xlink:to="label_IncomeOfDevelopmentBusinessAndOtherNOI_2" />
    <link:label xlink:type="resource" xlink:label="label_ArrangementFeeNOE" xml:lang="ja" xlink:role="http://www.xbrl.org/2003/role/label" id="label_ArrangementFeeNOE">アレンジメント手数料</link:label>
    <link:labelArc xlink:type="arc" xlink:arcrole="http://www.xbrl.org/2003/arcrole/concept-label" xlink:from="ArrangementFeeNOE" xlink:to="label_ArrangementFeeNOE" />
    <link:label xlink:type="resource" xlink:label="label_ArrangementFeeNOE_2" xml:lang="ja" xlink:role="http://www.xbrl.org/2003/role/verboseLabel" id="label_ArrangementFeeNOE_2">アレンジメント手数料、営業外費用</link:label>
    <link:labelArc xlink:type="arc" xlink:arcrole="http://www.xbrl.org/2003/arcrole/concept-label" xlink:from="ArrangementFeeNOE" xlink:to="label_ArrangementFeeNOE_2" />
    <link:label xlink:type="resource" xlink:label="label_NotesRegardingFinancialCovenantClausesTextBlock" xml:lang="ja" xlink:role="http://www.xbrl.org/2003/role/label" id="label_NotesRegardingFinancialCovenantClausesTextBlock">財務制限条項に関する注記</link:label>
    <link:labelArc xlink:type="arc" xlink:arcrole="http://www.xbrl.org/2003/arcrole/concept-label" xlink:from="NotesRegardingFinancialCovenantClausesTextBlock" xlink:to="label_NotesRegardingFinancialCovenantClausesTextBlock" />
    <link:label xlink:type="resource" xlink:label="label_NotesRegardingFinancialCovenantClausesTextBlock_2" xml:lang="ja" xlink:role="http://www.xbrl.org/2003/role/verboseLabel" id="label_NotesRegardingFinancialCovenantClausesTextBlock_2">財務制限条項に関する注記 [テキストブロック]</link:label>
    <link:labelArc xlink:type="arc" xlink:arcrole="http://www.xbrl.org/2003/arcrole/concept-label" xlink:from="NotesRegardingFinancialCovenantClausesTextBlock" xlink:to="label_NotesRegardingFinancialCovenantClausesTextBlock_2" />
    <link:label xlink:type="resource" xlink:label="label_EnergyBusinessReportableSegmentsMember" xml:lang="ja" xlink:role="http://www.xbrl.org/2003/role/label" id="label_EnergyBusinessReportableSegmentsMember">自然エネルギー事業</link:label>
    <link:labelArc xlink:type="arc" xlink:arcrole="http://www.xbrl.org/2003/arcrole/concept-label" xlink:from="EnergyBusinessReportableSegmentsMember" xlink:to="label_EnergyBusinessReportableSegmentsMember" />
    <link:label xlink:type="resource" xlink:label="label_EnergyBusinessReportableSegmentsMember_2" xml:lang="ja" xlink:role="http://www.xbrl.org/2003/role/verboseLabel" id="label_EnergyBusinessReportableSegmentsMember_2">自然エネルギー事業、報告セグメント [メンバー]</link:label>
    <link:labelArc xlink:type="arc" xlink:arcrole="http://www.xbrl.org/2003/arcrole/concept-label" xlink:from="EnergyBusinessReportableSegmentsMember" xlink:to="label_EnergyBusinessReportableSegmentsMember_2" />
    <link:label xlink:type="resource" xlink:label="label_ConsultingForRealEstateReportableSegmentsMember" xml:lang="ja" xlink:role="http://www.xbrl.org/2003/role/label" id="label_ConsultingForRealEstateReportableSegmentsMember">不動産コンサルティング事業</link:label>
    <link:labelArc xlink:type="arc" xlink:arcrole="http://www.xbrl.org/2003/arcrole/concept-label" xlink:from="ConsultingForRealEstateReportableSegmentsMember" xlink:to="label_ConsultingForRealEstateReportableSegmentsMember" />
    <link:label xlink:type="resource" xlink:label="label_ConsultingForRealEstateReportableSegmentsMember_2" xml:lang="ja" xlink:role="http://www.xbrl.org/2003/role/verboseLabel" id="label_ConsultingForRealEstateReportableSegmentsMember_2">不動産コンサルティング事業、報告セグメント [メンバー]</link:label>
    <link:labelArc xlink:type="arc" xlink:arcrole="http://www.xbrl.org/2003/arcrole/concept-label" xlink:from="ConsultingForRealEstateReportableSegmentsMember" xlink:to="label_ConsultingForRealEstateReportableSegmentsMember_2" />
    <link:label xlink:type="resource" xlink:label="label_ManagementAnalysisOfFinancialPositionOperatingResultsAndCashFlowsHeading" xml:lang="ja" xlink:role="http://www.xbrl.org/2003/role/label" id="label_ManagementAnalysisOfFinancialPositionOperatingResultsAndCashFlowsHeading">経営者による財政状態、経営成績及びキャッシュ・フローの状況の分析</link:label>
    <link:labelArc xlink:type="arc" xlink:arcrole="http://www.xbrl.org/2003/arcrole/concept-label" xlink:from="ManagementAnalysisOfFinancialPositionOperatingResultsAndCashFlowsHeading" xlink:to="label_ManagementAnalysisOfFinancialPositionOperatingResultsAndCashFlowsHeading" />
    <link:label xlink:type="resource" xlink:label="label_ManagementAnalysisOfFinancialPositionOperatingResultsAndCashFlowsHeading_2" xml:lang="ja" xlink:role="http://www.xbrl.org/2003/role/verboseLabel" id="label_ManagementAnalysisOfFinancialPositionOperatingResultsAndCashFlowsHeading_2">経営者による財政状態、経営成績及びキャッシュ・フローの状況の分析 [目次項目]</link:label>
    <link:labelArc xlink:type="arc" xlink:arcrole="http://www.xbrl.org/2003/arcrole/concept-label" xlink:from="ManagementAnalysisOfFinancialPositionOperatingResultsAndCashFlowsHeading" xlink:to="label_ManagementAnalysisOfFinancialPositionOperatingResultsAndCashFlowsHeading_2" />
    <link:label xlink:type="resource" xlink:label="label_ManagementAnalysisOfFinancialPositionOperatingResultsAndCashFlowsTextBlock" xml:lang="ja" xlink:role="http://www.xbrl.org/2003/role/label" id="label_ManagementAnalysisOfFinancialPositionOperatingResultsAndCashFlowsTextBlock">経営者による財政状態、経営成績及びキャッシュ・フローの状況の分析</link:label>
    <link:labelArc xlink:type="arc" xlink:arcrole="http://www.xbrl.org/2003/arcrole/concept-label" xlink:from="ManagementAnalysisOfFinancialPositionOperatingResultsAndCashFlowsTextBlock" xlink:to="label_ManagementAnalysisOfFinancialPositionOperatingResultsAndCashFlowsTextBlock" />
    <link:label xlink:type="resource" xlink:label="label_ManagementAnalysisOfFinancialPositionOperatingResultsAndCashFlowsTextBlock_2" xml:lang="ja" xlink:role="http://www.xbrl.org/2003/role/verboseLabel" id="label_ManagementAnalysisOfFinancialPositionOperatingResultsAndCashFlowsTextBlock_2">経営者による財政状態、経営成績及びキャッシュ・フローの状況の分析 [テキストブロック]</link:label>
    <link:labelArc xlink:type="arc" xlink:arcrole="http://www.xbrl.org/2003/arcrole/concept-label" xlink:from="ManagementAnalysisOfFinancialPositionOperatingResultsAndCashFlowsTextBlock" xlink:to="label_ManagementAnalysisOfFinancialPositionOperatingResultsAndCashFlowsTextBlock_2" />
    <link:label xlink:type="resource" xlink:label="label_OtherInformationAboutShareAcquisitionRightsHeading" xml:lang="ja" xlink:role="http://www.xbrl.org/2003/role/label" id="label_OtherInformationAboutShareAcquisitionRightsHeading">その他の新株予約権等の状況</link:label>
    <link:labelArc xlink:type="arc" xlink:arcrole="http://www.xbrl.org/2003/arcrole/concept-label" xlink:from="OtherInformationAboutShareAcquisitionRightsHeading" xlink:to="label_OtherInformationAboutShareAcquisitionRightsHeading" />
    <link:label xlink:type="resource" xlink:label="label_OtherInformationAboutShareAcquisitionRightsHeading_2" xml:lang="ja" xlink:role="http://www.xbrl.org/2003/role/verboseLabel" id="label_OtherInformationAboutShareAcquisitionRightsHeading_2">その他の新株予約権等の状況 [目次項目]</link:label>
    <link:labelArc xlink:type="arc" xlink:arcrole="http://www.xbrl.org/2003/arcrole/concept-label" xlink:from="OtherInformationAboutShareAcquisitionRightsHeading" xlink:to="label_OtherInformationAboutShareAcquisitionRightsHeading_2" />
    <link:label xlink:type="resource" xlink:label="label_OtherInformationAboutShareAcquisitionRightsTextBlock" xml:lang="ja" xlink:role="http://www.xbrl.org/2003/role/label" id="label_OtherInformationAboutShareAcquisitionRightsTextBlock">その他の新株予約権等の状況</link:label>
    <link:labelArc xlink:type="arc" xlink:arcrole="http://www.xbrl.org/2003/arcrole/concept-label" xlink:from="OtherInformationAboutShareAcquisitionRightsTextBlock" xlink:to="label_OtherInformationAboutShareAcquisitionRightsTextBlock" />
    <link:label xlink:type="resource" xlink:label="label_OtherInformationAboutShareAcquisitionRightsTextBlock_2" xml:lang="ja" xlink:role="http://www.xbrl.org/2003/role/verboseLabel" id="label_OtherInformationAboutShareAcquisitionRightsTextBlock_2">その他の新株予約権等の状況 [テキストブロック]</link:label>
    <link:labelArc xlink:type="arc" xlink:arcrole="http://www.xbrl.org/2003/arcrole/concept-label" xlink:from="OtherInformationAboutShareAcquisitionRightsTextBlock" xlink:to="label_OtherInformationAboutShareAcquisitionRightsTextBlock_2" />
    <link:label xlink:type="resource" xlink:label="label_OverviewOfCorporateGovernanceTextBlock" xml:lang="ja" xlink:role="http://www.xbrl.org/2003/role/label" id="label_OverviewOfCorporateGovernanceTextBlock">コーポレート・ガバナンスの概要</link:label>
    <link:labelArc xlink:type="arc" xlink:arcrole="http://www.xbrl.org/2003/arcrole/concept-label" xlink:from="OverviewOfCorporateGovernanceTextBlock" xlink:to="label_OverviewOfCorporateGovernanceTextBlock" />
    <link:label xlink:type="resource" xlink:label="label_OverviewOfCorporateGovernanceTextBlock_2" xml:lang="ja" xlink:role="http://www.xbrl.org/2003/role/verboseLabel" id="label_OverviewOfCorporateGovernanceTextBlock_2">コーポレート・ガバナンスの概要 [テキストブロック]</link:label>
    <link:labelArc xlink:type="arc" xlink:arcrole="http://www.xbrl.org/2003/arcrole/concept-label" xlink:from="OverviewOfCorporateGovernanceTextBlock" xlink:to="label_OverviewOfCorporateGovernanceTextBlock_2" />
    <link:label xlink:type="resource" xlink:label="label_OutsideDirectorsAndOutsideCorporateAuditorsInformationAboutDirectorsAndOtherOfficersTextBlock" xml:lang="ja" xlink:role="http://www.xbrl.org/2003/role/label" id="label_OutsideDirectorsAndOutsideCorporateAuditorsInformationAboutDirectorsAndOtherOfficersTextBlock">社外取締役（及び社外監査役）</link:label>
    <link:labelArc xlink:type="arc" xlink:arcrole="http://www.xbrl.org/2003/arcrole/concept-label" xlink:from="OutsideDirectorsAndOutsideCorporateAuditorsInformationAboutDirectorsAndOtherOfficersTextBlock" xlink:to="label_OutsideDirectorsAndOutsideCorporateAuditorsInformationAboutDirectorsAndOtherOfficersTextBlock" />
    <link:label xlink:type="resource" xlink:label="label_OutsideDirectorsAndOutsideCorporateAuditorsInformationAboutDirectorsAndOtherOfficersTextBlock_2" xml:lang="ja" xlink:role="http://www.xbrl.org/2003/role/verboseLabel" id="label_OutsideDirectorsAndOutsideCorporateAuditorsInformationAboutDirectorsAndOtherOfficersTextBlock_2">社外取締役（及び社外監査役）、役員の状況 [テキストブロック]</link:label>
    <link:labelArc xlink:type="arc" xlink:arcrole="http://www.xbrl.org/2003/arcrole/concept-label" xlink:from="OutsideDirectorsAndOutsideCorporateAuditorsInformationAboutDirectorsAndOtherOfficersTextBlock" xlink:to="label_OutsideDirectorsAndOutsideCorporateAuditorsInformationAboutDirectorsAndOtherOfficersTextBlock_2" />
    <link:label xlink:type="resource" xlink:label="label_InformationAboutAuditsTextBlock" xml:lang="ja" xlink:role="http://www.xbrl.org/2003/role/label" id="label_InformationAboutAuditsTextBlock">監査の状況</link:label>
    <link:labelArc xlink:type="arc" xlink:arcrole="http://www.xbrl.org/2003/arcrole/concept-label" xlink:from="InformationAboutAuditsTextBlock" xlink:to="label_InformationAboutAuditsTextBlock" />
    <link:label xlink:type="resource" xlink:label="label_InformationAboutAuditsTextBlock_2" xml:lang="ja" xlink:role="http://www.xbrl.org/2003/role/verboseLabel" id="label_InformationAboutAuditsTextBlock_2">監査の状況 [テキストブロック]</link:label>
    <link:labelArc xlink:type="arc" xlink:arcrole="http://www.xbrl.org/2003/arcrole/concept-label" xlink:from="InformationAboutAuditsTextBlock" xlink:to="label_InformationAboutAuditsTextBlock_2" />
    <link:label xlink:type="resource" xlink:label="label_RemunerationForDirectorsAndOtherOfficersTextBlock" xml:lang="ja" xlink:role="http://www.xbrl.org/2003/role/label" id="label_RemunerationForDirectorsAndOtherOfficersTextBlock">役員の報酬等</link:label>
    <link:labelArc xlink:type="arc" xlink:arcrole="http://www.xbrl.org/2003/arcrole/concept-label" xlink:from="RemunerationForDirectorsAndOtherOfficersTextBlock" xlink:to="label_RemunerationForDirectorsAndOtherOfficersTextBlock" />
    <link:label xlink:type="resource" xlink:label="label_RemunerationForDirectorsAndOtherOfficersTextBlock_2" xml:lang="ja" xlink:role="http://www.xbrl.org/2003/role/verboseLabel" id="label_RemunerationForDirectorsAndOtherOfficersTextBlock_2">役員の報酬等 [テキストブロック]</link:label>
    <link:labelArc xlink:type="arc" xlink:arcrole="http://www.xbrl.org/2003/arcrole/concept-label" xlink:from="RemunerationForDirectorsAndOtherOfficersTextBlock" xlink:to="label_RemunerationForDirectorsAndOtherOfficersTextBlock_2" />
    <link:label xlink:type="resource" xlink:label="label_EquitySecuritiesHeldTextBlock" xml:lang="ja" xlink:role="http://www.xbrl.org/2003/role/label" id="label_EquitySecuritiesHeldTextBlock">株式の保有状況</link:label>
    <link:labelArc xlink:type="arc" xlink:arcrole="http://www.xbrl.org/2003/arcrole/concept-label" xlink:from="EquitySecuritiesHeldTextBlock" xlink:to="label_EquitySecuritiesHeldTextBlock" />
    <link:label xlink:type="resource" xlink:label="label_EquitySecuritiesHeldTextBlock_2" xml:lang="ja" xlink:role="http://www.xbrl.org/2003/role/verboseLabel" id="label_EquitySecuritiesHeldTextBlock_2">株式の保有状況 [テキストブロック]</link:label>
    <link:labelArc xlink:type="arc" xlink:arcrole="http://www.xbrl.org/2003/arcrole/concept-label" xlink:from="EquitySecuritiesHeldTextBlock" xlink:to="label_EquitySecuritiesHeldTextBlock_2" />
    <link:label xlink:type="resource" xlink:label="label_OverviewOfCorporateGovernanceHeading" xml:lang="ja" xlink:role="http://www.xbrl.org/2003/role/label" id="label_OverviewOfCorporateGovernanceHeading">コーポレート・ガバナンスの概要</link:label>
    <link:labelArc xlink:type="arc" xlink:arcrole="http://www.xbrl.org/2003/arcrole/concept-label" xlink:from="OverviewOfCorporateGovernanceHeading" xlink:to="label_OverviewOfCorporateGovernanceHeading" />
    <link:label xlink:type="resource" xlink:label="label_OverviewOfCorporateGovernanceHeading_2" xml:lang="ja" xlink:role="http://www.xbrl.org/2003/role/verboseLabel" id="label_OverviewOfCorporateGovernanceHeading_2">コーポレート・ガバナンスの概要 [目次項目]</link:label>
    <link:labelArc xlink:type="arc" xlink:arcrole="http://www.xbrl.org/2003/arcrole/concept-label" xlink:from="OverviewOfCorporateGovernanceHeading" xlink:to="label_OverviewOfCorporateGovernanceHeading_2" />
    <link:label xlink:type="resource" xlink:label="label_EquitySecuritiesHeldHeading" xml:lang="ja" xlink:role="http://www.xbrl.org/2003/role/label" id="label_EquitySecuritiesHeldHeading">株式の保有状況</link:label>
    <link:labelArc xlink:type="arc" xlink:arcrole="http://www.xbrl.org/2003/arcrole/concept-label" xlink:from="EquitySecuritiesHeldHeading" xlink:to="label_EquitySecuritiesHeldHeading" />
    <link:label xlink:type="resource" xlink:label="label_EquitySecuritiesHeldHeading_2" xml:lang="ja" xlink:role="http://www.xbrl.org/2003/role/verboseLabel" id="label_EquitySecuritiesHeldHeading_2">株式の保有状況 [目次項目]</link:label>
    <link:labelArc xlink:type="arc" xlink:arcrole="http://www.xbrl.org/2003/arcrole/concept-label" xlink:from="EquitySecuritiesHeldHeading" xlink:to="label_EquitySecuritiesHeldHeading_2" />
    <link:label xlink:type="resource" xlink:label="label_InformationAboutAuditsHeading" xml:lang="ja" xlink:role="http://www.xbrl.org/2003/role/label" id="label_InformationAboutAuditsHeading">監査の状況</link:label>
    <link:labelArc xlink:type="arc" xlink:arcrole="http://www.xbrl.org/2003/arcrole/concept-label" xlink:from="InformationAboutAuditsHeading" xlink:to="label_InformationAboutAuditsHeading" />
    <link:label xlink:type="resource" xlink:label="label_InformationAboutAuditsHeading_2" xml:lang="ja" xlink:role="http://www.xbrl.org/2003/role/verboseLabel" id="label_InformationAboutAuditsHeading_2">監査の状況 [目次項目]</link:label>
    <link:labelArc xlink:type="arc" xlink:arcrole="http://www.xbrl.org/2003/arcrole/concept-label" xlink:from="InformationAboutAuditsHeading" xlink:to="label_InformationAboutAuditsHeading_2" />
    <link:label xlink:type="resource" xlink:label="label_RemunerationForDirectorsAndOtherOfficersHeading" xml:lang="ja" xlink:role="http://www.xbrl.org/2003/role/label" id="label_RemunerationForDirectorsAndOtherOfficersHeading">役員の報酬等</link:label>
    <link:labelArc xlink:type="arc" xlink:arcrole="http://www.xbrl.org/2003/arcrole/concept-label" xlink:from="RemunerationForDirectorsAndOtherOfficersHeading" xlink:to="label_RemunerationForDirectorsAndOtherOfficersHeading" />
    <link:label xlink:type="resource" xlink:label="label_RemunerationForDirectorsAndOtherOfficersHeading_2" xml:lang="ja" xlink:role="http://www.xbrl.org/2003/role/verboseLabel" id="label_RemunerationForDirectorsAndOtherOfficersHeading_2">役員の報酬等 [目次項目]</link:label>
    <link:labelArc xlink:type="arc" xlink:arcrole="http://www.xbrl.org/2003/arcrole/concept-label" xlink:from="RemunerationForDirectorsAndOtherOfficersHeading" xlink:to="label_RemunerationForDirectorsAndOtherOfficersHeading_2" />
    <link:label xlink:type="resource" xlink:label="label_AccountingPolicyForSignificantDeferredAssetsTextBlock" xml:lang="ja" xlink:role="http://www.xbrl.org/2003/role/label" id="label_AccountingPolicyForSignificantDeferredAssetsTextBlock">重要な繰延資産の処理方法</link:label>
    <link:labelArc xlink:type="arc" xlink:arcrole="http://www.xbrl.org/2003/arcrole/concept-label" xlink:from="AccountingPolicyForSignificantDeferredAssetsTextBlock" xlink:to="label_AccountingPolicyForSignificantDeferredAssetsTextBlock" />
    <link:label xlink:type="resource" xlink:label="label_AccountingPolicyForSignificantDeferredAssetsTextBlock_2" xml:lang="ja" xlink:role="http://www.xbrl.org/2003/role/verboseLabel" id="label_AccountingPolicyForSignificantDeferredAssetsTextBlock_2">重要な繰延資産の処理方法 [テキストブロック]</link:label>
    <link:labelArc xlink:type="arc" xlink:arcrole="http://www.xbrl.org/2003/arcrole/concept-label" xlink:from="AccountingPolicyForSignificantDeferredAssetsTextBlock" xlink:to="label_AccountingPolicyForSignificantDeferredAssetsTextBlock_2" />
    <link:label xlink:type="resource" xlink:label="label_SharesOfSubsidiariesAndAssociates2" xml:lang="ja" xlink:role="http://www.xbrl.org/2003/role/label" id="label_SharesOfSubsidiariesAndAssociates2">関係会社有価証券</link:label>
    <link:labelArc xlink:type="arc" xlink:arcrole="http://www.xbrl.org/2003/arcrole/concept-label" xlink:from="SharesOfSubsidiariesAndAssociates2" xlink:to="label_SharesOfSubsidiariesAndAssociates2" />
    <link:label xlink:type="resource" xlink:label="label_SharesOfSubsidiariesAndAssociates2_2" xml:lang="ja" xlink:role="http://www.xbrl.org/2003/role/verboseLabel" id="label_SharesOfSubsidiariesAndAssociates2_2">関係会社有価証券</link:label>
    <link:labelArc xlink:type="arc" xlink:arcrole="http://www.xbrl.org/2003/arcrole/concept-label" xlink:from="SharesOfSubsidiariesAndAssociates2" xlink:to="label_SharesOfSubsidiariesAndAssociates2_2" />
    <link:label xlink:type="resource" xlink:label="label_New1" xml:lang="ja" xlink:role="http://www.xbrl.org/2003/role/label" id="label_New1">預り敷金</link:label>
    <link:labelArc xlink:type="arc" xlink:arcrole="http://www.xbrl.org/2003/arcrole/concept-label" xlink:from="New1" xlink:to="label_New1" />
    <link:label xlink:type="resource" xlink:label="label_New1_2" xml:lang="ja" xlink:role="http://www.xbrl.org/2003/role/verboseLabel" id="label_New1_2">預り敷金</link:label>
    <link:labelArc xlink:type="arc" xlink:arcrole="http://www.xbrl.org/2003/arcrole/concept-label" xlink:from="New1" xlink:to="label_New1_2" />
  </link:labelLink>
</link:linkbase>