﻿<?xml version="1.0" encoding="utf-8"?>
<!-- Edited with XiRUTE .NET Library 01-08 -->
<link:linkbase xmlns:xlink="http://www.w3.org/1999/xlink" xmlns:xsi="http://www.w3.org/2001/XMLSchema-instance" xmlns:link="http://www.xbrl.org/2003/linkbase">
  <link:roleRef xlink:type="simple" xlink:href="http://disclosure.edinet-fsa.go.jp/taxonomy/jppfs/2019-02-28/jppfs_rt_2019-02-28.xsd#rol_BNKConsolidatedLabel" roleURI="http://disclosure.edinet-fsa.go.jp/jppfs/bnk/Consolidated/role/label" />
  <link:labelLink xlink:type="extended" xlink:role="http://www.xbrl.org/2003/role/link">
    <link:label xml:lang="ja" xlink:type="resource" xlink:label="jpcrp040300-q2r_E03614-000_AmountsLessThanOneMillionYenHaveBeenOmittedTextBlock_label" xlink:role="http://www.xbrl.org/2003/role/label">百万円未満を切り捨てて表示しております。</link:label>
    <link:label xml:lang="ja" xlink:type="resource" xlink:label="jpcrp040300-q2r_E03614-000_AmountsLessThanOneMillionYenHaveBeenOmittedTextBlock_label_1" xlink:role="http://www.xbrl.org/2003/role/verboseLabel">百万円未満を切り捨てて表示しております。[テキストブロック]</link:label>
    <link:label xml:lang="ja" xlink:type="resource" xlink:label="jpcrp040300-q2r_E03614-000_ApplicationOfConsolidatedTaxationSystemTextBlock_label" xlink:role="http://www.xbrl.org/2003/role/label">連結納税制度の適用</link:label>
    <link:label xml:lang="ja" xlink:type="resource" xlink:label="jpcrp040300-q2r_E03614-000_ApplicationOfConsolidatedTaxationSystemTextBlock_label_1" xlink:role="http://www.xbrl.org/2003/role/verboseLabel">連結納税制度の適用 [テキストブロック]</link:label>
    <link:label xml:lang="ja" xlink:type="resource" xlink:label="jpcrp040300-q2r_E03614-000_ConsolidatedGrossProfit_label" xlink:role="http://www.xbrl.org/2003/role/label">連結粗利益</link:label>
    <link:label xml:lang="ja" xlink:type="resource" xlink:label="jpcrp040300-q2r_E03614-000_ConsolidatedGrossProfit_label_1" xlink:role="http://www.xbrl.org/2003/role/verboseLabel">連結粗利益</link:label>
    <link:label xml:lang="ja" xlink:type="resource" xlink:label="jpcrp040300-q2r_E03614-000_ConsolidatedNetBusinessProfit_label" xlink:role="http://www.xbrl.org/2003/role/label">連結業務純益</link:label>
    <link:label xml:lang="ja" xlink:type="resource" xlink:label="jpcrp040300-q2r_E03614-000_ConsolidatedNetBusinessProfit_label_1" xlink:role="http://www.xbrl.org/2003/role/verboseLabel">連結業務純益</link:label>
    <link:label xml:lang="ja" xlink:type="resource" xlink:label="jpcrp040300-q2r_E03614-000_DecreaseDueToDecreaseInSubsidiaries_label" xlink:role="http://www.xbrl.org/2003/role/label">連結子会社の減少に伴う減少</link:label>
    <link:label xml:lang="ja" xlink:type="resource" xlink:label="jpcrp040300-q2r_E03614-000_DecreaseDueToDecreaseInSubsidiaries_label_1" xlink:role="http://www.xbrl.org/2003/role/verboseLabel">連結子会社の減少に伴う減少</link:label>
    <link:label xml:lang="ja" xlink:type="resource" xlink:label="jpcrp040300-q2r_E03614-000_DecreaseDueToIncreaseInConsolidatedSubsidiaries_label" xlink:role="http://www.xbrl.org/2003/role/label">連結子会社の増加に伴う減少</link:label>
    <link:label xml:lang="ja" xlink:type="resource" xlink:label="jpcrp040300-q2r_E03614-000_DecreaseDueToIncreaseInConsolidatedSubsidiaries_label_1" xlink:role="http://www.xbrl.org/2003/role/verboseLabel">連結子会社の増加に伴う減少</link:label>
    <link:label xml:lang="ja" xlink:type="resource" xlink:label="jpcrp040300-q2r_E03614-000_Expenses_label" xlink:role="http://www.xbrl.org/2003/role/label">経費</link:label>
    <link:label xml:lang="ja" xlink:type="resource" xlink:label="jpcrp040300-q2r_E03614-000_Expenses_label_1" xlink:role="http://www.xbrl.org/2003/role/verboseLabel">経費</link:label>
    <link:label xml:lang="ja" xlink:type="resource" xlink:label="jpcrp040300-q2r_E03614-000_GlobalMarketsBusinessUnitReportableSegmentMember_label" xlink:role="http://www.xbrl.org/2003/role/label">市場事業部門</link:label>
    <link:label xml:lang="ja" xlink:type="resource" xlink:label="jpcrp040300-q2r_E03614-000_GlobalMarketsBusinessUnitReportableSegmentMember_label_1" xlink:role="http://www.xbrl.org/2003/role/verboseLabel">市場事業部門、報告セグメント [メンバー]</link:label>
    <link:label xml:lang="ja" xlink:type="resource" xlink:label="jpcrp040300-q2r_E03614-000_HeadOfficeAccountsEtcReportableSegmentMember_label" xlink:role="http://www.xbrl.org/2003/role/label">本社管理等</link:label>
    <link:label xml:lang="ja" xlink:type="resource" xlink:label="jpcrp040300-q2r_E03614-000_HeadOfficeAccountsEtcReportableSegmentMember_label_1" xlink:role="http://www.xbrl.org/2003/role/verboseLabel">本社管理等、報告セグメント [メンバー]</link:label>
    <link:label xml:lang="ja" xlink:type="resource" xlink:label="jpcrp040300-q2r_E03614-000_IncreaseDecreaseForRetirementBenefitsAssetLiabilityOpeCF_label" xlink:role="http://www.xbrl.org/2003/role/label">退職給付に係る資産負債の増減額</link:label>
    <link:label xml:lang="ja" xlink:type="resource" xlink:label="jpcrp040300-q2r_E03614-000_IncreaseDecreaseForRetirementBenefitsAssetLiabilityOpeCF_label_1" xlink:role="http://www.xbrl.org/2003/role/verboseLabel">退職給付に係る資産負債の増減額、営業活動によるキャッシュ・フロー</link:label>
    <link:label xml:lang="ja" xlink:type="resource" xlink:label="jpcrp040300-q2r_E03614-000_IncreaseDueToDecreaseInConsolidatedSubsidiaries_label" xlink:role="http://www.xbrl.org/2003/role/label">連結子会社の減少に伴う増加</link:label>
    <link:label xml:lang="ja" xlink:type="resource" xlink:label="jpcrp040300-q2r_E03614-000_IncreaseDueToDecreaseInConsolidatedSubsidiaries_label_1" xlink:role="http://www.xbrl.org/2003/role/verboseLabel">連結子会社の減少に伴う増加</link:label>
    <link:label xml:lang="ja" xlink:type="resource" xlink:label="jpcrp040300-q2r_E03614-000_IncreaseDueToIncreaseInConsolidatedSubsidiaries_label" xlink:role="http://www.xbrl.org/2003/role/label">連結子会社の増加に伴う増加</link:label>
    <link:label xml:lang="ja" xlink:type="resource" xlink:label="jpcrp040300-q2r_E03614-000_IncreaseDueToIncreaseInConsolidatedSubsidiaries_label_1" xlink:role="http://www.xbrl.org/2003/role/verboseLabel">連結子会社の増加に伴う増加</link:label>
    <link:label xml:lang="ja" xlink:type="resource" xlink:label="jpcrp040300-q2r_E03614-000_InterestOnBondsCOSExpOA_label_1" xlink:role="http://www.xbrl.org/2003/role/label">社債利息</link:label>
    <link:label xml:lang="ja" xlink:type="resource" xlink:label="jpcrp040300-q2r_E03614-000_InterestOnBondsCOSExpOA_label_2" xlink:role="http://www.xbrl.org/2003/role/verboseLabel">社債利息、営業費用</link:label>
    <link:label xml:lang="ja" xlink:type="resource" xlink:label="jpcrp040300-q2r_E03614-000_InterestOnBondsCOSExpOA_label" xlink:role="http://www.xbrl.org/2003/role/documentation">社債利息、営業費用</link:label>
    <link:label xml:lang="ja" xlink:type="resource" xlink:label="jpcrp040300-q2r_E03614-000_InterestOnLongTermLoansCOSExpOA_label" xlink:role="http://www.xbrl.org/2003/role/label">長期借入金利息</link:label>
    <link:label xml:lang="ja" xlink:type="resource" xlink:label="jpcrp040300-q2r_E03614-000_InterestOnLongTermLoansCOSExpOA_label_1" xlink:role="http://www.xbrl.org/2003/role/verboseLabel">長期借入金利息、営業費用</link:label>
    <link:label xml:lang="ja" xlink:type="resource" xlink:label="jpcrp040300-q2r_E03614-000_InternationalBusinessUnitReportableSegmentMember_label" xlink:role="http://www.xbrl.org/2003/role/label">国際事業部門</link:label>
    <link:label xml:lang="ja" xlink:type="resource" xlink:label="jpcrp040300-q2r_E03614-000_InternationalBusinessUnitReportableSegmentMember_label_1" xlink:role="http://www.xbrl.org/2003/role/verboseLabel">国際事業部門、報告セグメント [メンバー]</link:label>
    <link:label xml:lang="ja" xlink:type="resource" xlink:label="jpcrp040300-q2r_E03614-000_MajorComponentsOfExpensesInGeneralAndAdministrativeExpensesTextBlock_label" xlink:role="http://www.xbrl.org/2003/role/label">営業経費の主要な内訳</link:label>
    <link:label xml:lang="ja" xlink:type="resource" xlink:label="jpcrp040300-q2r_E03614-000_MajorComponentsOfExpensesInGeneralAndAdministrativeExpensesTextBlock_label_1" xlink:role="http://www.xbrl.org/2003/role/verboseLabel">営業経費の主要な内訳 [テキストブロック]</link:label>
    <link:label xml:lang="ja" xlink:type="resource" xlink:label="jpcrp040300-q2r_E03614-000_NetChangeInReserveForReimbursementOfDepositsOpeCF_label" xlink:role="http://www.xbrl.org/2003/role/label">睡眠預金払戻損失引当金の増減額（△は減少）</link:label>
    <link:label xml:lang="ja" xlink:type="resource" xlink:label="jpcrp040300-q2r_E03614-000_NetChangeInReserveForReimbursementOfDepositsOpeCF_label_1" xlink:role="http://www.xbrl.org/2003/role/verboseLabel">睡眠預金払戻損失引当金の増減額（△は減少）、営業活動によるキャッシュ・フロー</link:label>
    <link:label xml:lang="ja" xlink:type="resource" xlink:label="jpcrp040300-q2r_E03614-000_NotesRegardingSubordinatedLongTermLoansTextBlock_label" xlink:role="http://www.xbrl.org/2003/role/label">劣後特約付貸付金に関する注記</link:label>
    <link:label xml:lang="ja" xlink:type="resource" xlink:label="jpcrp040300-q2r_E03614-000_NotesRegardingSubordinatedLongTermLoansTextBlock_label_1" xlink:role="http://www.xbrl.org/2003/role/verboseLabel">劣後特約付貸付金に関する注記[テキストブロック]</link:label>
    <link:label xml:lang="ja" xlink:type="resource" xlink:label="jpcrp040300-q2r_E03614-000_Others_label" xlink:role="http://www.xbrl.org/2003/role/label">その他</link:label>
    <link:label xml:lang="ja" xlink:type="resource" xlink:label="jpcrp040300-q2r_E03614-000_Others_label_1" xlink:role="http://www.xbrl.org/2003/role/verboseLabel">その他</link:label>
    <link:label xml:lang="ja" xlink:type="resource" xlink:label="jpcrp040300-q2r_E03614-000_RetailBusinessUnitReportableSegmentMember_label" xlink:role="http://www.xbrl.org/2003/role/label">リテール事業部門</link:label>
    <link:label xml:lang="ja" xlink:type="resource" xlink:label="jpcrp040300-q2r_E03614-000_RetailBusinessUnitReportableSegmentMember_label_1" xlink:role="http://www.xbrl.org/2003/role/verboseLabel">リテール事業部門、報告セグメント [メンバー]</link:label>
    <link:label xml:lang="ja" xlink:type="resource" xlink:label="jpcrp040300-q2r_E03614-000_SummaryOfBusinessResultsTextBlock_label" xlink:role="http://www.xbrl.org/2003/role/label">主要な経営指標等の推移</link:label>
    <link:label xml:lang="ja" xlink:type="resource" xlink:label="jpcrp040300-q2r_E03614-000_SummaryOfBusinessResultsTextBlock_label_1" xlink:role="http://www.xbrl.org/2003/role/verboseLabel">主要な経営指標等の推移 [テキストブロック]</link:label>
    <link:label xml:lang="ja" xlink:type="resource" xlink:label="jpcrp040300-q2r_E03614-000_WholesaleBusinessUnitReportableSegmentMember_label" xlink:role="http://www.xbrl.org/2003/role/label">ホールセール事業部門</link:label>
    <link:label xml:lang="ja" xlink:type="resource" xlink:label="jpcrp040300-q2r_E03614-000_WholesaleBusinessUnitReportableSegmentMember_label_1" xlink:role="http://www.xbrl.org/2003/role/verboseLabel">ホールセール事業部門、報告セグメント [メンバー]</link:label>
    <link:label xml:lang="ja" xlink:type="resource" xlink:label="jppfs_cor_LossGainOnMoneyHeldInTrustOpeCFBNK_label" xlink:role="http://disclosure.edinet-fsa.go.jp/jppfs/bnk/Consolidated/role/label">金銭の信託の運用損益（△は益）</link:label>
    <link:loc xlink:type="locator" xlink:href="http://disclosure.edinet-fsa.go.jp/taxonomy/jppfs/2019-02-28/jppfs_cor_2019-02-28.xsd#jppfs_cor_LossGainOnMoneyHeldInTrustOpeCFBNK" xlink:label="jppfs_cor_LossGainOnMoneyHeldInTrustOpeCFBNK" />
    <link:loc xlink:type="locator" xlink:href="jpcrp040300-q2r-001_E03614-000_2019-09-30_01_2019-11-29.xsd#jpcrp040300-q2r_E03614-000_AmountsLessThanOneMillionYenHaveBeenOmittedTextBlock" xlink:label="jpcrp040300-q2r_E03614-000_AmountsLessThanOneMillionYenHaveBeenOmittedTextBlock" />
    <link:loc xlink:type="locator" xlink:href="jpcrp040300-q2r-001_E03614-000_2019-09-30_01_2019-11-29.xsd#jpcrp040300-q2r_E03614-000_ApplicationOfConsolidatedTaxationSystemTextBlock" xlink:label="jpcrp040300-q2r_E03614-000_ApplicationOfConsolidatedTaxationSystemTextBlock" />
    <link:loc xlink:type="locator" xlink:href="jpcrp040300-q2r-001_E03614-000_2019-09-30_01_2019-11-29.xsd#jpcrp040300-q2r_E03614-000_ConsolidatedGrossProfit" xlink:label="jpcrp040300-q2r_E03614-000_ConsolidatedGrossProfit" />
    <link:loc xlink:type="locator" xlink:href="jpcrp040300-q2r-001_E03614-000_2019-09-30_01_2019-11-29.xsd#jpcrp040300-q2r_E03614-000_ConsolidatedNetBusinessProfit" xlink:label="jpcrp040300-q2r_E03614-000_ConsolidatedNetBusinessProfit" />
    <link:loc xlink:type="locator" xlink:href="jpcrp040300-q2r-001_E03614-000_2019-09-30_01_2019-11-29.xsd#jpcrp040300-q2r_E03614-000_DecreaseDueToDecreaseInSubsidiaries" xlink:label="jpcrp040300-q2r_E03614-000_DecreaseDueToDecreaseInSubsidiaries" />
    <link:loc xlink:type="locator" xlink:href="jpcrp040300-q2r-001_E03614-000_2019-09-30_01_2019-11-29.xsd#jpcrp040300-q2r_E03614-000_DecreaseDueToIncreaseInConsolidatedSubsidiaries" xlink:label="jpcrp040300-q2r_E03614-000_DecreaseDueToIncreaseInConsolidatedSubsidiaries" />
    <link:loc xlink:type="locator" xlink:href="jpcrp040300-q2r-001_E03614-000_2019-09-30_01_2019-11-29.xsd#jpcrp040300-q2r_E03614-000_Expenses" xlink:label="jpcrp040300-q2r_E03614-000_Expenses" />
    <link:loc xlink:type="locator" xlink:href="jpcrp040300-q2r-001_E03614-000_2019-09-30_01_2019-11-29.xsd#jpcrp040300-q2r_E03614-000_GlobalMarketsBusinessUnitReportableSegmentMember" xlink:label="jpcrp040300-q2r_E03614-000_GlobalMarketsBusinessUnitReportableSegmentMember" />
    <link:loc xlink:type="locator" xlink:href="jpcrp040300-q2r-001_E03614-000_2019-09-30_01_2019-11-29.xsd#jpcrp040300-q2r_E03614-000_HeadOfficeAccountsEtcReportableSegmentMember" xlink:label="jpcrp040300-q2r_E03614-000_HeadOfficeAccountsEtcReportableSegmentMember" />
    <link:loc xlink:type="locator" xlink:href="jpcrp040300-q2r-001_E03614-000_2019-09-30_01_2019-11-29.xsd#jpcrp040300-q2r_E03614-000_IncreaseDecreaseForRetirementBenefitsAssetLiabilityOpeCF" xlink:label="jpcrp040300-q2r_E03614-000_IncreaseDecreaseForRetirementBenefitsAssetLiabilityOpeCF" />
    <link:loc xlink:type="locator" xlink:href="jpcrp040300-q2r-001_E03614-000_2019-09-30_01_2019-11-29.xsd#jpcrp040300-q2r_E03614-000_IncreaseDueToDecreaseInConsolidatedSubsidiaries" xlink:label="jpcrp040300-q2r_E03614-000_IncreaseDueToDecreaseInConsolidatedSubsidiaries" />
    <link:loc xlink:type="locator" xlink:href="jpcrp040300-q2r-001_E03614-000_2019-09-30_01_2019-11-29.xsd#jpcrp040300-q2r_E03614-000_IncreaseDueToIncreaseInConsolidatedSubsidiaries" xlink:label="jpcrp040300-q2r_E03614-000_IncreaseDueToIncreaseInConsolidatedSubsidiaries" />
    <link:loc xlink:type="locator" xlink:href="jpcrp040300-q2r-001_E03614-000_2019-09-30_01_2019-11-29.xsd#jpcrp040300-q2r_E03614-000_InterestOnBondsCOSExpOA" xlink:label="jpcrp040300-q2r_E03614-000_InterestOnBondsCOSExpOA" />
    <link:loc xlink:type="locator" xlink:href="jpcrp040300-q2r-001_E03614-000_2019-09-30_01_2019-11-29.xsd#jpcrp040300-q2r_E03614-000_InterestOnLongTermLoansCOSExpOA" xlink:label="jpcrp040300-q2r_E03614-000_InterestOnLongTermLoansCOSExpOA" />
    <link:loc xlink:type="locator" xlink:href="jpcrp040300-q2r-001_E03614-000_2019-09-30_01_2019-11-29.xsd#jpcrp040300-q2r_E03614-000_InternationalBusinessUnitReportableSegmentMember" xlink:label="jpcrp040300-q2r_E03614-000_InternationalBusinessUnitReportableSegmentMember" />
    <link:loc xlink:type="locator" xlink:href="jpcrp040300-q2r-001_E03614-000_2019-09-30_01_2019-11-29.xsd#jpcrp040300-q2r_E03614-000_MajorComponentsOfExpensesInGeneralAndAdministrativeExpensesTextBlock" xlink:label="jpcrp040300-q2r_E03614-000_MajorComponentsOfExpensesInGeneralAndAdministrativeExpensesTextBlock" />
    <link:loc xlink:type="locator" xlink:href="jpcrp040300-q2r-001_E03614-000_2019-09-30_01_2019-11-29.xsd#jpcrp040300-q2r_E03614-000_NetChangeInReserveForReimbursementOfDepositsOpeCF" xlink:label="jpcrp040300-q2r_E03614-000_NetChangeInReserveForReimbursementOfDepositsOpeCF" />
    <link:loc xlink:type="locator" xlink:href="jpcrp040300-q2r-001_E03614-000_2019-09-30_01_2019-11-29.xsd#jpcrp040300-q2r_E03614-000_NotesRegardingSubordinatedLongTermLoansTextBlock" xlink:label="jpcrp040300-q2r_E03614-000_NotesRegardingSubordinatedLongTermLoansTextBlock" />
    <link:loc xlink:type="locator" xlink:href="jpcrp040300-q2r-001_E03614-000_2019-09-30_01_2019-11-29.xsd#jpcrp040300-q2r_E03614-000_Others" xlink:label="jpcrp040300-q2r_E03614-000_Others" />
    <link:loc xlink:type="locator" xlink:href="jpcrp040300-q2r-001_E03614-000_2019-09-30_01_2019-11-29.xsd#jpcrp040300-q2r_E03614-000_RetailBusinessUnitReportableSegmentMember" xlink:label="jpcrp040300-q2r_E03614-000_RetailBusinessUnitReportableSegmentMember" />
    <link:loc xlink:type="locator" xlink:href="jpcrp040300-q2r-001_E03614-000_2019-09-30_01_2019-11-29.xsd#jpcrp040300-q2r_E03614-000_SummaryOfBusinessResultsTextBlock" xlink:label="jpcrp040300-q2r_E03614-000_SummaryOfBusinessResultsTextBlock" />
    <link:loc xlink:type="locator" xlink:href="jpcrp040300-q2r-001_E03614-000_2019-09-30_01_2019-11-29.xsd#jpcrp040300-q2r_E03614-000_WholesaleBusinessUnitReportableSegmentMember" xlink:label="jpcrp040300-q2r_E03614-000_WholesaleBusinessUnitReportableSegmentMember" />
    <link:labelArc xlink:type="arc" xlink:from="jpcrp040300-q2r_E03614-000_AmountsLessThanOneMillionYenHaveBeenOmittedTextBlock" xlink:to="jpcrp040300-q2r_E03614-000_AmountsLessThanOneMillionYenHaveBeenOmittedTextBlock_label_1" xlink:arcrole="http://www.xbrl.org/2003/arcrole/concept-label" order="1" />
    <link:labelArc xlink:type="arc" xlink:from="jpcrp040300-q2r_E03614-000_AmountsLessThanOneMillionYenHaveBeenOmittedTextBlock" xlink:to="jpcrp040300-q2r_E03614-000_AmountsLessThanOneMillionYenHaveBeenOmittedTextBlock_label" xlink:arcrole="http://www.xbrl.org/2003/arcrole/concept-label" order="1" />
    <link:labelArc xlink:type="arc" xlink:from="jpcrp040300-q2r_E03614-000_ApplicationOfConsolidatedTaxationSystemTextBlock" xlink:to="jpcrp040300-q2r_E03614-000_ApplicationOfConsolidatedTaxationSystemTextBlock_label_1" xlink:arcrole="http://www.xbrl.org/2003/arcrole/concept-label" order="1" />
    <link:labelArc xlink:type="arc" xlink:from="jpcrp040300-q2r_E03614-000_ApplicationOfConsolidatedTaxationSystemTextBlock" xlink:to="jpcrp040300-q2r_E03614-000_ApplicationOfConsolidatedTaxationSystemTextBlock_label" xlink:arcrole="http://www.xbrl.org/2003/arcrole/concept-label" order="1" />
    <link:labelArc xlink:type="arc" xlink:from="jpcrp040300-q2r_E03614-000_ConsolidatedGrossProfit" xlink:to="jpcrp040300-q2r_E03614-000_ConsolidatedGrossProfit_label_1" xlink:arcrole="http://www.xbrl.org/2003/arcrole/concept-label" order="1" />
    <link:labelArc xlink:type="arc" xlink:from="jpcrp040300-q2r_E03614-000_ConsolidatedGrossProfit" xlink:to="jpcrp040300-q2r_E03614-000_ConsolidatedGrossProfit_label" xlink:arcrole="http://www.xbrl.org/2003/arcrole/concept-label" order="1" />
    <link:labelArc xlink:type="arc" xlink:from="jpcrp040300-q2r_E03614-000_ConsolidatedNetBusinessProfit" xlink:to="jpcrp040300-q2r_E03614-000_ConsolidatedNetBusinessProfit_label_1" xlink:arcrole="http://www.xbrl.org/2003/arcrole/concept-label" order="1" />
    <link:labelArc xlink:type="arc" xlink:from="jpcrp040300-q2r_E03614-000_ConsolidatedNetBusinessProfit" xlink:to="jpcrp040300-q2r_E03614-000_ConsolidatedNetBusinessProfit_label" xlink:arcrole="http://www.xbrl.org/2003/arcrole/concept-label" order="1" />
    <link:labelArc xlink:type="arc" xlink:from="jpcrp040300-q2r_E03614-000_DecreaseDueToDecreaseInSubsidiaries" xlink:to="jpcrp040300-q2r_E03614-000_DecreaseDueToDecreaseInSubsidiaries_label_1" xlink:arcrole="http://www.xbrl.org/2003/arcrole/concept-label" order="1" />
    <link:labelArc xlink:type="arc" xlink:from="jpcrp040300-q2r_E03614-000_DecreaseDueToDecreaseInSubsidiaries" xlink:to="jpcrp040300-q2r_E03614-000_DecreaseDueToDecreaseInSubsidiaries_label" xlink:arcrole="http://www.xbrl.org/2003/arcrole/concept-label" order="1" />
    <link:labelArc xlink:type="arc" xlink:from="jpcrp040300-q2r_E03614-000_DecreaseDueToIncreaseInConsolidatedSubsidiaries" xlink:to="jpcrp040300-q2r_E03614-000_DecreaseDueToIncreaseInConsolidatedSubsidiaries_label_1" xlink:arcrole="http://www.xbrl.org/2003/arcrole/concept-label" order="1" />
    <link:labelArc xlink:type="arc" xlink:from="jpcrp040300-q2r_E03614-000_DecreaseDueToIncreaseInConsolidatedSubsidiaries" xlink:to="jpcrp040300-q2r_E03614-000_DecreaseDueToIncreaseInConsolidatedSubsidiaries_label" xlink:arcrole="http://www.xbrl.org/2003/arcrole/concept-label" order="1" />
    <link:labelArc xlink:type="arc" xlink:from="jpcrp040300-q2r_E03614-000_Expenses" xlink:to="jpcrp040300-q2r_E03614-000_Expenses_label_1" xlink:arcrole="http://www.xbrl.org/2003/arcrole/concept-label" order="1" />
    <link:labelArc xlink:type="arc" xlink:from="jpcrp040300-q2r_E03614-000_Expenses" xlink:to="jpcrp040300-q2r_E03614-000_Expenses_label" xlink:arcrole="http://www.xbrl.org/2003/arcrole/concept-label" order="1" />
    <link:labelArc xlink:type="arc" xlink:from="jpcrp040300-q2r_E03614-000_GlobalMarketsBusinessUnitReportableSegmentMember" xlink:to="jpcrp040300-q2r_E03614-000_GlobalMarketsBusinessUnitReportableSegmentMember_label_1" xlink:arcrole="http://www.xbrl.org/2003/arcrole/concept-label" order="1" />
    <link:labelArc xlink:type="arc" xlink:from="jpcrp040300-q2r_E03614-000_GlobalMarketsBusinessUnitReportableSegmentMember" xlink:to="jpcrp040300-q2r_E03614-000_GlobalMarketsBusinessUnitReportableSegmentMember_label" xlink:arcrole="http://www.xbrl.org/2003/arcrole/concept-label" order="1" />
    <link:labelArc xlink:type="arc" xlink:from="jpcrp040300-q2r_E03614-000_HeadOfficeAccountsEtcReportableSegmentMember" xlink:to="jpcrp040300-q2r_E03614-000_HeadOfficeAccountsEtcReportableSegmentMember_label_1" xlink:arcrole="http://www.xbrl.org/2003/arcrole/concept-label" order="1" />
    <link:labelArc xlink:type="arc" xlink:from="jpcrp040300-q2r_E03614-000_HeadOfficeAccountsEtcReportableSegmentMember" xlink:to="jpcrp040300-q2r_E03614-000_HeadOfficeAccountsEtcReportableSegmentMember_label" xlink:arcrole="http://www.xbrl.org/2003/arcrole/concept-label" order="1" />
    <link:labelArc xlink:type="arc" xlink:from="jpcrp040300-q2r_E03614-000_IncreaseDecreaseForRetirementBenefitsAssetLiabilityOpeCF" xlink:to="jpcrp040300-q2r_E03614-000_IncreaseDecreaseForRetirementBenefitsAssetLiabilityOpeCF_label_1" xlink:arcrole="http://www.xbrl.org/2003/arcrole/concept-label" order="1" />
    <link:labelArc xlink:type="arc" xlink:from="jpcrp040300-q2r_E03614-000_IncreaseDecreaseForRetirementBenefitsAssetLiabilityOpeCF" xlink:to="jpcrp040300-q2r_E03614-000_IncreaseDecreaseForRetirementBenefitsAssetLiabilityOpeCF_label" xlink:arcrole="http://www.xbrl.org/2003/arcrole/concept-label" order="1" />
    <link:labelArc xlink:type="arc" xlink:from="jpcrp040300-q2r_E03614-000_IncreaseDueToDecreaseInConsolidatedSubsidiaries" xlink:to="jpcrp040300-q2r_E03614-000_IncreaseDueToDecreaseInConsolidatedSubsidiaries_label_1" xlink:arcrole="http://www.xbrl.org/2003/arcrole/concept-label" order="1" />
    <link:labelArc xlink:type="arc" xlink:from="jpcrp040300-q2r_E03614-000_IncreaseDueToDecreaseInConsolidatedSubsidiaries" xlink:to="jpcrp040300-q2r_E03614-000_IncreaseDueToDecreaseInConsolidatedSubsidiaries_label" xlink:arcrole="http://www.xbrl.org/2003/arcrole/concept-label" order="1" />
    <link:labelArc xlink:type="arc" xlink:from="jpcrp040300-q2r_E03614-000_IncreaseDueToIncreaseInConsolidatedSubsidiaries" xlink:to="jpcrp040300-q2r_E03614-000_IncreaseDueToIncreaseInConsolidatedSubsidiaries_label_1" xlink:arcrole="http://www.xbrl.org/2003/arcrole/concept-label" order="1" />
    <link:labelArc xlink:type="arc" xlink:from="jpcrp040300-q2r_E03614-000_IncreaseDueToIncreaseInConsolidatedSubsidiaries" xlink:to="jpcrp040300-q2r_E03614-000_IncreaseDueToIncreaseInConsolidatedSubsidiaries_label" xlink:arcrole="http://www.xbrl.org/2003/arcrole/concept-label" order="1" />
    <link:labelArc xlink:type="arc" xlink:from="jpcrp040300-q2r_E03614-000_InterestOnBondsCOSExpOA" xlink:to="jpcrp040300-q2r_E03614-000_InterestOnBondsCOSExpOA_label_2" xlink:arcrole="http://www.xbrl.org/2003/arcrole/concept-label" order="1" />
    <link:labelArc xlink:type="arc" xlink:from="jpcrp040300-q2r_E03614-000_InterestOnBondsCOSExpOA" xlink:to="jpcrp040300-q2r_E03614-000_InterestOnBondsCOSExpOA_label_1" xlink:arcrole="http://www.xbrl.org/2003/arcrole/concept-label" order="1" />
    <link:labelArc xlink:type="arc" xlink:from="jpcrp040300-q2r_E03614-000_InterestOnBondsCOSExpOA" xlink:to="jpcrp040300-q2r_E03614-000_InterestOnBondsCOSExpOA_label" xlink:arcrole="http://www.xbrl.org/2003/arcrole/concept-label" order="1" />
    <link:labelArc xlink:type="arc" xlink:from="jpcrp040300-q2r_E03614-000_InterestOnLongTermLoansCOSExpOA" xlink:to="jpcrp040300-q2r_E03614-000_InterestOnLongTermLoansCOSExpOA_label_1" xlink:arcrole="http://www.xbrl.org/2003/arcrole/concept-label" order="1" />
    <link:labelArc xlink:type="arc" xlink:from="jpcrp040300-q2r_E03614-000_InterestOnLongTermLoansCOSExpOA" xlink:to="jpcrp040300-q2r_E03614-000_InterestOnLongTermLoansCOSExpOA_label" xlink:arcrole="http://www.xbrl.org/2003/arcrole/concept-label" order="1" />
    <link:labelArc xlink:type="arc" xlink:from="jpcrp040300-q2r_E03614-000_InternationalBusinessUnitReportableSegmentMember" xlink:to="jpcrp040300-q2r_E03614-000_InternationalBusinessUnitReportableSegmentMember_label_1" xlink:arcrole="http://www.xbrl.org/2003/arcrole/concept-label" order="1" />
    <link:labelArc xlink:type="arc" xlink:from="jpcrp040300-q2r_E03614-000_InternationalBusinessUnitReportableSegmentMember" xlink:to="jpcrp040300-q2r_E03614-000_InternationalBusinessUnitReportableSegmentMember_label" xlink:arcrole="http://www.xbrl.org/2003/arcrole/concept-label" order="1" />
    <link:labelArc xlink:type="arc" xlink:from="jpcrp040300-q2r_E03614-000_MajorComponentsOfExpensesInGeneralAndAdministrativeExpensesTextBlock" xlink:to="jpcrp040300-q2r_E03614-000_MajorComponentsOfExpensesInGeneralAndAdministrativeExpensesTextBlock_label_1" xlink:arcrole="http://www.xbrl.org/2003/arcrole/concept-label" order="1" />
    <link:labelArc xlink:type="arc" xlink:from="jpcrp040300-q2r_E03614-000_MajorComponentsOfExpensesInGeneralAndAdministrativeExpensesTextBlock" xlink:to="jpcrp040300-q2r_E03614-000_MajorComponentsOfExpensesInGeneralAndAdministrativeExpensesTextBlock_label" xlink:arcrole="http://www.xbrl.org/2003/arcrole/concept-label" order="1" />
    <link:labelArc xlink:type="arc" xlink:from="jpcrp040300-q2r_E03614-000_NetChangeInReserveForReimbursementOfDepositsOpeCF" xlink:to="jpcrp040300-q2r_E03614-000_NetChangeInReserveForReimbursementOfDepositsOpeCF_label_1" xlink:arcrole="http://www.xbrl.org/2003/arcrole/concept-label" order="1" />
    <link:labelArc xlink:type="arc" xlink:from="jpcrp040300-q2r_E03614-000_NetChangeInReserveForReimbursementOfDepositsOpeCF" xlink:to="jpcrp040300-q2r_E03614-000_NetChangeInReserveForReimbursementOfDepositsOpeCF_label" xlink:arcrole="http://www.xbrl.org/2003/arcrole/concept-label" order="1" />
    <link:labelArc xlink:type="arc" xlink:from="jpcrp040300-q2r_E03614-000_NotesRegardingSubordinatedLongTermLoansTextBlock" xlink:to="jpcrp040300-q2r_E03614-000_NotesRegardingSubordinatedLongTermLoansTextBlock_label_1" xlink:arcrole="http://www.xbrl.org/2003/arcrole/concept-label" order="1" />
    <link:labelArc xlink:type="arc" xlink:from="jpcrp040300-q2r_E03614-000_NotesRegardingSubordinatedLongTermLoansTextBlock" xlink:to="jpcrp040300-q2r_E03614-000_NotesRegardingSubordinatedLongTermLoansTextBlock_label" xlink:arcrole="http://www.xbrl.org/2003/arcrole/concept-label" order="1" />
    <link:labelArc xlink:type="arc" xlink:from="jpcrp040300-q2r_E03614-000_Others" xlink:to="jpcrp040300-q2r_E03614-000_Others_label_1" xlink:arcrole="http://www.xbrl.org/2003/arcrole/concept-label" order="1" />
    <link:labelArc xlink:type="arc" xlink:from="jpcrp040300-q2r_E03614-000_Others" xlink:to="jpcrp040300-q2r_E03614-000_Others_label" xlink:arcrole="http://www.xbrl.org/2003/arcrole/concept-label" order="1" />
    <link:labelArc xlink:type="arc" xlink:from="jpcrp040300-q2r_E03614-000_RetailBusinessUnitReportableSegmentMember" xlink:to="jpcrp040300-q2r_E03614-000_RetailBusinessUnitReportableSegmentMember_label_1" xlink:arcrole="http://www.xbrl.org/2003/arcrole/concept-label" order="1" />
    <link:labelArc xlink:type="arc" xlink:from="jpcrp040300-q2r_E03614-000_RetailBusinessUnitReportableSegmentMember" xlink:to="jpcrp040300-q2r_E03614-000_RetailBusinessUnitReportableSegmentMember_label" xlink:arcrole="http://www.xbrl.org/2003/arcrole/concept-label" order="1" />
    <link:labelArc xlink:type="arc" xlink:from="jpcrp040300-q2r_E03614-000_SummaryOfBusinessResultsTextBlock" xlink:to="jpcrp040300-q2r_E03614-000_SummaryOfBusinessResultsTextBlock_label_1" xlink:arcrole="http://www.xbrl.org/2003/arcrole/concept-label" order="1" />
    <link:labelArc xlink:type="arc" xlink:from="jpcrp040300-q2r_E03614-000_SummaryOfBusinessResultsTextBlock" xlink:to="jpcrp040300-q2r_E03614-000_SummaryOfBusinessResultsTextBlock_label" xlink:arcrole="http://www.xbrl.org/2003/arcrole/concept-label" order="1" />
    <link:labelArc xlink:type="arc" xlink:from="jpcrp040300-q2r_E03614-000_WholesaleBusinessUnitReportableSegmentMember" xlink:to="jpcrp040300-q2r_E03614-000_WholesaleBusinessUnitReportableSegmentMember_label_1" xlink:arcrole="http://www.xbrl.org/2003/arcrole/concept-label" order="1" />
    <link:labelArc xlink:type="arc" xlink:from="jpcrp040300-q2r_E03614-000_WholesaleBusinessUnitReportableSegmentMember" xlink:to="jpcrp040300-q2r_E03614-000_WholesaleBusinessUnitReportableSegmentMember_label" xlink:arcrole="http://www.xbrl.org/2003/arcrole/concept-label" order="1" />
    <link:labelArc xlink:type="arc" xlink:from="jppfs_cor_LossGainOnMoneyHeldInTrustOpeCFBNK" xlink:to="jppfs_cor_LossGainOnMoneyHeldInTrustOpeCFBNK_label" xlink:arcrole="http://www.xbrl.org/2003/arcrole/concept-label" order="1" />
  </link:labelLink>
</link:linkbase>