<?xml version="1.0" encoding="utf-8"?>
<!-- Generated by PRONEXUS WORKS -->
<link:linkbase xmlns:link="http://www.xbrl.org/2003/linkbase" xmlns:xsi="http://www.w3.org/2001/XMLSchema-instance" xmlns:xbrli="http://www.xbrl.org/2003/instance" xmlns:xlink="http://www.w3.org/1999/xlink">
  <link:roleRef xlink:type="simple" roleURI="http://disclosure.edinet-fsa.go.jp/jppfs/cte/role/label" xlink:href="http://disclosure.edinet-fsa.go.jp/taxonomy/jppfs/2018-03-31/jppfs_rt_2018-03-31.xsd#rol_CTELabel" />
  <link:labelLink xlink:type="extended" xlink:role="http://www.xbrl.org/2003/role/link">
    <link:loc xlink:type="locator" xlink:href="jpcrp030000-asr-001_E03223-000_2019-08-31_01_2019-11-29.xsd#jpcrp030000-asr_E03223-000_InformationAboutEmployeesOfReportingCompanyTable" xlink:label="InformationAboutEmployeesOfReportingCompanyTable" />
    <link:loc xlink:type="locator" xlink:href="jpcrp030000-asr-001_E03223-000_2019-08-31_01_2019-11-29.xsd#jpcrp030000-asr_E03223-000_InformationAboutEmployeesOfReportingCompanyLineItems" xlink:label="InformationAboutEmployeesOfReportingCompanyLineItems" />
    <link:loc xlink:type="locator" xlink:href="jpcrp030000-asr-001_E03223-000_2019-08-31_01_2019-11-29.xsd#jpcrp030000-asr_E03223-000_ProceedsFromNonControllingShareholdersWithAConsolidatedSubsidiaryEstablishmentFinCF" xlink:label="ProceedsFromNonControllingShareholdersWithAConsolidatedSubsidiaryEstablishmentFinCF" />
    <link:loc xlink:type="locator" xlink:href="jpcrp030000-asr-001_E03223-000_2019-08-31_01_2019-11-29.xsd#jpcrp030000-asr_E03223-000_ProvisionForGiftToShareholdersSGA" xlink:label="ProvisionForGiftToShareholdersSGA" />
    <link:loc xlink:type="locator" xlink:href="jpcrp030000-asr-001_E03223-000_2019-08-31_01_2019-11-29.xsd#jpcrp030000-asr_E03223-000_ReceiptDamagesNOI" xlink:label="ReceiptDamagesNOI" />
    <link:loc xlink:type="locator" xlink:href="jpcrp030000-asr-001_E03223-000_2019-08-31_01_2019-11-29.xsd#jpcrp030000-asr_E03223-000_KoujotaishougaishouhizeitouNOE" xlink:label="KoujotaishougaishouhizeitouNOE" />
    <link:loc xlink:type="locator" xlink:href="jpcrp030000-asr-001_E03223-000_2019-08-31_01_2019-11-29.xsd#jpcrp030000-asr_E03223-000_LossOnLiquidationOfBusinessRelatedToTheStoreEL" xlink:label="LossOnLiquidationOfBusinessRelatedToTheStoreEL" />
    <link:loc xlink:type="locator" xlink:href="jpcrp030000-asr-001_E03223-000_2019-08-31_01_2019-11-29.xsd#jpcrp030000-asr_E03223-000_LossOnSupportToBusinessEL" xlink:label="LossOnSupportToBusinessEL" />
    <link:loc xlink:type="locator" xlink:href="jpcrp030000-asr-001_E03223-000_2019-08-31_01_2019-11-29.xsd#jpcrp030000-asr_E03223-000_SubsidiaryTransferCostEL" xlink:label="SubsidiaryTransferCostEL" />
    <link:loc xlink:type="locator" xlink:href="jpcrp030000-asr-001_E03223-000_2019-08-31_01_2019-11-29.xsd#jpcrp030000-asr_E03223-000_RestaurantBusinessReportableSegmentsMember" xlink:label="RestaurantBusinessReportableSegmentsMember" />
    <link:loc xlink:type="locator" xlink:href="jpcrp030000-asr-001_E03223-000_2019-08-31_01_2019-11-29.xsd#jpcrp030000-asr_E03223-000_WholesaleBusinessReportableSegmentsMember" xlink:label="WholesaleBusinessReportableSegmentsMember" />
    <link:loc xlink:type="locator" xlink:href="jpcrp030000-asr-001_E03223-000_2019-08-31_01_2019-11-29.xsd#jpcrp030000-asr_E03223-000_RealEstateBusinessReportableSegmentsMember" xlink:label="RealEstateBusinessReportableSegmentsMember" />
    <link:loc xlink:type="locator" xlink:href="jpcrp030000-asr-001_E03223-000_2019-08-31_01_2019-11-29.xsd#jpcrp030000-asr_E03223-000_ChainStyleBusinessReportableSegmentsMember" xlink:label="ChainStyleBusinessReportableSegmentsMember" />
    <link:loc xlink:type="locator" xlink:href="jpcrp030000-asr-001_E03223-000_2019-08-31_01_2019-11-29.xsd#jpcrp030000-asr_E03223-000_TransportationBusinessReportableSegmentsMember" xlink:label="TransportationBusinessReportableSegmentsMember" />
    <link:loc xlink:type="locator" xlink:href="jpcrp030000-asr-001_E03223-000_2019-08-31_01_2019-11-29.xsd#jpcrp030000-asr_E03223-000_NotesRegardingLossOnLiquidationOfBusinessRelatedToTheStoreTextBlock" xlink:label="NotesRegardingLossOnLiquidationOfBusinessRelatedToTheStoreTextBlock" />
    <link:loc xlink:type="locator" xlink:href="jpcrp030000-asr-001_E03223-000_2019-08-31_01_2019-11-29.xsd#jpcrp030000-asr_E03223-000_AccountingPolicyForSignificantDeferredAssetsTextBlock" xlink:label="AccountingPolicyForSignificantDeferredAssetsTextBlock" />
    <link:loc xlink:type="locator" xlink:href="jpcrp030000-asr-001_E03223-000_2019-08-31_01_2019-11-29.xsd#jpcrp030000-asr_E03223-000_ManagementAnalysisOfFinancialPositionOperatingResultsAndCashFlowsHeading" xlink:label="ManagementAnalysisOfFinancialPositionOperatingResultsAndCashFlowsHeading" />
    <link:loc xlink:type="locator" xlink:href="jpcrp030000-asr-001_E03223-000_2019-08-31_01_2019-11-29.xsd#jpcrp030000-asr_E03223-000_ManagementAnalysisOfFinancialPositionOperatingResultsAndCashFlowsTextBlock" xlink:label="ManagementAnalysisOfFinancialPositionOperatingResultsAndCashFlowsTextBlock" />
    <link:loc xlink:type="locator" xlink:href="jpcrp030000-asr-001_E03223-000_2019-08-31_01_2019-11-29.xsd#jpcrp030000-asr_E03223-000_OtherInformationAboutShareAcquisitionRightsHeading" xlink:label="OtherInformationAboutShareAcquisitionRightsHeading" />
    <link:loc xlink:type="locator" xlink:href="jpcrp030000-asr-001_E03223-000_2019-08-31_01_2019-11-29.xsd#jpcrp030000-asr_E03223-000_OtherInformationAboutShareAcquisitionRightsTextBlock" xlink:label="OtherInformationAboutShareAcquisitionRightsTextBlock" />
    <link:loc xlink:type="locator" xlink:href="jpcrp030000-asr-001_E03223-000_2019-08-31_01_2019-11-29.xsd#jpcrp030000-asr_E03223-000_OverviewOfCorporateGovernanceHeading" xlink:label="OverviewOfCorporateGovernanceHeading" />
    <link:loc xlink:type="locator" xlink:href="jpcrp030000-asr-001_E03223-000_2019-08-31_01_2019-11-29.xsd#jpcrp030000-asr_E03223-000_OverviewOfCorporateGovernanceTextBlock" xlink:label="OverviewOfCorporateGovernanceTextBlock" />
    <link:loc xlink:type="locator" xlink:href="jpcrp030000-asr-001_E03223-000_2019-08-31_01_2019-11-29.xsd#jpcrp030000-asr_E03223-000_OutsideDirectorsAndOutsideCorporateAuditorsInformationAboutDirectorsAndOtherOfficersTextBlock" xlink:label="OutsideDirectorsAndOutsideCorporateAuditorsInformationAboutDirectorsAndOtherOfficersTextBlock" />
    <link:loc xlink:type="locator" xlink:href="jpcrp030000-asr-001_E03223-000_2019-08-31_01_2019-11-29.xsd#jpcrp030000-asr_E03223-000_InformationAboutAuditsHeading" xlink:label="InformationAboutAuditsHeading" />
    <link:loc xlink:type="locator" xlink:href="jpcrp030000-asr-001_E03223-000_2019-08-31_01_2019-11-29.xsd#jpcrp030000-asr_E03223-000_InformationAboutAuditsTextBlock" xlink:label="InformationAboutAuditsTextBlock" />
    <link:loc xlink:type="locator" xlink:href="jpcrp030000-asr-001_E03223-000_2019-08-31_01_2019-11-29.xsd#jpcrp030000-asr_E03223-000_RemunerationForDirectorsAndOtherOfficersHeading" xlink:label="RemunerationForDirectorsAndOtherOfficersHeading" />
    <link:loc xlink:type="locator" xlink:href="jpcrp030000-asr-001_E03223-000_2019-08-31_01_2019-11-29.xsd#jpcrp030000-asr_E03223-000_RemunerationForDirectorsAndOtherOfficersTextBlock" xlink:label="RemunerationForDirectorsAndOtherOfficersTextBlock" />
    <link:loc xlink:type="locator" xlink:href="jpcrp030000-asr-001_E03223-000_2019-08-31_01_2019-11-29.xsd#jpcrp030000-asr_E03223-000_EquitySecuritiesHeldHeading" xlink:label="EquitySecuritiesHeldHeading" />
    <link:loc xlink:type="locator" xlink:href="jpcrp030000-asr-001_E03223-000_2019-08-31_01_2019-11-29.xsd#jpcrp030000-asr_E03223-000_EquitySecuritiesHeldTextBlock" xlink:label="EquitySecuritiesHeldTextBlock" />
    <link:loc xlink:type="locator" xlink:href="jpcrp030000-asr-001_E03223-000_2019-08-31_01_2019-11-29.xsd#jpcrp030000-asr_E03223-000_TotalShareholderReturn" xlink:label="TotalShareholderReturn" />
    <link:loc xlink:type="locator" xlink:href="jpcrp030000-asr-001_E03223-000_2019-08-31_01_2019-11-29.xsd#jpcrp030000-asr_E03223-000_TotalReturnOnSharePriceIndex" xlink:label="TotalReturnOnSharePriceIndex" />
    <link:loc xlink:type="locator" xlink:href="jpcrp030000-asr-001_E03223-000_2019-08-31_01_2019-11-29.xsd#jpcrp030000-asr_E03223-000_OfficialTitleOrPositionInformationAboutDirectorsAndCorporateAuditors" xlink:label="OfficialTitleOrPositionInformationAboutDirectorsAndCorporateAuditors" />
    <link:loc xlink:type="locator" xlink:href="jpcrp030000-asr-001_E03223-000_2019-08-31_01_2019-11-29.xsd#jpcrp030000-asr_E03223-000_EquitySecuritiesNotListedInvestmentEquitySecuritiesHeldForPurposesOtherThanPureInvestmentReportingCompanyAbstract" xlink:label="EquitySecuritiesNotListedInvestmentEquitySecuritiesHeldForPurposesOtherThanPureInvestmentReportingCompanyAbstract" />
    <link:loc xlink:type="locator" xlink:href="jpcrp030000-asr-001_E03223-000_2019-08-31_01_2019-11-29.xsd#jpcrp030000-asr_E03223-000_NumberOfNamesOfSecuritiesEquitySecuritiesNotListedInvestmentEquitySecuritiesHeldForPurposesOtherThanPureInvestmentReportingCompany" xlink:label="NumberOfNamesOfSecuritiesEquitySecuritiesNotListedInvestmentEquitySecuritiesHeldForPurposesOtherThanPureInvestmentReportingCompany" />
    <link:loc xlink:type="locator" xlink:href="jpcrp030000-asr-001_E03223-000_2019-08-31_01_2019-11-29.xsd#jpcrp030000-asr_E03223-000_BookValueEquitySecuritiesNotListedInvestmentEquitySecuritiesHeldForPurposesOtherThanPureInvestmentReportingCompany" xlink:label="BookValueEquitySecuritiesNotListedInvestmentEquitySecuritiesHeldForPurposesOtherThanPureInvestmentReportingCompany" />
    <link:loc xlink:type="locator" xlink:href="jpcrp030000-asr-001_E03223-000_2019-08-31_01_2019-11-29.xsd#jpcrp030000-asr_E03223-000_NumberOfNamesOfSecuritiesWhoseNumberOfSharesIncreasedEquitySecuritiesNotListedInvestmentEquitySecuritiesHeldForPurposesOtherThanPureInvestmentReportingCompany" xlink:label="NumberOfNamesOfSecuritiesWhoseNumberOfSharesIncreasedEquitySecuritiesNotListedInvestmentEquitySecuritiesHeldForPurposesOtherThanPureInvestmentReportingCompany" />
    <link:loc xlink:type="locator" xlink:href="jpcrp030000-asr-001_E03223-000_2019-08-31_01_2019-11-29.xsd#jpcrp030000-asr_E03223-000_TotalAcquisitionCostForIncreasedSharesEquitySecuritiesNotListedInvestmentEquitySecuritiesHeldForPurposesOtherThanPureInvestmentReportingCompany" xlink:label="TotalAcquisitionCostForIncreasedSharesEquitySecuritiesNotListedInvestmentEquitySecuritiesHeldForPurposesOtherThanPureInvestmentReportingCompany" />
    <link:loc xlink:type="locator" xlink:href="jpcrp030000-asr-001_E03223-000_2019-08-31_01_2019-11-29.xsd#jpcrp030000-asr_E03223-000_ReasonForIncreaseInNumberOfSharesEquitySecuritiesNotListedInvestmentEquitySecuritiesHeldForPurposesOtherThanPureInvestmentReportingCompany" xlink:label="ReasonForIncreaseInNumberOfSharesEquitySecuritiesNotListedInvestmentEquitySecuritiesHeldForPurposesOtherThanPureInvestmentReportingCompany" />
    <link:loc xlink:type="locator" xlink:href="jpcrp030000-asr-001_E03223-000_2019-08-31_01_2019-11-29.xsd#jpcrp030000-asr_E03223-000_NumberOfNamesOfSecuritiesWhoseNumberOfSharesDecreasedEquitySecuritiesNotListedInvestmentEquitySecuritiesHeldForPurposesOtherThanPureInvestmentReportingCompany" xlink:label="NumberOfNamesOfSecuritiesWhoseNumberOfSharesDecreasedEquitySecuritiesNotListedInvestmentEquitySecuritiesHeldForPurposesOtherThanPureInvestmentReportingCompany" />
    <link:loc xlink:type="locator" xlink:href="jpcrp030000-asr-001_E03223-000_2019-08-31_01_2019-11-29.xsd#jpcrp030000-asr_E03223-000_TotalSalesAmountForDecreasedSharesEquitySecuritiesNotListedInvestmentEquitySecuritiesHeldForPurposesOtherThanPureInvestmentReportingCompany" xlink:label="TotalSalesAmountForDecreasedSharesEquitySecuritiesNotListedInvestmentEquitySecuritiesHeldForPurposesOtherThanPureInvestmentReportingCompany" />
    <link:loc xlink:type="locator" xlink:href="jpcrp030000-asr-001_E03223-000_2019-08-31_01_2019-11-29.xsd#jpcrp030000-asr_E03223-000_EquitySecuritiesOtherThanThoseNotListedInvestmentEquitySecuritiesHeldForPurposesOtherThanPureInvestmentReportingCompanyAbstract" xlink:label="EquitySecuritiesOtherThanThoseNotListedInvestmentEquitySecuritiesHeldForPurposesOtherThanPureInvestmentReportingCompanyAbstract" />
    <link:loc xlink:type="locator" xlink:href="jpcrp030000-asr-001_E03223-000_2019-08-31_01_2019-11-29.xsd#jpcrp030000-asr_E03223-000_NumberOfNamesOfSecuritiesEquitySecuritiesOtherThanThoseNotListedInvestmentEquitySecuritiesHeldForPurposesOtherThanPureInvestmentReportingCompany" xlink:label="NumberOfNamesOfSecuritiesEquitySecuritiesOtherThanThoseNotListedInvestmentEquitySecuritiesHeldForPurposesOtherThanPureInvestmentReportingCompany" />
    <link:loc xlink:type="locator" xlink:href="jpcrp030000-asr-001_E03223-000_2019-08-31_01_2019-11-29.xsd#jpcrp030000-asr_E03223-000_BookValueEquitySecuritiesOtherThanThoseNotListedInvestmentEquitySecuritiesHeldForPurposesOtherThanPureInvestmentReportingCompany" xlink:label="BookValueEquitySecuritiesOtherThanThoseNotListedInvestmentEquitySecuritiesHeldForPurposesOtherThanPureInvestmentReportingCompany" />
    <link:loc xlink:type="locator" xlink:href="jpcrp030000-asr-001_E03223-000_2019-08-31_01_2019-11-29.xsd#jpcrp030000-asr_E03223-000_NumberOfNamesOfSecuritiesWhoseNumberOfSharesIncreasedEquitySecuritiesOtherThanThoseNotListedInvestmentEquitySecuritiesHeldForPurposesOtherThanPureInvestmentReportingCompany" xlink:label="NumberOfNamesOfSecuritiesWhoseNumberOfSharesIncreasedEquitySecuritiesOtherThanThoseNotListedInvestmentEquitySecuritiesHeldForPurposesOtherThanPureInvestmentReportingCompany" />
    <link:loc xlink:type="locator" xlink:href="jpcrp030000-asr-001_E03223-000_2019-08-31_01_2019-11-29.xsd#jpcrp030000-asr_E03223-000_TotalAcquisitionCostForIncreasedSharesEquitySecuritiesOtherThanThoseNotListedInvestmentEquitySecuritiesHeldForPurposesOtherThanPureInvestmentReportingCompany" xlink:label="TotalAcquisitionCostForIncreasedSharesEquitySecuritiesOtherThanThoseNotListedInvestmentEquitySecuritiesHeldForPurposesOtherThanPureInvestmentReportingCompany" />
    <link:loc xlink:type="locator" xlink:href="jpcrp030000-asr-001_E03223-000_2019-08-31_01_2019-11-29.xsd#jpcrp030000-asr_E03223-000_ReasonForIncreaseInNumberOfSharesEquitySecuritiesOtherThanThoseNotListedInvestmentEquitySecuritiesHeldForPurposesOtherThanPureInvestmentReportingCompany" xlink:label="ReasonForIncreaseInNumberOfSharesEquitySecuritiesOtherThanThoseNotListedInvestmentEquitySecuritiesHeldForPurposesOtherThanPureInvestmentReportingCompany" />
    <link:loc xlink:type="locator" xlink:href="jpcrp030000-asr-001_E03223-000_2019-08-31_01_2019-11-29.xsd#jpcrp030000-asr_E03223-000_NumberOfNamesOfSecuritiesWhoseNumberOfSharesDecreasedEquitySecuritiesOtherThanThoseNotListedInvestmentEquitySecuritiesHeldForPurposesOtherThanPureInvestmentReportingCompany" xlink:label="NumberOfNamesOfSecuritiesWhoseNumberOfSharesDecreasedEquitySecuritiesOtherThanThoseNotListedInvestmentEquitySecuritiesHeldForPurposesOtherThanPureInvestmentReportingCompany" />
    <link:loc xlink:type="locator" xlink:href="jpcrp030000-asr-001_E03223-000_2019-08-31_01_2019-11-29.xsd#jpcrp030000-asr_E03223-000_TotalSalesAmountForDecreasedSharesEquitySecuritiesOtherThanThoseNotListedInvestmentEquitySecuritiesHeldForPurposesOtherThanPureInvestmentReportingCompany" xlink:label="TotalSalesAmountForDecreasedSharesEquitySecuritiesOtherThanThoseNotListedInvestmentEquitySecuritiesHeldForPurposesOtherThanPureInvestmentReportingCompany" />
    <link:loc xlink:type="locator" xlink:href="jpcrp030000-asr-001_E03223-000_2019-08-31_01_2019-11-29.xsd#jpcrp030000-asr_E03223-000_WhetherIssuerOfAforementionedSharesHoldsReportingCompanysSharesDetailsOfSpecifiedInvestmentEquitySecuritiesHeldForPurposesOtherThanPureInvestmentReportingCompany" xlink:label="WhetherIssuerOfAforementionedSharesHoldsReportingCompanysSharesDetailsOfSpecifiedInvestmentEquitySecuritiesHeldForPurposesOtherThanPureInvestmentReportingCompany" />
    <link:loc xlink:type="locator" xlink:href="jpcrp030000-asr-001_E03223-000_2019-08-31_01_2019-11-29.xsd#jpcrp030000-asr_E03223-000_KazutoshiTairaMember" xlink:label="KazutoshiTairaMember" />
    <link:loc xlink:type="locator" xlink:href="jpcrp030000-asr-001_E03223-000_2019-08-31_01_2019-11-29.xsd#jpcrp030000-asr_E03223-000_YasuoIshidaMember" xlink:label="YasuoIshidaMember" />
    <link:loc xlink:type="locator" xlink:href="jpcrp030000-asr-001_E03223-000_2019-08-31_01_2019-11-29.xsd#jpcrp030000-asr_E03223-000_TakanoriTanabeMember" xlink:label="TakanoriTanabeMember" />
    <link:loc xlink:type="locator" xlink:href="jpcrp030000-asr-001_E03223-000_2019-08-31_01_2019-11-29.xsd#jpcrp030000-asr_E03223-000_ToshiakiShimakuraMember" xlink:label="ToshiakiShimakuraMember" />
    <link:loc xlink:type="locator" xlink:href="jpcrp030000-asr-001_E03223-000_2019-08-31_01_2019-11-29.xsd#jpcrp030000-asr_E03223-000_EiichiAoyagiMember" xlink:label="EiichiAoyagiMember" />
    <link:loc xlink:type="locator" xlink:href="jpcrp030000-asr-001_E03223-000_2019-08-31_01_2019-11-29.xsd#jpcrp030000-asr_E03223-000_ShingoNomaMember" xlink:label="ShingoNomaMember" />
    <link:loc xlink:type="locator" xlink:href="jpcrp030000-asr-001_E03223-000_2019-08-31_01_2019-11-29.xsd#jpcrp030000-asr_E03223-000_SeiichiIchikawaMember" xlink:label="SeiichiIchikawaMember" />
    <link:loc xlink:type="locator" xlink:href="jpcrp030000-asr-001_E03223-000_2019-08-31_01_2019-11-29.xsd#jpcrp030000-asr_E03223-000_IchirouMiuraMember" xlink:label="IchirouMiuraMember" />
    <link:loc xlink:type="locator" xlink:href="jpcrp030000-asr-001_E03223-000_2019-08-31_01_2019-11-29.xsd#jpcrp030000-asr_E03223-000_GakuHiraoMember" xlink:label="GakuHiraoMember" />
    <link:loc xlink:type="locator" xlink:href="jpcrp030000-asr-001_E03223-000_2019-08-31_01_2019-11-29.xsd#jpcrp030000-asr_E03223-000_YoshihiroSasakiMember" xlink:label="YoshihiroSasakiMember" />
    <link:loc xlink:type="locator" xlink:href="jpcrp030000-asr-001_E03223-000_2019-08-31_01_2019-11-29.xsd#jpcrp030000-asr_E03223-000_FumiakiTerasakaMember" xlink:label="FumiakiTerasakaMember" />
    <link:loc xlink:type="locator" xlink:href="jpcrp030000-asr-001_E03223-000_2019-08-31_01_2019-11-29.xsd#jpcrp030000-asr_E03223-000_JunTamuraMember" xlink:label="JunTamuraMember" />
    <link:loc xlink:type="locator" xlink:href="jpcrp030000-asr-001_E03223-000_2019-08-31_01_2019-11-29.xsd#jpcrp030000-asr_E03223-000_YoshioUchiyamaMember" xlink:label="YoshioUchiyamaMember" />
    <link:loc xlink:type="locator" xlink:href="jpcrp030000-asr-001_E03223-000_2019-08-31_01_2019-11-29.xsd#jpcrp030000-asr_E03223-000_FixedRemunerationRemunerationEtcByCategoryOfDirectorsAndOtherOfficers" xlink:label="FixedRemunerationRemunerationEtcByCategoryOfDirectorsAndOtherOfficers" />
    <link:loc xlink:type="locator" xlink:href="jpcrp030000-asr-001_E03223-000_2019-08-31_01_2019-11-29.xsd#jpcrp030000-asr_E03223-000_PerformanceBasedRemunerationRemunerationEtcByCategoryOfDirectorsAndOtherOfficers" xlink:label="PerformanceBasedRemunerationRemunerationEtcByCategoryOfDirectorsAndOtherOfficers" />
    <link:loc xlink:type="locator" xlink:href="http://disclosure.edinet-fsa.go.jp/taxonomy/jppfs/2018-03-31/jppfs_cor_2018-03-31.xsd#jppfs_cor_OtherNetPPE" xlink:label="OtherNetPPE" />
    <link:label xlink:type="resource" xlink:label="label_OtherNetPPE" xml:lang="ja" xlink:role="http://disclosure.edinet-fsa.go.jp/jppfs/cte/role/label" id="label_OtherNetPPE">その他</link:label>
    <link:labelArc xlink:type="arc" xlink:arcrole="http://www.xbrl.org/2003/arcrole/concept-label" xlink:from="OtherNetPPE" xlink:to="label_OtherNetPPE" />
    <link:loc xlink:type="locator" xlink:href="jpcrp030000-asr-001_E03223-000_2019-08-31_01_2019-11-29.xsd#jpcrp030000-asr_E03223-000_ProvisionForRetirementBenefitsForDirectorsAndOtherOfficersRemunerationEtcByCategoryOfDirectorsAndOtherOfficers" xlink:label="ProvisionForRetirementBenefitsForDirectorsAndOtherOfficersRemunerationEtcByCategoryOfDirectorsAndOtherOfficers" />
    <link:label xlink:type="resource" xlink:label="label_NotesRegardingLossOnLiquidationOfBusinessRelatedToTheStoreTextBlock" xml:lang="ja" xlink:role="http://www.xbrl.org/2003/role/label" id="label_NotesRegardingLossOnLiquidationOfBusinessRelatedToTheStoreTextBlock">店舗関係整理損に関する注記</link:label>
    <link:labelArc xlink:type="arc" xlink:arcrole="http://www.xbrl.org/2003/arcrole/concept-label" xlink:from="NotesRegardingLossOnLiquidationOfBusinessRelatedToTheStoreTextBlock" xlink:to="label_NotesRegardingLossOnLiquidationOfBusinessRelatedToTheStoreTextBlock" />
    <link:label xlink:type="resource" xlink:label="label_NotesRegardingLossOnLiquidationOfBusinessRelatedToTheStoreTextBlock_2" xml:lang="ja" xlink:role="http://www.xbrl.org/2003/role/verboseLabel" id="label_NotesRegardingLossOnLiquidationOfBusinessRelatedToTheStoreTextBlock_2">店舗関係整理損に関する注記 [テキストブロック]</link:label>
    <link:labelArc xlink:type="arc" xlink:arcrole="http://www.xbrl.org/2003/arcrole/concept-label" xlink:from="NotesRegardingLossOnLiquidationOfBusinessRelatedToTheStoreTextBlock" xlink:to="label_NotesRegardingLossOnLiquidationOfBusinessRelatedToTheStoreTextBlock_2" />
    <link:label xlink:type="resource" xlink:label="label_InformationAboutEmployeesOfReportingCompanyTable" xml:lang="ja" xlink:role="http://www.xbrl.org/2003/role/label" id="label_InformationAboutEmployeesOfReportingCompanyTable">提出会社の従業員の状況</link:label>
    <link:labelArc xlink:type="arc" xlink:arcrole="http://www.xbrl.org/2003/arcrole/concept-label" xlink:from="InformationAboutEmployeesOfReportingCompanyTable" xlink:to="label_InformationAboutEmployeesOfReportingCompanyTable" />
    <link:label xlink:type="resource" xlink:label="label_InformationAboutEmployeesOfReportingCompanyTable_2" xml:lang="ja" xlink:role="http://www.xbrl.org/2003/role/verboseLabel" id="label_InformationAboutEmployeesOfReportingCompanyTable_2">提出会社の従業員の状況 [表]</link:label>
    <link:labelArc xlink:type="arc" xlink:arcrole="http://www.xbrl.org/2003/arcrole/concept-label" xlink:from="InformationAboutEmployeesOfReportingCompanyTable" xlink:to="label_InformationAboutEmployeesOfReportingCompanyTable_2" />
    <link:label xlink:type="resource" xlink:label="label_InformationAboutEmployeesOfReportingCompanyLineItems" xml:lang="ja" xlink:role="http://www.xbrl.org/2003/role/label" id="label_InformationAboutEmployeesOfReportingCompanyLineItems">提出会社の従業員の状況</link:label>
    <link:labelArc xlink:type="arc" xlink:arcrole="http://www.xbrl.org/2003/arcrole/concept-label" xlink:from="InformationAboutEmployeesOfReportingCompanyLineItems" xlink:to="label_InformationAboutEmployeesOfReportingCompanyLineItems" />
    <link:label xlink:type="resource" xlink:label="label_InformationAboutEmployeesOfReportingCompanyLineItems_2" xml:lang="ja" xlink:role="http://www.xbrl.org/2003/role/verboseLabel" id="label_InformationAboutEmployeesOfReportingCompanyLineItems_2">提出会社の従業員の状況 [表示項目]</link:label>
    <link:labelArc xlink:type="arc" xlink:arcrole="http://www.xbrl.org/2003/arcrole/concept-label" xlink:from="InformationAboutEmployeesOfReportingCompanyLineItems" xlink:to="label_InformationAboutEmployeesOfReportingCompanyLineItems_2" />
    <link:label xlink:type="resource" xlink:label="label_EquitySecuritiesNotListedInvestmentEquitySecuritiesHeldForPurposesOtherThanPureInvestmentReportingCompanyAbstract" xml:lang="ja" xlink:role="http://www.xbrl.org/2003/role/label" id="label_EquitySecuritiesNotListedInvestmentEquitySecuritiesHeldForPurposesOtherThanPureInvestmentReportingCompanyAbstract">非上場株式</link:label>
    <link:labelArc xlink:type="arc" xlink:arcrole="http://www.xbrl.org/2003/arcrole/concept-label" xlink:from="EquitySecuritiesNotListedInvestmentEquitySecuritiesHeldForPurposesOtherThanPureInvestmentReportingCompanyAbstract" xlink:to="label_EquitySecuritiesNotListedInvestmentEquitySecuritiesHeldForPurposesOtherThanPureInvestmentReportingCompanyAbstract" />
    <link:label xlink:type="resource" xlink:label="label_EquitySecuritiesNotListedInvestmentEquitySecuritiesHeldForPurposesOtherThanPureInvestmentReportingCompanyAbstract_2" xml:lang="ja" xlink:role="http://www.xbrl.org/2003/role/verboseLabel" id="label_EquitySecuritiesNotListedInvestmentEquitySecuritiesHeldForPurposesOtherThanPureInvestmentReportingCompanyAbstract_2">非上場株式、保有目的が純投資目的以外の目的である投資株式、提出会社 [タイトル項目]</link:label>
    <link:labelArc xlink:type="arc" xlink:arcrole="http://www.xbrl.org/2003/arcrole/concept-label" xlink:from="EquitySecuritiesNotListedInvestmentEquitySecuritiesHeldForPurposesOtherThanPureInvestmentReportingCompanyAbstract" xlink:to="label_EquitySecuritiesNotListedInvestmentEquitySecuritiesHeldForPurposesOtherThanPureInvestmentReportingCompanyAbstract_2" />
    <link:label xlink:type="resource" xlink:label="label_NumberOfNamesOfSecuritiesEquitySecuritiesNotListedInvestmentEquitySecuritiesHeldForPurposesOtherThanPureInvestmentReportingCompany" xml:lang="ja" xlink:role="http://www.xbrl.org/2003/role/label" id="label_NumberOfNamesOfSecuritiesEquitySecuritiesNotListedInvestmentEquitySecuritiesHeldForPurposesOtherThanPureInvestmentReportingCompany">銘柄数</link:label>
    <link:labelArc xlink:type="arc" xlink:arcrole="http://www.xbrl.org/2003/arcrole/concept-label" xlink:from="NumberOfNamesOfSecuritiesEquitySecuritiesNotListedInvestmentEquitySecuritiesHeldForPurposesOtherThanPureInvestmentReportingCompany" xlink:to="label_NumberOfNamesOfSecuritiesEquitySecuritiesNotListedInvestmentEquitySecuritiesHeldForPurposesOtherThanPureInvestmentReportingCompany" />
    <link:label xlink:type="resource" xlink:label="label_NumberOfNamesOfSecuritiesEquitySecuritiesNotListedInvestmentEquitySecuritiesHeldForPurposesOtherThanPureInvestmentReportingCompany_2" xml:lang="ja" xlink:role="http://www.xbrl.org/2003/role/verboseLabel" id="label_NumberOfNamesOfSecuritiesEquitySecuritiesNotListedInvestmentEquitySecuritiesHeldForPurposesOtherThanPureInvestmentReportingCompany_2">銘柄数、非上場株式、保有目的が純投資目的以外の目的である投資株式、提出会社</link:label>
    <link:labelArc xlink:type="arc" xlink:arcrole="http://www.xbrl.org/2003/arcrole/concept-label" xlink:from="NumberOfNamesOfSecuritiesEquitySecuritiesNotListedInvestmentEquitySecuritiesHeldForPurposesOtherThanPureInvestmentReportingCompany" xlink:to="label_NumberOfNamesOfSecuritiesEquitySecuritiesNotListedInvestmentEquitySecuritiesHeldForPurposesOtherThanPureInvestmentReportingCompany_2" />
    <link:label xlink:type="resource" xlink:label="label_BookValueEquitySecuritiesNotListedInvestmentEquitySecuritiesHeldForPurposesOtherThanPureInvestmentReportingCompany" xml:lang="ja" xlink:role="http://www.xbrl.org/2003/role/label" id="label_BookValueEquitySecuritiesNotListedInvestmentEquitySecuritiesHeldForPurposesOtherThanPureInvestmentReportingCompany">貸借対照表計上額</link:label>
    <link:labelArc xlink:type="arc" xlink:arcrole="http://www.xbrl.org/2003/arcrole/concept-label" xlink:from="BookValueEquitySecuritiesNotListedInvestmentEquitySecuritiesHeldForPurposesOtherThanPureInvestmentReportingCompany" xlink:to="label_BookValueEquitySecuritiesNotListedInvestmentEquitySecuritiesHeldForPurposesOtherThanPureInvestmentReportingCompany" />
    <link:label xlink:type="resource" xlink:label="label_BookValueEquitySecuritiesNotListedInvestmentEquitySecuritiesHeldForPurposesOtherThanPureInvestmentReportingCompany_2" xml:lang="ja" xlink:role="http://www.xbrl.org/2003/role/verboseLabel" id="label_BookValueEquitySecuritiesNotListedInvestmentEquitySecuritiesHeldForPurposesOtherThanPureInvestmentReportingCompany_2">貸借対照表計上額、非上場株式、保有目的が純投資目的以外の目的である投資株式、提出会社</link:label>
    <link:labelArc xlink:type="arc" xlink:arcrole="http://www.xbrl.org/2003/arcrole/concept-label" xlink:from="BookValueEquitySecuritiesNotListedInvestmentEquitySecuritiesHeldForPurposesOtherThanPureInvestmentReportingCompany" xlink:to="label_BookValueEquitySecuritiesNotListedInvestmentEquitySecuritiesHeldForPurposesOtherThanPureInvestmentReportingCompany_2" />
    <link:label xlink:type="resource" xlink:label="label_NumberOfNamesOfSecuritiesWhoseNumberOfSharesIncreasedEquitySecuritiesNotListedInvestmentEquitySecuritiesHeldForPurposesOtherThanPureInvestmentReportingCompany" xml:lang="ja" xlink:role="http://www.xbrl.org/2003/role/label" id="label_NumberOfNamesOfSecuritiesWhoseNumberOfSharesIncreasedEquitySecuritiesNotListedInvestmentEquitySecuritiesHeldForPurposesOtherThanPureInvestmentReportingCompany">株式数が増加した銘柄数</link:label>
    <link:labelArc xlink:type="arc" xlink:arcrole="http://www.xbrl.org/2003/arcrole/concept-label" xlink:from="NumberOfNamesOfSecuritiesWhoseNumberOfSharesIncreasedEquitySecuritiesNotListedInvestmentEquitySecuritiesHeldForPurposesOtherThanPureInvestmentReportingCompany" xlink:to="label_NumberOfNamesOfSecuritiesWhoseNumberOfSharesIncreasedEquitySecuritiesNotListedInvestmentEquitySecuritiesHeldForPurposesOtherThanPureInvestmentReportingCompany" />
    <link:label xlink:type="resource" xlink:label="label_NumberOfNamesOfSecuritiesWhoseNumberOfSharesIncreasedEquitySecuritiesNotListedInvestmentEquitySecuritiesHeldForPurposesOtherThanPureInvestmentReportingCompany_2" xml:lang="ja" xlink:role="http://www.xbrl.org/2003/role/verboseLabel" id="label_NumberOfNamesOfSecuritiesWhoseNumberOfSharesIncreasedEquitySecuritiesNotListedInvestmentEquitySecuritiesHeldForPurposesOtherThanPureInvestmentReportingCompany_2">株式数が増加した銘柄数、非上場株式、保有目的が純投資目的以外の目的である投資株式、提出会社</link:label>
    <link:labelArc xlink:type="arc" xlink:arcrole="http://www.xbrl.org/2003/arcrole/concept-label" xlink:from="NumberOfNamesOfSecuritiesWhoseNumberOfSharesIncreasedEquitySecuritiesNotListedInvestmentEquitySecuritiesHeldForPurposesOtherThanPureInvestmentReportingCompany" xlink:to="label_NumberOfNamesOfSecuritiesWhoseNumberOfSharesIncreasedEquitySecuritiesNotListedInvestmentEquitySecuritiesHeldForPurposesOtherThanPureInvestmentReportingCompany_2" />
    <link:label xlink:type="resource" xlink:label="label_TotalAcquisitionCostForIncreasedSharesEquitySecuritiesNotListedInvestmentEquitySecuritiesHeldForPurposesOtherThanPureInvestmentReportingCompany" xml:lang="ja" xlink:role="http://www.xbrl.org/2003/role/label" id="label_TotalAcquisitionCostForIncreasedSharesEquitySecuritiesNotListedInvestmentEquitySecuritiesHeldForPurposesOtherThanPureInvestmentReportingCompany">株式数の増加に係る取得価額の合計額</link:label>
    <link:labelArc xlink:type="arc" xlink:arcrole="http://www.xbrl.org/2003/arcrole/concept-label" xlink:from="TotalAcquisitionCostForIncreasedSharesEquitySecuritiesNotListedInvestmentEquitySecuritiesHeldForPurposesOtherThanPureInvestmentReportingCompany" xlink:to="label_TotalAcquisitionCostForIncreasedSharesEquitySecuritiesNotListedInvestmentEquitySecuritiesHeldForPurposesOtherThanPureInvestmentReportingCompany" />
    <link:label xlink:type="resource" xlink:label="label_TotalAcquisitionCostForIncreasedSharesEquitySecuritiesNotListedInvestmentEquitySecuritiesHeldForPurposesOtherThanPureInvestmentReportingCompany_2" xml:lang="ja" xlink:role="http://www.xbrl.org/2003/role/verboseLabel" id="label_TotalAcquisitionCostForIncreasedSharesEquitySecuritiesNotListedInvestmentEquitySecuritiesHeldForPurposesOtherThanPureInvestmentReportingCompany_2">株式数の増加に係る取得価額の合計額、非上場株式、保有目的が純投資目的以外の目的である投資株式、提出会社</link:label>
    <link:labelArc xlink:type="arc" xlink:arcrole="http://www.xbrl.org/2003/arcrole/concept-label" xlink:from="TotalAcquisitionCostForIncreasedSharesEquitySecuritiesNotListedInvestmentEquitySecuritiesHeldForPurposesOtherThanPureInvestmentReportingCompany" xlink:to="label_TotalAcquisitionCostForIncreasedSharesEquitySecuritiesNotListedInvestmentEquitySecuritiesHeldForPurposesOtherThanPureInvestmentReportingCompany_2" />
    <link:label xlink:type="resource" xlink:label="label_ReasonForIncreaseInNumberOfSharesEquitySecuritiesNotListedInvestmentEquitySecuritiesHeldForPurposesOtherThanPureInvestmentReportingCompany" xml:lang="ja" xlink:role="http://www.xbrl.org/2003/role/label" id="label_ReasonForIncreaseInNumberOfSharesEquitySecuritiesNotListedInvestmentEquitySecuritiesHeldForPurposesOtherThanPureInvestmentReportingCompany">株式数が増加した理由</link:label>
    <link:labelArc xlink:type="arc" xlink:arcrole="http://www.xbrl.org/2003/arcrole/concept-label" xlink:from="ReasonForIncreaseInNumberOfSharesEquitySecuritiesNotListedInvestmentEquitySecuritiesHeldForPurposesOtherThanPureInvestmentReportingCompany" xlink:to="label_ReasonForIncreaseInNumberOfSharesEquitySecuritiesNotListedInvestmentEquitySecuritiesHeldForPurposesOtherThanPureInvestmentReportingCompany" />
    <link:label xlink:type="resource" xlink:label="label_ReasonForIncreaseInNumberOfSharesEquitySecuritiesNotListedInvestmentEquitySecuritiesHeldForPurposesOtherThanPureInvestmentReportingCompany_2" xml:lang="ja" xlink:role="http://www.xbrl.org/2003/role/verboseLabel" id="label_ReasonForIncreaseInNumberOfSharesEquitySecuritiesNotListedInvestmentEquitySecuritiesHeldForPurposesOtherThanPureInvestmentReportingCompany_2">株式数が増加した理由、非上場株式、保有目的が純投資目的以外の目的である投資株式、提出会社</link:label>
    <link:labelArc xlink:type="arc" xlink:arcrole="http://www.xbrl.org/2003/arcrole/concept-label" xlink:from="ReasonForIncreaseInNumberOfSharesEquitySecuritiesNotListedInvestmentEquitySecuritiesHeldForPurposesOtherThanPureInvestmentReportingCompany" xlink:to="label_ReasonForIncreaseInNumberOfSharesEquitySecuritiesNotListedInvestmentEquitySecuritiesHeldForPurposesOtherThanPureInvestmentReportingCompany_2" />
    <link:label xlink:type="resource" xlink:label="label_NumberOfNamesOfSecuritiesWhoseNumberOfSharesDecreasedEquitySecuritiesNotListedInvestmentEquitySecuritiesHeldForPurposesOtherThanPureInvestmentReportingCompany" xml:lang="ja" xlink:role="http://www.xbrl.org/2003/role/label" id="label_NumberOfNamesOfSecuritiesWhoseNumberOfSharesDecreasedEquitySecuritiesNotListedInvestmentEquitySecuritiesHeldForPurposesOtherThanPureInvestmentReportingCompany">株式数が減少した銘柄数</link:label>
    <link:labelArc xlink:type="arc" xlink:arcrole="http://www.xbrl.org/2003/arcrole/concept-label" xlink:from="NumberOfNamesOfSecuritiesWhoseNumberOfSharesDecreasedEquitySecuritiesNotListedInvestmentEquitySecuritiesHeldForPurposesOtherThanPureInvestmentReportingCompany" xlink:to="label_NumberOfNamesOfSecuritiesWhoseNumberOfSharesDecreasedEquitySecuritiesNotListedInvestmentEquitySecuritiesHeldForPurposesOtherThanPureInvestmentReportingCompany" />
    <link:label xlink:type="resource" xlink:label="label_NumberOfNamesOfSecuritiesWhoseNumberOfSharesDecreasedEquitySecuritiesNotListedInvestmentEquitySecuritiesHeldForPurposesOtherThanPureInvestmentReportingCompany_2" xml:lang="ja" xlink:role="http://www.xbrl.org/2003/role/verboseLabel" id="label_NumberOfNamesOfSecuritiesWhoseNumberOfSharesDecreasedEquitySecuritiesNotListedInvestmentEquitySecuritiesHeldForPurposesOtherThanPureInvestmentReportingCompany_2">株式数が減少した銘柄数、非上場株式、保有目的が純投資目的以外の目的である投資株式、提出会社</link:label>
    <link:labelArc xlink:type="arc" xlink:arcrole="http://www.xbrl.org/2003/arcrole/concept-label" xlink:from="NumberOfNamesOfSecuritiesWhoseNumberOfSharesDecreasedEquitySecuritiesNotListedInvestmentEquitySecuritiesHeldForPurposesOtherThanPureInvestmentReportingCompany" xlink:to="label_NumberOfNamesOfSecuritiesWhoseNumberOfSharesDecreasedEquitySecuritiesNotListedInvestmentEquitySecuritiesHeldForPurposesOtherThanPureInvestmentReportingCompany_2" />
    <link:label xlink:type="resource" xlink:label="label_TotalSalesAmountForDecreasedSharesEquitySecuritiesNotListedInvestmentEquitySecuritiesHeldForPurposesOtherThanPureInvestmentReportingCompany" xml:lang="ja" xlink:role="http://www.xbrl.org/2003/role/label" id="label_TotalSalesAmountForDecreasedSharesEquitySecuritiesNotListedInvestmentEquitySecuritiesHeldForPurposesOtherThanPureInvestmentReportingCompany">株式数の減少に係る売却価額の合計額</link:label>
    <link:labelArc xlink:type="arc" xlink:arcrole="http://www.xbrl.org/2003/arcrole/concept-label" xlink:from="TotalSalesAmountForDecreasedSharesEquitySecuritiesNotListedInvestmentEquitySecuritiesHeldForPurposesOtherThanPureInvestmentReportingCompany" xlink:to="label_TotalSalesAmountForDecreasedSharesEquitySecuritiesNotListedInvestmentEquitySecuritiesHeldForPurposesOtherThanPureInvestmentReportingCompany" />
    <link:label xlink:type="resource" xlink:label="label_TotalSalesAmountForDecreasedSharesEquitySecuritiesNotListedInvestmentEquitySecuritiesHeldForPurposesOtherThanPureInvestmentReportingCompany_2" xml:lang="ja" xlink:role="http://www.xbrl.org/2003/role/verboseLabel" id="label_TotalSalesAmountForDecreasedSharesEquitySecuritiesNotListedInvestmentEquitySecuritiesHeldForPurposesOtherThanPureInvestmentReportingCompany_2">株式数の減少に係る売却価額の合計額、非上場株式、保有目的が純投資目的以外の目的である投資株式、提出会社</link:label>
    <link:labelArc xlink:type="arc" xlink:arcrole="http://www.xbrl.org/2003/arcrole/concept-label" xlink:from="TotalSalesAmountForDecreasedSharesEquitySecuritiesNotListedInvestmentEquitySecuritiesHeldForPurposesOtherThanPureInvestmentReportingCompany" xlink:to="label_TotalSalesAmountForDecreasedSharesEquitySecuritiesNotListedInvestmentEquitySecuritiesHeldForPurposesOtherThanPureInvestmentReportingCompany_2" />
    <link:label xlink:type="resource" xlink:label="label_EquitySecuritiesOtherThanThoseNotListedInvestmentEquitySecuritiesHeldForPurposesOtherThanPureInvestmentReportingCompanyAbstract" xml:lang="ja" xlink:role="http://www.xbrl.org/2003/role/label" id="label_EquitySecuritiesOtherThanThoseNotListedInvestmentEquitySecuritiesHeldForPurposesOtherThanPureInvestmentReportingCompanyAbstract">非上場株式以外の株式</link:label>
    <link:labelArc xlink:type="arc" xlink:arcrole="http://www.xbrl.org/2003/arcrole/concept-label" xlink:from="EquitySecuritiesOtherThanThoseNotListedInvestmentEquitySecuritiesHeldForPurposesOtherThanPureInvestmentReportingCompanyAbstract" xlink:to="label_EquitySecuritiesOtherThanThoseNotListedInvestmentEquitySecuritiesHeldForPurposesOtherThanPureInvestmentReportingCompanyAbstract" />
    <link:label xlink:type="resource" xlink:label="label_EquitySecuritiesOtherThanThoseNotListedInvestmentEquitySecuritiesHeldForPurposesOtherThanPureInvestmentReportingCompanyAbstract_2" xml:lang="ja" xlink:role="http://www.xbrl.org/2003/role/verboseLabel" id="label_EquitySecuritiesOtherThanThoseNotListedInvestmentEquitySecuritiesHeldForPurposesOtherThanPureInvestmentReportingCompanyAbstract_2">非上場株式以外の株式、保有目的が純投資目的以外の目的である投資株式、提出会社 [タイトル項目]</link:label>
    <link:labelArc xlink:type="arc" xlink:arcrole="http://www.xbrl.org/2003/arcrole/concept-label" xlink:from="EquitySecuritiesOtherThanThoseNotListedInvestmentEquitySecuritiesHeldForPurposesOtherThanPureInvestmentReportingCompanyAbstract" xlink:to="label_EquitySecuritiesOtherThanThoseNotListedInvestmentEquitySecuritiesHeldForPurposesOtherThanPureInvestmentReportingCompanyAbstract_2" />
    <link:label xlink:type="resource" xlink:label="label_NumberOfNamesOfSecuritiesEquitySecuritiesOtherThanThoseNotListedInvestmentEquitySecuritiesHeldForPurposesOtherThanPureInvestmentReportingCompany" xml:lang="ja" xlink:role="http://www.xbrl.org/2003/role/label" id="label_NumberOfNamesOfSecuritiesEquitySecuritiesOtherThanThoseNotListedInvestmentEquitySecuritiesHeldForPurposesOtherThanPureInvestmentReportingCompany">銘柄数</link:label>
    <link:labelArc xlink:type="arc" xlink:arcrole="http://www.xbrl.org/2003/arcrole/concept-label" xlink:from="NumberOfNamesOfSecuritiesEquitySecuritiesOtherThanThoseNotListedInvestmentEquitySecuritiesHeldForPurposesOtherThanPureInvestmentReportingCompany" xlink:to="label_NumberOfNamesOfSecuritiesEquitySecuritiesOtherThanThoseNotListedInvestmentEquitySecuritiesHeldForPurposesOtherThanPureInvestmentReportingCompany" />
    <link:label xlink:type="resource" xlink:label="label_NumberOfNamesOfSecuritiesEquitySecuritiesOtherThanThoseNotListedInvestmentEquitySecuritiesHeldForPurposesOtherThanPureInvestmentReportingCompany_2" xml:lang="ja" xlink:role="http://www.xbrl.org/2003/role/verboseLabel" id="label_NumberOfNamesOfSecuritiesEquitySecuritiesOtherThanThoseNotListedInvestmentEquitySecuritiesHeldForPurposesOtherThanPureInvestmentReportingCompany_2">銘柄数、非上場株式以外の株式、保有目的が純投資目的以外の目的である投資株式、提出会社</link:label>
    <link:labelArc xlink:type="arc" xlink:arcrole="http://www.xbrl.org/2003/arcrole/concept-label" xlink:from="NumberOfNamesOfSecuritiesEquitySecuritiesOtherThanThoseNotListedInvestmentEquitySecuritiesHeldForPurposesOtherThanPureInvestmentReportingCompany" xlink:to="label_NumberOfNamesOfSecuritiesEquitySecuritiesOtherThanThoseNotListedInvestmentEquitySecuritiesHeldForPurposesOtherThanPureInvestmentReportingCompany_2" />
    <link:label xlink:type="resource" xlink:label="label_BookValueEquitySecuritiesOtherThanThoseNotListedInvestmentEquitySecuritiesHeldForPurposesOtherThanPureInvestmentReportingCompany" xml:lang="ja" xlink:role="http://www.xbrl.org/2003/role/label" id="label_BookValueEquitySecuritiesOtherThanThoseNotListedInvestmentEquitySecuritiesHeldForPurposesOtherThanPureInvestmentReportingCompany">貸借対照表計上額</link:label>
    <link:labelArc xlink:type="arc" xlink:arcrole="http://www.xbrl.org/2003/arcrole/concept-label" xlink:from="BookValueEquitySecuritiesOtherThanThoseNotListedInvestmentEquitySecuritiesHeldForPurposesOtherThanPureInvestmentReportingCompany" xlink:to="label_BookValueEquitySecuritiesOtherThanThoseNotListedInvestmentEquitySecuritiesHeldForPurposesOtherThanPureInvestmentReportingCompany" />
    <link:label xlink:type="resource" xlink:label="label_BookValueEquitySecuritiesOtherThanThoseNotListedInvestmentEquitySecuritiesHeldForPurposesOtherThanPureInvestmentReportingCompany_2" xml:lang="ja" xlink:role="http://www.xbrl.org/2003/role/verboseLabel" id="label_BookValueEquitySecuritiesOtherThanThoseNotListedInvestmentEquitySecuritiesHeldForPurposesOtherThanPureInvestmentReportingCompany_2">貸借対照表計上額、非上場株式以外の株式、保有目的が純投資目的以外の目的である投資株式、提出会社</link:label>
    <link:labelArc xlink:type="arc" xlink:arcrole="http://www.xbrl.org/2003/arcrole/concept-label" xlink:from="BookValueEquitySecuritiesOtherThanThoseNotListedInvestmentEquitySecuritiesHeldForPurposesOtherThanPureInvestmentReportingCompany" xlink:to="label_BookValueEquitySecuritiesOtherThanThoseNotListedInvestmentEquitySecuritiesHeldForPurposesOtherThanPureInvestmentReportingCompany_2" />
    <link:label xlink:type="resource" xlink:label="label_NumberOfNamesOfSecuritiesWhoseNumberOfSharesIncreasedEquitySecuritiesOtherThanThoseNotListedInvestmentEquitySecuritiesHeldForPurposesOtherThanPureInvestmentReportingCompany" xml:lang="ja" xlink:role="http://www.xbrl.org/2003/role/label" id="label_NumberOfNamesOfSecuritiesWhoseNumberOfSharesIncreasedEquitySecuritiesOtherThanThoseNotListedInvestmentEquitySecuritiesHeldForPurposesOtherThanPureInvestmentReportingCompany">株式数が増加した銘柄数</link:label>
    <link:labelArc xlink:type="arc" xlink:arcrole="http://www.xbrl.org/2003/arcrole/concept-label" xlink:from="NumberOfNamesOfSecuritiesWhoseNumberOfSharesIncreasedEquitySecuritiesOtherThanThoseNotListedInvestmentEquitySecuritiesHeldForPurposesOtherThanPureInvestmentReportingCompany" xlink:to="label_NumberOfNamesOfSecuritiesWhoseNumberOfSharesIncreasedEquitySecuritiesOtherThanThoseNotListedInvestmentEquitySecuritiesHeldForPurposesOtherThanPureInvestmentReportingCompany" />
    <link:label xlink:type="resource" xlink:label="label_NumberOfNamesOfSecuritiesWhoseNumberOfSharesIncreasedEquitySecuritiesOtherThanThoseNotListedInvestmentEquitySecuritiesHeldForPurposesOtherThanPureInvestmentReportingCompany_2" xml:lang="ja" xlink:role="http://www.xbrl.org/2003/role/verboseLabel" id="label_NumberOfNamesOfSecuritiesWhoseNumberOfSharesIncreasedEquitySecuritiesOtherThanThoseNotListedInvestmentEquitySecuritiesHeldForPurposesOtherThanPureInvestmentReportingCompany_2">株式数が増加した銘柄数、非上場株式以外の株式、保有目的が純投資目的以外の目的である投資株式、提出会社</link:label>
    <link:labelArc xlink:type="arc" xlink:arcrole="http://www.xbrl.org/2003/arcrole/concept-label" xlink:from="NumberOfNamesOfSecuritiesWhoseNumberOfSharesIncreasedEquitySecuritiesOtherThanThoseNotListedInvestmentEquitySecuritiesHeldForPurposesOtherThanPureInvestmentReportingCompany" xlink:to="label_NumberOfNamesOfSecuritiesWhoseNumberOfSharesIncreasedEquitySecuritiesOtherThanThoseNotListedInvestmentEquitySecuritiesHeldForPurposesOtherThanPureInvestmentReportingCompany_2" />
    <link:label xlink:type="resource" xlink:label="label_TotalAcquisitionCostForIncreasedSharesEquitySecuritiesOtherThanThoseNotListedInvestmentEquitySecuritiesHeldForPurposesOtherThanPureInvestmentReportingCompany" xml:lang="ja" xlink:role="http://www.xbrl.org/2003/role/label" id="label_TotalAcquisitionCostForIncreasedSharesEquitySecuritiesOtherThanThoseNotListedInvestmentEquitySecuritiesHeldForPurposesOtherThanPureInvestmentReportingCompany">株式数の増加に係る取得価額の合計額</link:label>
    <link:labelArc xlink:type="arc" xlink:arcrole="http://www.xbrl.org/2003/arcrole/concept-label" xlink:from="TotalAcquisitionCostForIncreasedSharesEquitySecuritiesOtherThanThoseNotListedInvestmentEquitySecuritiesHeldForPurposesOtherThanPureInvestmentReportingCompany" xlink:to="label_TotalAcquisitionCostForIncreasedSharesEquitySecuritiesOtherThanThoseNotListedInvestmentEquitySecuritiesHeldForPurposesOtherThanPureInvestmentReportingCompany" />
    <link:label xlink:type="resource" xlink:label="label_TotalAcquisitionCostForIncreasedSharesEquitySecuritiesOtherThanThoseNotListedInvestmentEquitySecuritiesHeldForPurposesOtherThanPureInvestmentReportingCompany_2" xml:lang="ja" xlink:role="http://www.xbrl.org/2003/role/verboseLabel" id="label_TotalAcquisitionCostForIncreasedSharesEquitySecuritiesOtherThanThoseNotListedInvestmentEquitySecuritiesHeldForPurposesOtherThanPureInvestmentReportingCompany_2">株式数の増加に係る取得価額の合計額、非上場株式以外の株式、保有目的が純投資目的以外の目的である投資株式、提出会社</link:label>
    <link:labelArc xlink:type="arc" xlink:arcrole="http://www.xbrl.org/2003/arcrole/concept-label" xlink:from="TotalAcquisitionCostForIncreasedSharesEquitySecuritiesOtherThanThoseNotListedInvestmentEquitySecuritiesHeldForPurposesOtherThanPureInvestmentReportingCompany" xlink:to="label_TotalAcquisitionCostForIncreasedSharesEquitySecuritiesOtherThanThoseNotListedInvestmentEquitySecuritiesHeldForPurposesOtherThanPureInvestmentReportingCompany_2" />
    <link:label xlink:type="resource" xlink:label="label_ReasonForIncreaseInNumberOfSharesEquitySecuritiesOtherThanThoseNotListedInvestmentEquitySecuritiesHeldForPurposesOtherThanPureInvestmentReportingCompany" xml:lang="ja" xlink:role="http://www.xbrl.org/2003/role/label" id="label_ReasonForIncreaseInNumberOfSharesEquitySecuritiesOtherThanThoseNotListedInvestmentEquitySecuritiesHeldForPurposesOtherThanPureInvestmentReportingCompany">株式数が増加した理由</link:label>
    <link:labelArc xlink:type="arc" xlink:arcrole="http://www.xbrl.org/2003/arcrole/concept-label" xlink:from="ReasonForIncreaseInNumberOfSharesEquitySecuritiesOtherThanThoseNotListedInvestmentEquitySecuritiesHeldForPurposesOtherThanPureInvestmentReportingCompany" xlink:to="label_ReasonForIncreaseInNumberOfSharesEquitySecuritiesOtherThanThoseNotListedInvestmentEquitySecuritiesHeldForPurposesOtherThanPureInvestmentReportingCompany" />
    <link:label xlink:type="resource" xlink:label="label_ReasonForIncreaseInNumberOfSharesEquitySecuritiesOtherThanThoseNotListedInvestmentEquitySecuritiesHeldForPurposesOtherThanPureInvestmentReportingCompany_2" xml:lang="ja" xlink:role="http://www.xbrl.org/2003/role/verboseLabel" id="label_ReasonForIncreaseInNumberOfSharesEquitySecuritiesOtherThanThoseNotListedInvestmentEquitySecuritiesHeldForPurposesOtherThanPureInvestmentReportingCompany_2">株式数が増加した理由、非上場株式以外の株式、保有目的が純投資目的以外の目的である投資株式、提出会社</link:label>
    <link:labelArc xlink:type="arc" xlink:arcrole="http://www.xbrl.org/2003/arcrole/concept-label" xlink:from="ReasonForIncreaseInNumberOfSharesEquitySecuritiesOtherThanThoseNotListedInvestmentEquitySecuritiesHeldForPurposesOtherThanPureInvestmentReportingCompany" xlink:to="label_ReasonForIncreaseInNumberOfSharesEquitySecuritiesOtherThanThoseNotListedInvestmentEquitySecuritiesHeldForPurposesOtherThanPureInvestmentReportingCompany_2" />
    <link:label xlink:type="resource" xlink:label="label_NumberOfNamesOfSecuritiesWhoseNumberOfSharesDecreasedEquitySecuritiesOtherThanThoseNotListedInvestmentEquitySecuritiesHeldForPurposesOtherThanPureInvestmentReportingCompany" xml:lang="ja" xlink:role="http://www.xbrl.org/2003/role/label" id="label_NumberOfNamesOfSecuritiesWhoseNumberOfSharesDecreasedEquitySecuritiesOtherThanThoseNotListedInvestmentEquitySecuritiesHeldForPurposesOtherThanPureInvestmentReportingCompany">株式数が減少した銘柄数</link:label>
    <link:labelArc xlink:type="arc" xlink:arcrole="http://www.xbrl.org/2003/arcrole/concept-label" xlink:from="NumberOfNamesOfSecuritiesWhoseNumberOfSharesDecreasedEquitySecuritiesOtherThanThoseNotListedInvestmentEquitySecuritiesHeldForPurposesOtherThanPureInvestmentReportingCompany" xlink:to="label_NumberOfNamesOfSecuritiesWhoseNumberOfSharesDecreasedEquitySecuritiesOtherThanThoseNotListedInvestmentEquitySecuritiesHeldForPurposesOtherThanPureInvestmentReportingCompany" />
    <link:label xlink:type="resource" xlink:label="label_NumberOfNamesOfSecuritiesWhoseNumberOfSharesDecreasedEquitySecuritiesOtherThanThoseNotListedInvestmentEquitySecuritiesHeldForPurposesOtherThanPureInvestmentReportingCompany_2" xml:lang="ja" xlink:role="http://www.xbrl.org/2003/role/verboseLabel" id="label_NumberOfNamesOfSecuritiesWhoseNumberOfSharesDecreasedEquitySecuritiesOtherThanThoseNotListedInvestmentEquitySecuritiesHeldForPurposesOtherThanPureInvestmentReportingCompany_2">株式数が減少した銘柄数、非上場株式以外の株式、保有目的が純投資目的以外の目的である投資株式、提出会社</link:label>
    <link:labelArc xlink:type="arc" xlink:arcrole="http://www.xbrl.org/2003/arcrole/concept-label" xlink:from="NumberOfNamesOfSecuritiesWhoseNumberOfSharesDecreasedEquitySecuritiesOtherThanThoseNotListedInvestmentEquitySecuritiesHeldForPurposesOtherThanPureInvestmentReportingCompany" xlink:to="label_NumberOfNamesOfSecuritiesWhoseNumberOfSharesDecreasedEquitySecuritiesOtherThanThoseNotListedInvestmentEquitySecuritiesHeldForPurposesOtherThanPureInvestmentReportingCompany_2" />
    <link:label xlink:type="resource" xlink:label="label_TotalSalesAmountForDecreasedSharesEquitySecuritiesOtherThanThoseNotListedInvestmentEquitySecuritiesHeldForPurposesOtherThanPureInvestmentReportingCompany" xml:lang="ja" xlink:role="http://www.xbrl.org/2003/role/label" id="label_TotalSalesAmountForDecreasedSharesEquitySecuritiesOtherThanThoseNotListedInvestmentEquitySecuritiesHeldForPurposesOtherThanPureInvestmentReportingCompany">株式数の減少に係る売却価額の合計額</link:label>
    <link:labelArc xlink:type="arc" xlink:arcrole="http://www.xbrl.org/2003/arcrole/concept-label" xlink:from="TotalSalesAmountForDecreasedSharesEquitySecuritiesOtherThanThoseNotListedInvestmentEquitySecuritiesHeldForPurposesOtherThanPureInvestmentReportingCompany" xlink:to="label_TotalSalesAmountForDecreasedSharesEquitySecuritiesOtherThanThoseNotListedInvestmentEquitySecuritiesHeldForPurposesOtherThanPureInvestmentReportingCompany" />
    <link:label xlink:type="resource" xlink:label="label_TotalSalesAmountForDecreasedSharesEquitySecuritiesOtherThanThoseNotListedInvestmentEquitySecuritiesHeldForPurposesOtherThanPureInvestmentReportingCompany_2" xml:lang="ja" xlink:role="http://www.xbrl.org/2003/role/verboseLabel" id="label_TotalSalesAmountForDecreasedSharesEquitySecuritiesOtherThanThoseNotListedInvestmentEquitySecuritiesHeldForPurposesOtherThanPureInvestmentReportingCompany_2">株式数の減少に係る売却価額の合計額、非上場株式以外の株式、保有目的が純投資目的以外の目的である投資株式、提出会社</link:label>
    <link:labelArc xlink:type="arc" xlink:arcrole="http://www.xbrl.org/2003/arcrole/concept-label" xlink:from="TotalSalesAmountForDecreasedSharesEquitySecuritiesOtherThanThoseNotListedInvestmentEquitySecuritiesHeldForPurposesOtherThanPureInvestmentReportingCompany" xlink:to="label_TotalSalesAmountForDecreasedSharesEquitySecuritiesOtherThanThoseNotListedInvestmentEquitySecuritiesHeldForPurposesOtherThanPureInvestmentReportingCompany_2" />
    <link:label xlink:type="resource" xlink:label="label_ProvisionForGiftToShareholdersSGA" xml:lang="ja" xlink:role="http://www.xbrl.org/2003/role/label" id="label_ProvisionForGiftToShareholdersSGA">株主優待引当金繰入額</link:label>
    <link:labelArc xlink:type="arc" xlink:arcrole="http://www.xbrl.org/2003/arcrole/concept-label" xlink:from="ProvisionForGiftToShareholdersSGA" xlink:to="label_ProvisionForGiftToShareholdersSGA" />
    <link:label xlink:type="resource" xlink:label="label_ProvisionForGiftToShareholdersSGA_2" xml:lang="ja" xlink:role="http://www.xbrl.org/2003/role/verboseLabel" id="label_ProvisionForGiftToShareholdersSGA_2">株主優待引当金繰入額、販売費及び一般管理費</link:label>
    <link:labelArc xlink:type="arc" xlink:arcrole="http://www.xbrl.org/2003/arcrole/concept-label" xlink:from="ProvisionForGiftToShareholdersSGA" xlink:to="label_ProvisionForGiftToShareholdersSGA_2" />
    <link:label xlink:type="resource" xlink:label="label_ReceiptDamagesNOI" xml:lang="ja" xlink:role="http://www.xbrl.org/2003/role/label" id="label_ReceiptDamagesNOI">受取損害賠償金</link:label>
    <link:labelArc xlink:type="arc" xlink:arcrole="http://www.xbrl.org/2003/arcrole/concept-label" xlink:from="ReceiptDamagesNOI" xlink:to="label_ReceiptDamagesNOI" />
    <link:label xlink:type="resource" xlink:label="label_ReceiptDamagesNOI_2" xml:lang="ja" xlink:role="http://www.xbrl.org/2003/role/verboseLabel" id="label_ReceiptDamagesNOI_2">受取損害賠償金、営業外収益</link:label>
    <link:labelArc xlink:type="arc" xlink:arcrole="http://www.xbrl.org/2003/arcrole/concept-label" xlink:from="ReceiptDamagesNOI" xlink:to="label_ReceiptDamagesNOI_2" />
    <link:label xlink:type="resource" xlink:label="label_KoujotaishougaishouhizeitouNOE" xml:lang="ja" xlink:role="http://www.xbrl.org/2003/role/label" id="label_KoujotaishougaishouhizeitouNOE">控除対象外消費税等</link:label>
    <link:labelArc xlink:type="arc" xlink:arcrole="http://www.xbrl.org/2003/arcrole/concept-label" xlink:from="KoujotaishougaishouhizeitouNOE" xlink:to="label_KoujotaishougaishouhizeitouNOE" />
    <link:label xlink:type="resource" xlink:label="label_KoujotaishougaishouhizeitouNOE_2" xml:lang="ja" xlink:role="http://www.xbrl.org/2003/role/verboseLabel" id="label_KoujotaishougaishouhizeitouNOE_2">控除対象外消費税等、営業外費用</link:label>
    <link:labelArc xlink:type="arc" xlink:arcrole="http://www.xbrl.org/2003/arcrole/concept-label" xlink:from="KoujotaishougaishouhizeitouNOE" xlink:to="label_KoujotaishougaishouhizeitouNOE_2" />
    <link:label xlink:type="resource" xlink:label="label_LossOnLiquidationOfBusinessRelatedToTheStoreEL" xml:lang="ja" xlink:role="http://www.xbrl.org/2003/role/label" id="label_LossOnLiquidationOfBusinessRelatedToTheStoreEL">店舗関係整理損</link:label>
    <link:labelArc xlink:type="arc" xlink:arcrole="http://www.xbrl.org/2003/arcrole/concept-label" xlink:from="LossOnLiquidationOfBusinessRelatedToTheStoreEL" xlink:to="label_LossOnLiquidationOfBusinessRelatedToTheStoreEL" />
    <link:label xlink:type="resource" xlink:label="label_LossOnLiquidationOfBusinessRelatedToTheStoreEL_2" xml:lang="ja" xlink:role="http://www.xbrl.org/2003/role/verboseLabel" id="label_LossOnLiquidationOfBusinessRelatedToTheStoreEL_2">店舗関係整理損、特別損失</link:label>
    <link:labelArc xlink:type="arc" xlink:arcrole="http://www.xbrl.org/2003/arcrole/concept-label" xlink:from="LossOnLiquidationOfBusinessRelatedToTheStoreEL" xlink:to="label_LossOnLiquidationOfBusinessRelatedToTheStoreEL_2" />
    <link:label xlink:type="resource" xlink:label="label_LossOnSupportToBusinessEL" xml:lang="ja" xlink:role="http://www.xbrl.org/2003/role/label" id="label_LossOnSupportToBusinessEL">事業支援損</link:label>
    <link:labelArc xlink:type="arc" xlink:arcrole="http://www.xbrl.org/2003/arcrole/concept-label" xlink:from="LossOnSupportToBusinessEL" xlink:to="label_LossOnSupportToBusinessEL" />
    <link:label xlink:type="resource" xlink:label="label_LossOnSupportToBusinessEL_2" xml:lang="ja" xlink:role="http://www.xbrl.org/2003/role/verboseLabel" id="label_LossOnSupportToBusinessEL_2">事業支援損、特別損失</link:label>
    <link:labelArc xlink:type="arc" xlink:arcrole="http://www.xbrl.org/2003/arcrole/concept-label" xlink:from="LossOnSupportToBusinessEL" xlink:to="label_LossOnSupportToBusinessEL_2" />
    <link:label xlink:type="resource" xlink:label="label_SubsidiaryTransferCostEL" xml:lang="ja" xlink:role="http://www.xbrl.org/2003/role/label" id="label_SubsidiaryTransferCostEL">子会社移転費用</link:label>
    <link:labelArc xlink:type="arc" xlink:arcrole="http://www.xbrl.org/2003/arcrole/concept-label" xlink:from="SubsidiaryTransferCostEL" xlink:to="label_SubsidiaryTransferCostEL" />
    <link:label xlink:type="resource" xlink:label="label_SubsidiaryTransferCostEL_2" xml:lang="ja" xlink:role="http://www.xbrl.org/2003/role/verboseLabel" id="label_SubsidiaryTransferCostEL_2">子会社移転費用、特別損失</link:label>
    <link:labelArc xlink:type="arc" xlink:arcrole="http://www.xbrl.org/2003/arcrole/concept-label" xlink:from="SubsidiaryTransferCostEL" xlink:to="label_SubsidiaryTransferCostEL_2" />
    <link:label xlink:type="resource" xlink:label="label_TotalShareholderReturn" xml:lang="ja" xlink:role="http://www.xbrl.org/2003/role/label" id="label_TotalShareholderReturn">株主総利回り</link:label>
    <link:labelArc xlink:type="arc" xlink:arcrole="http://www.xbrl.org/2003/arcrole/concept-label" xlink:from="TotalShareholderReturn" xlink:to="label_TotalShareholderReturn" />
    <link:label xlink:type="resource" xlink:label="label_TotalShareholderReturn_2" xml:lang="ja" xlink:role="http://www.xbrl.org/2003/role/verboseLabel" id="label_TotalShareholderReturn_2">株主総利回り</link:label>
    <link:labelArc xlink:type="arc" xlink:arcrole="http://www.xbrl.org/2003/arcrole/concept-label" xlink:from="TotalShareholderReturn" xlink:to="label_TotalShareholderReturn_2" />
    <link:label xlink:type="resource" xlink:label="label_TotalReturnOnSharePriceIndex" xml:lang="ja" xlink:role="http://www.xbrl.org/2003/role/label" id="label_TotalReturnOnSharePriceIndex">株価指数における総利回り</link:label>
    <link:labelArc xlink:type="arc" xlink:arcrole="http://www.xbrl.org/2003/arcrole/concept-label" xlink:from="TotalReturnOnSharePriceIndex" xlink:to="label_TotalReturnOnSharePriceIndex" />
    <link:label xlink:type="resource" xlink:label="label_TotalReturnOnSharePriceIndex_2" xml:lang="ja" xlink:role="http://www.xbrl.org/2003/role/verboseLabel" id="label_TotalReturnOnSharePriceIndex_2">株価指数における総利回り</link:label>
    <link:labelArc xlink:type="arc" xlink:arcrole="http://www.xbrl.org/2003/arcrole/concept-label" xlink:from="TotalReturnOnSharePriceIndex" xlink:to="label_TotalReturnOnSharePriceIndex_2" />
    <link:label xlink:type="resource" xlink:label="label_ProceedsFromNonControllingShareholdersWithAConsolidatedSubsidiaryEstablishmentFinCF" xml:lang="ja" xlink:role="http://www.xbrl.org/2003/role/label" id="label_ProceedsFromNonControllingShareholdersWithAConsolidatedSubsidiaryEstablishmentFinCF">連結子会社設立に伴う非支配株主からの払込による収入</link:label>
    <link:labelArc xlink:type="arc" xlink:arcrole="http://www.xbrl.org/2003/arcrole/concept-label" xlink:from="ProceedsFromNonControllingShareholdersWithAConsolidatedSubsidiaryEstablishmentFinCF" xlink:to="label_ProceedsFromNonControllingShareholdersWithAConsolidatedSubsidiaryEstablishmentFinCF" />
    <link:label xlink:type="resource" xlink:label="label_ProceedsFromNonControllingShareholdersWithAConsolidatedSubsidiaryEstablishmentFinCF_2" xml:lang="ja" xlink:role="http://www.xbrl.org/2003/role/verboseLabel" id="label_ProceedsFromNonControllingShareholdersWithAConsolidatedSubsidiaryEstablishmentFinCF_2">連結子会社設立に伴う非支配株主からの払込による収入、財務活動によるキャッシュ・フロー</link:label>
    <link:labelArc xlink:type="arc" xlink:arcrole="http://www.xbrl.org/2003/arcrole/concept-label" xlink:from="ProceedsFromNonControllingShareholdersWithAConsolidatedSubsidiaryEstablishmentFinCF" xlink:to="label_ProceedsFromNonControllingShareholdersWithAConsolidatedSubsidiaryEstablishmentFinCF_2" />
    <link:label xlink:type="resource" xlink:label="label_ManagementAnalysisOfFinancialPositionOperatingResultsAndCashFlowsHeading" xml:lang="ja" xlink:role="http://www.xbrl.org/2003/role/label" id="label_ManagementAnalysisOfFinancialPositionOperatingResultsAndCashFlowsHeading">経営者による財政状態、経営成績及びキャッシュ・フローの状況の分析</link:label>
    <link:labelArc xlink:type="arc" xlink:arcrole="http://www.xbrl.org/2003/arcrole/concept-label" xlink:from="ManagementAnalysisOfFinancialPositionOperatingResultsAndCashFlowsHeading" xlink:to="label_ManagementAnalysisOfFinancialPositionOperatingResultsAndCashFlowsHeading" />
    <link:label xlink:type="resource" xlink:label="label_ManagementAnalysisOfFinancialPositionOperatingResultsAndCashFlowsHeading_2" xml:lang="ja" xlink:role="http://www.xbrl.org/2003/role/verboseLabel" id="label_ManagementAnalysisOfFinancialPositionOperatingResultsAndCashFlowsHeading_2">経営者による財政状態、経営成績及びキャッシュ・フローの状況の分析 [目次項目]</link:label>
    <link:labelArc xlink:type="arc" xlink:arcrole="http://www.xbrl.org/2003/arcrole/concept-label" xlink:from="ManagementAnalysisOfFinancialPositionOperatingResultsAndCashFlowsHeading" xlink:to="label_ManagementAnalysisOfFinancialPositionOperatingResultsAndCashFlowsHeading_2" />
    <link:label xlink:type="resource" xlink:label="label_ManagementAnalysisOfFinancialPositionOperatingResultsAndCashFlowsTextBlock" xml:lang="ja" xlink:role="http://www.xbrl.org/2003/role/label" id="label_ManagementAnalysisOfFinancialPositionOperatingResultsAndCashFlowsTextBlock">経営者による財政状態、経営成績及びキャッシュ・フローの状況の分析</link:label>
    <link:labelArc xlink:type="arc" xlink:arcrole="http://www.xbrl.org/2003/arcrole/concept-label" xlink:from="ManagementAnalysisOfFinancialPositionOperatingResultsAndCashFlowsTextBlock" xlink:to="label_ManagementAnalysisOfFinancialPositionOperatingResultsAndCashFlowsTextBlock" />
    <link:label xlink:type="resource" xlink:label="label_ManagementAnalysisOfFinancialPositionOperatingResultsAndCashFlowsTextBlock_2" xml:lang="ja" xlink:role="http://www.xbrl.org/2003/role/verboseLabel" id="label_ManagementAnalysisOfFinancialPositionOperatingResultsAndCashFlowsTextBlock_2">経営者による財政状態、経営成績及びキャッシュ・フローの状況の分析 [テキストブロック]</link:label>
    <link:labelArc xlink:type="arc" xlink:arcrole="http://www.xbrl.org/2003/arcrole/concept-label" xlink:from="ManagementAnalysisOfFinancialPositionOperatingResultsAndCashFlowsTextBlock" xlink:to="label_ManagementAnalysisOfFinancialPositionOperatingResultsAndCashFlowsTextBlock_2" />
    <link:label xlink:type="resource" xlink:label="label_OtherInformationAboutShareAcquisitionRightsHeading" xml:lang="ja" xlink:role="http://www.xbrl.org/2003/role/label" id="label_OtherInformationAboutShareAcquisitionRightsHeading">その他の新株予約権等の状況</link:label>
    <link:labelArc xlink:type="arc" xlink:arcrole="http://www.xbrl.org/2003/arcrole/concept-label" xlink:from="OtherInformationAboutShareAcquisitionRightsHeading" xlink:to="label_OtherInformationAboutShareAcquisitionRightsHeading" />
    <link:label xlink:type="resource" xlink:label="label_OtherInformationAboutShareAcquisitionRightsHeading_2" xml:lang="ja" xlink:role="http://www.xbrl.org/2003/role/verboseLabel" id="label_OtherInformationAboutShareAcquisitionRightsHeading_2">その他の新株予約権等の状況 [目次項目]</link:label>
    <link:labelArc xlink:type="arc" xlink:arcrole="http://www.xbrl.org/2003/arcrole/concept-label" xlink:from="OtherInformationAboutShareAcquisitionRightsHeading" xlink:to="label_OtherInformationAboutShareAcquisitionRightsHeading_2" />
    <link:label xlink:type="resource" xlink:label="label_OtherInformationAboutShareAcquisitionRightsTextBlock" xml:lang="ja" xlink:role="http://www.xbrl.org/2003/role/label" id="label_OtherInformationAboutShareAcquisitionRightsTextBlock">その他の新株予約権等の状況</link:label>
    <link:labelArc xlink:type="arc" xlink:arcrole="http://www.xbrl.org/2003/arcrole/concept-label" xlink:from="OtherInformationAboutShareAcquisitionRightsTextBlock" xlink:to="label_OtherInformationAboutShareAcquisitionRightsTextBlock" />
    <link:label xlink:type="resource" xlink:label="label_OtherInformationAboutShareAcquisitionRightsTextBlock_2" xml:lang="ja" xlink:role="http://www.xbrl.org/2003/role/verboseLabel" id="label_OtherInformationAboutShareAcquisitionRightsTextBlock_2">その他の新株予約権等の状況 [テキストブロック]</link:label>
    <link:labelArc xlink:type="arc" xlink:arcrole="http://www.xbrl.org/2003/arcrole/concept-label" xlink:from="OtherInformationAboutShareAcquisitionRightsTextBlock" xlink:to="label_OtherInformationAboutShareAcquisitionRightsTextBlock_2" />
    <link:label xlink:type="resource" xlink:label="label_OverviewOfCorporateGovernanceTextBlock" xml:lang="ja" xlink:role="http://www.xbrl.org/2003/role/label" id="label_OverviewOfCorporateGovernanceTextBlock">コーポレート・ガバナンスの概要</link:label>
    <link:labelArc xlink:type="arc" xlink:arcrole="http://www.xbrl.org/2003/arcrole/concept-label" xlink:from="OverviewOfCorporateGovernanceTextBlock" xlink:to="label_OverviewOfCorporateGovernanceTextBlock" />
    <link:label xlink:type="resource" xlink:label="label_OverviewOfCorporateGovernanceTextBlock_2" xml:lang="ja" xlink:role="http://www.xbrl.org/2003/role/verboseLabel" id="label_OverviewOfCorporateGovernanceTextBlock_2">コーポレート・ガバナンスの概要 [テキストブロック]</link:label>
    <link:labelArc xlink:type="arc" xlink:arcrole="http://www.xbrl.org/2003/arcrole/concept-label" xlink:from="OverviewOfCorporateGovernanceTextBlock" xlink:to="label_OverviewOfCorporateGovernanceTextBlock_2" />
    <link:label xlink:type="resource" xlink:label="label_OutsideDirectorsAndOutsideCorporateAuditorsInformationAboutDirectorsAndOtherOfficersTextBlock" xml:lang="ja" xlink:role="http://www.xbrl.org/2003/role/label" id="label_OutsideDirectorsAndOutsideCorporateAuditorsInformationAboutDirectorsAndOtherOfficersTextBlock">社外取締役（及び社外監査役）</link:label>
    <link:labelArc xlink:type="arc" xlink:arcrole="http://www.xbrl.org/2003/arcrole/concept-label" xlink:from="OutsideDirectorsAndOutsideCorporateAuditorsInformationAboutDirectorsAndOtherOfficersTextBlock" xlink:to="label_OutsideDirectorsAndOutsideCorporateAuditorsInformationAboutDirectorsAndOtherOfficersTextBlock" />
    <link:label xlink:type="resource" xlink:label="label_OutsideDirectorsAndOutsideCorporateAuditorsInformationAboutDirectorsAndOtherOfficersTextBlock_2" xml:lang="ja" xlink:role="http://www.xbrl.org/2003/role/verboseLabel" id="label_OutsideDirectorsAndOutsideCorporateAuditorsInformationAboutDirectorsAndOtherOfficersTextBlock_2">社外取締役（及び社外監査役）、役員の状況 [テキストブロック]</link:label>
    <link:labelArc xlink:type="arc" xlink:arcrole="http://www.xbrl.org/2003/arcrole/concept-label" xlink:from="OutsideDirectorsAndOutsideCorporateAuditorsInformationAboutDirectorsAndOtherOfficersTextBlock" xlink:to="label_OutsideDirectorsAndOutsideCorporateAuditorsInformationAboutDirectorsAndOtherOfficersTextBlock_2" />
    <link:label xlink:type="resource" xlink:label="label_InformationAboutAuditsTextBlock" xml:lang="ja" xlink:role="http://www.xbrl.org/2003/role/label" id="label_InformationAboutAuditsTextBlock">監査の状況</link:label>
    <link:labelArc xlink:type="arc" xlink:arcrole="http://www.xbrl.org/2003/arcrole/concept-label" xlink:from="InformationAboutAuditsTextBlock" xlink:to="label_InformationAboutAuditsTextBlock" />
    <link:label xlink:type="resource" xlink:label="label_InformationAboutAuditsTextBlock_2" xml:lang="ja" xlink:role="http://www.xbrl.org/2003/role/verboseLabel" id="label_InformationAboutAuditsTextBlock_2">監査の状況 [テキストブロック]</link:label>
    <link:labelArc xlink:type="arc" xlink:arcrole="http://www.xbrl.org/2003/arcrole/concept-label" xlink:from="InformationAboutAuditsTextBlock" xlink:to="label_InformationAboutAuditsTextBlock_2" />
    <link:label xlink:type="resource" xlink:label="label_RemunerationForDirectorsAndOtherOfficersTextBlock" xml:lang="ja" xlink:role="http://www.xbrl.org/2003/role/label" id="label_RemunerationForDirectorsAndOtherOfficersTextBlock">役員の報酬等</link:label>
    <link:labelArc xlink:type="arc" xlink:arcrole="http://www.xbrl.org/2003/arcrole/concept-label" xlink:from="RemunerationForDirectorsAndOtherOfficersTextBlock" xlink:to="label_RemunerationForDirectorsAndOtherOfficersTextBlock" />
    <link:label xlink:type="resource" xlink:label="label_RemunerationForDirectorsAndOtherOfficersTextBlock_2" xml:lang="ja" xlink:role="http://www.xbrl.org/2003/role/verboseLabel" id="label_RemunerationForDirectorsAndOtherOfficersTextBlock_2">役員の報酬等 [テキストブロック]</link:label>
    <link:labelArc xlink:type="arc" xlink:arcrole="http://www.xbrl.org/2003/arcrole/concept-label" xlink:from="RemunerationForDirectorsAndOtherOfficersTextBlock" xlink:to="label_RemunerationForDirectorsAndOtherOfficersTextBlock_2" />
    <link:label xlink:type="resource" xlink:label="label_EquitySecuritiesHeldTextBlock" xml:lang="ja" xlink:role="http://www.xbrl.org/2003/role/label" id="label_EquitySecuritiesHeldTextBlock">株式の保有状況</link:label>
    <link:labelArc xlink:type="arc" xlink:arcrole="http://www.xbrl.org/2003/arcrole/concept-label" xlink:from="EquitySecuritiesHeldTextBlock" xlink:to="label_EquitySecuritiesHeldTextBlock" />
    <link:label xlink:type="resource" xlink:label="label_EquitySecuritiesHeldTextBlock_2" xml:lang="ja" xlink:role="http://www.xbrl.org/2003/role/verboseLabel" id="label_EquitySecuritiesHeldTextBlock_2">株式の保有状況 [テキストブロック]</link:label>
    <link:labelArc xlink:type="arc" xlink:arcrole="http://www.xbrl.org/2003/arcrole/concept-label" xlink:from="EquitySecuritiesHeldTextBlock" xlink:to="label_EquitySecuritiesHeldTextBlock_2" />
    <link:label xlink:type="resource" xlink:label="label_OverviewOfCorporateGovernanceHeading" xml:lang="ja" xlink:role="http://www.xbrl.org/2003/role/label" id="label_OverviewOfCorporateGovernanceHeading">コーポレート・ガバナンスの概要</link:label>
    <link:labelArc xlink:type="arc" xlink:arcrole="http://www.xbrl.org/2003/arcrole/concept-label" xlink:from="OverviewOfCorporateGovernanceHeading" xlink:to="label_OverviewOfCorporateGovernanceHeading" />
    <link:label xlink:type="resource" xlink:label="label_OverviewOfCorporateGovernanceHeading_2" xml:lang="ja" xlink:role="http://www.xbrl.org/2003/role/verboseLabel" id="label_OverviewOfCorporateGovernanceHeading_2">コーポレート・ガバナンスの概要 [目次項目]</link:label>
    <link:labelArc xlink:type="arc" xlink:arcrole="http://www.xbrl.org/2003/arcrole/concept-label" xlink:from="OverviewOfCorporateGovernanceHeading" xlink:to="label_OverviewOfCorporateGovernanceHeading_2" />
    <link:label xlink:type="resource" xlink:label="label_InformationAboutAuditsHeading" xml:lang="ja" xlink:role="http://www.xbrl.org/2003/role/label" id="label_InformationAboutAuditsHeading">監査の状況</link:label>
    <link:labelArc xlink:type="arc" xlink:arcrole="http://www.xbrl.org/2003/arcrole/concept-label" xlink:from="InformationAboutAuditsHeading" xlink:to="label_InformationAboutAuditsHeading" />
    <link:label xlink:type="resource" xlink:label="label_InformationAboutAuditsHeading_2" xml:lang="ja" xlink:role="http://www.xbrl.org/2003/role/verboseLabel" id="label_InformationAboutAuditsHeading_2">監査の状況 [目次項目]</link:label>
    <link:labelArc xlink:type="arc" xlink:arcrole="http://www.xbrl.org/2003/arcrole/concept-label" xlink:from="InformationAboutAuditsHeading" xlink:to="label_InformationAboutAuditsHeading_2" />
    <link:label xlink:type="resource" xlink:label="label_TransportationBusinessReportableSegmentsMember" xml:lang="ja" xlink:role="http://www.xbrl.org/2003/role/label" id="label_TransportationBusinessReportableSegmentsMember">運送事業</link:label>
    <link:labelArc xlink:type="arc" xlink:arcrole="http://www.xbrl.org/2003/arcrole/concept-label" xlink:from="TransportationBusinessReportableSegmentsMember" xlink:to="label_TransportationBusinessReportableSegmentsMember" />
    <link:label xlink:type="resource" xlink:label="label_TransportationBusinessReportableSegmentsMember_2" xml:lang="ja" xlink:role="http://www.xbrl.org/2003/role/verboseLabel" id="label_TransportationBusinessReportableSegmentsMember_2">運送事業、報告セグメント [メンバー]</link:label>
    <link:labelArc xlink:type="arc" xlink:arcrole="http://www.xbrl.org/2003/arcrole/concept-label" xlink:from="TransportationBusinessReportableSegmentsMember" xlink:to="label_TransportationBusinessReportableSegmentsMember_2" />
    <link:label xlink:type="resource" xlink:label="label_RestaurantBusinessReportableSegmentsMember" xml:lang="ja" xlink:role="http://www.xbrl.org/2003/role/label" id="label_RestaurantBusinessReportableSegmentsMember">飲食事業</link:label>
    <link:labelArc xlink:type="arc" xlink:arcrole="http://www.xbrl.org/2003/arcrole/concept-label" xlink:from="RestaurantBusinessReportableSegmentsMember" xlink:to="label_RestaurantBusinessReportableSegmentsMember" />
    <link:label xlink:type="resource" xlink:label="label_RestaurantBusinessReportableSegmentsMember_2" xml:lang="ja" xlink:role="http://www.xbrl.org/2003/role/verboseLabel" id="label_RestaurantBusinessReportableSegmentsMember_2">飲食事業、報告セグメント [メンバー]</link:label>
    <link:labelArc xlink:type="arc" xlink:arcrole="http://www.xbrl.org/2003/arcrole/concept-label" xlink:from="RestaurantBusinessReportableSegmentsMember" xlink:to="label_RestaurantBusinessReportableSegmentsMember_2" />
    <link:label xlink:type="resource" xlink:label="label_WholesaleBusinessReportableSegmentsMember" xml:lang="ja" xlink:role="http://www.xbrl.org/2003/role/label" id="label_WholesaleBusinessReportableSegmentsMember">卸売事業</link:label>
    <link:labelArc xlink:type="arc" xlink:arcrole="http://www.xbrl.org/2003/arcrole/concept-label" xlink:from="WholesaleBusinessReportableSegmentsMember" xlink:to="label_WholesaleBusinessReportableSegmentsMember" />
    <link:label xlink:type="resource" xlink:label="label_WholesaleBusinessReportableSegmentsMember_2" xml:lang="ja" xlink:role="http://www.xbrl.org/2003/role/verboseLabel" id="label_WholesaleBusinessReportableSegmentsMember_2">卸売事業、報告セグメント [メンバー]</link:label>
    <link:labelArc xlink:type="arc" xlink:arcrole="http://www.xbrl.org/2003/arcrole/concept-label" xlink:from="WholesaleBusinessReportableSegmentsMember" xlink:to="label_WholesaleBusinessReportableSegmentsMember_2" />
    <link:label xlink:type="resource" xlink:label="label_RealEstateBusinessReportableSegmentsMember" xml:lang="ja" xlink:role="http://www.xbrl.org/2003/role/label" id="label_RealEstateBusinessReportableSegmentsMember">不動産事業</link:label>
    <link:labelArc xlink:type="arc" xlink:arcrole="http://www.xbrl.org/2003/arcrole/concept-label" xlink:from="RealEstateBusinessReportableSegmentsMember" xlink:to="label_RealEstateBusinessReportableSegmentsMember" />
    <link:label xlink:type="resource" xlink:label="label_RealEstateBusinessReportableSegmentsMember_2" xml:lang="ja" xlink:role="http://www.xbrl.org/2003/role/verboseLabel" id="label_RealEstateBusinessReportableSegmentsMember_2">不動産事業、報告セグメント [メンバー]</link:label>
    <link:labelArc xlink:type="arc" xlink:arcrole="http://www.xbrl.org/2003/arcrole/concept-label" xlink:from="RealEstateBusinessReportableSegmentsMember" xlink:to="label_RealEstateBusinessReportableSegmentsMember_2" />
    <link:label xlink:type="resource" xlink:label="label_ChainStyleBusinessReportableSegmentsMember" xml:lang="ja" xlink:role="http://www.xbrl.org/2003/role/label" id="label_ChainStyleBusinessReportableSegmentsMember">フランチャイズ事業</link:label>
    <link:labelArc xlink:type="arc" xlink:arcrole="http://www.xbrl.org/2003/arcrole/concept-label" xlink:from="ChainStyleBusinessReportableSegmentsMember" xlink:to="label_ChainStyleBusinessReportableSegmentsMember" />
    <link:label xlink:type="resource" xlink:label="label_ChainStyleBusinessReportableSegmentsMember_2" xml:lang="ja" xlink:role="http://www.xbrl.org/2003/role/verboseLabel" id="label_ChainStyleBusinessReportableSegmentsMember_2">フランチャイズ事業、報告セグメント [メンバー]</link:label>
    <link:labelArc xlink:type="arc" xlink:arcrole="http://www.xbrl.org/2003/arcrole/concept-label" xlink:from="ChainStyleBusinessReportableSegmentsMember" xlink:to="label_ChainStyleBusinessReportableSegmentsMember_2" />
    <link:label xlink:type="resource" xlink:label="label_AccountingPolicyForSignificantDeferredAssetsTextBlock" xml:lang="ja" xlink:role="http://www.xbrl.org/2003/role/label" id="label_AccountingPolicyForSignificantDeferredAssetsTextBlock">重要な繰延資産の処理方法</link:label>
    <link:labelArc xlink:type="arc" xlink:arcrole="http://www.xbrl.org/2003/arcrole/concept-label" xlink:from="AccountingPolicyForSignificantDeferredAssetsTextBlock" xlink:to="label_AccountingPolicyForSignificantDeferredAssetsTextBlock" />
    <link:label xlink:type="resource" xlink:label="label_AccountingPolicyForSignificantDeferredAssetsTextBlock_2" xml:lang="ja" xlink:role="http://www.xbrl.org/2003/role/verboseLabel" id="label_AccountingPolicyForSignificantDeferredAssetsTextBlock_2">重要な繰延資産の処理方法 [テキストブロック]</link:label>
    <link:labelArc xlink:type="arc" xlink:arcrole="http://www.xbrl.org/2003/arcrole/concept-label" xlink:from="AccountingPolicyForSignificantDeferredAssetsTextBlock" xlink:to="label_AccountingPolicyForSignificantDeferredAssetsTextBlock_2" />
    <link:label xlink:type="resource" xlink:label="label_FixedRemunerationRemunerationEtcByCategoryOfDirectorsAndOtherOfficers" xml:lang="ja" xlink:role="http://www.xbrl.org/2003/role/label" id="label_FixedRemunerationRemunerationEtcByCategoryOfDirectorsAndOtherOfficers">固定報酬</link:label>
    <link:labelArc xlink:type="arc" xlink:arcrole="http://www.xbrl.org/2003/arcrole/concept-label" xlink:from="FixedRemunerationRemunerationEtcByCategoryOfDirectorsAndOtherOfficers" xlink:to="label_FixedRemunerationRemunerationEtcByCategoryOfDirectorsAndOtherOfficers" />
    <link:label xlink:type="resource" xlink:label="label_FixedRemunerationRemunerationEtcByCategoryOfDirectorsAndOtherOfficers_2" xml:lang="ja" xlink:role="http://www.xbrl.org/2003/role/verboseLabel" id="label_FixedRemunerationRemunerationEtcByCategoryOfDirectorsAndOtherOfficers_2">固定報酬、役員区分ごとの報酬等</link:label>
    <link:labelArc xlink:type="arc" xlink:arcrole="http://www.xbrl.org/2003/arcrole/concept-label" xlink:from="FixedRemunerationRemunerationEtcByCategoryOfDirectorsAndOtherOfficers" xlink:to="label_FixedRemunerationRemunerationEtcByCategoryOfDirectorsAndOtherOfficers_2" />
    <link:label xlink:type="resource" xlink:label="label_PerformanceBasedRemunerationRemunerationEtcByCategoryOfDirectorsAndOtherOfficers" xml:lang="ja" xlink:role="http://www.xbrl.org/2003/role/label" id="label_PerformanceBasedRemunerationRemunerationEtcByCategoryOfDirectorsAndOtherOfficers">業績連動報酬</link:label>
    <link:labelArc xlink:type="arc" xlink:arcrole="http://www.xbrl.org/2003/arcrole/concept-label" xlink:from="PerformanceBasedRemunerationRemunerationEtcByCategoryOfDirectorsAndOtherOfficers" xlink:to="label_PerformanceBasedRemunerationRemunerationEtcByCategoryOfDirectorsAndOtherOfficers" />
    <link:label xlink:type="resource" xlink:label="label_PerformanceBasedRemunerationRemunerationEtcByCategoryOfDirectorsAndOtherOfficers_2" xml:lang="ja" xlink:role="http://www.xbrl.org/2003/role/verboseLabel" id="label_PerformanceBasedRemunerationRemunerationEtcByCategoryOfDirectorsAndOtherOfficers_2">業績連動報酬、役員区分ごとの報酬等</link:label>
    <link:labelArc xlink:type="arc" xlink:arcrole="http://www.xbrl.org/2003/arcrole/concept-label" xlink:from="PerformanceBasedRemunerationRemunerationEtcByCategoryOfDirectorsAndOtherOfficers" xlink:to="label_PerformanceBasedRemunerationRemunerationEtcByCategoryOfDirectorsAndOtherOfficers_2" />
    <link:label xlink:type="resource" xlink:label="label_RemunerationForDirectorsAndOtherOfficersHeading" xml:lang="ja" xlink:role="http://www.xbrl.org/2003/role/label" id="label_RemunerationForDirectorsAndOtherOfficersHeading">役員の報酬等</link:label>
    <link:labelArc xlink:type="arc" xlink:arcrole="http://www.xbrl.org/2003/arcrole/concept-label" xlink:from="RemunerationForDirectorsAndOtherOfficersHeading" xlink:to="label_RemunerationForDirectorsAndOtherOfficersHeading" />
    <link:label xlink:type="resource" xlink:label="label_RemunerationForDirectorsAndOtherOfficersHeading_2" xml:lang="ja" xlink:role="http://www.xbrl.org/2003/role/verboseLabel" id="label_RemunerationForDirectorsAndOtherOfficersHeading_2">役員の報酬等 [目次項目]</link:label>
    <link:labelArc xlink:type="arc" xlink:arcrole="http://www.xbrl.org/2003/arcrole/concept-label" xlink:from="RemunerationForDirectorsAndOtherOfficersHeading" xlink:to="label_RemunerationForDirectorsAndOtherOfficersHeading_2" />
    <link:label xlink:type="resource" xlink:label="label_ProvisionForRetirementBenefitsForDirectorsAndOtherOfficersRemunerationEtcByCategoryOfDirectorsAndOtherOfficers" xml:lang="ja" xlink:role="http://www.xbrl.org/2003/role/label" id="label_ProvisionForRetirementBenefitsForDirectorsAndOtherOfficersRemunerationEtcByCategoryOfDirectorsAndOtherOfficers">役員退職慰労引当金繰入額</link:label>
    <link:labelArc xlink:type="arc" xlink:arcrole="http://www.xbrl.org/2003/arcrole/concept-label" xlink:from="ProvisionForRetirementBenefitsForDirectorsAndOtherOfficersRemunerationEtcByCategoryOfDirectorsAndOtherOfficers" xlink:to="label_ProvisionForRetirementBenefitsForDirectorsAndOtherOfficersRemunerationEtcByCategoryOfDirectorsAndOtherOfficers" />
    <link:label xlink:type="resource" xlink:label="label_ProvisionForRetirementBenefitsForDirectorsAndOtherOfficersRemunerationEtcByCategoryOfDirectorsAndOtherOfficers_2" xml:lang="ja" xlink:role="http://www.xbrl.org/2003/role/verboseLabel" id="label_ProvisionForRetirementBenefitsForDirectorsAndOtherOfficersRemunerationEtcByCategoryOfDirectorsAndOtherOfficers_2">役員退職慰労引当金繰入額、役員区分ごとの報酬等</link:label>
    <link:labelArc xlink:type="arc" xlink:arcrole="http://www.xbrl.org/2003/arcrole/concept-label" xlink:from="ProvisionForRetirementBenefitsForDirectorsAndOtherOfficersRemunerationEtcByCategoryOfDirectorsAndOtherOfficers" xlink:to="label_ProvisionForRetirementBenefitsForDirectorsAndOtherOfficersRemunerationEtcByCategoryOfDirectorsAndOtherOfficers_2" />
    <link:label xlink:type="resource" xlink:label="label_WhetherIssuerOfAforementionedSharesHoldsReportingCompanysSharesDetailsOfSpecifiedInvestmentEquitySecuritiesHeldForPurposesOtherThanPureInvestmentReportingCompany" xml:lang="ja" xlink:role="http://www.xbrl.org/2003/role/label" id="label_WhetherIssuerOfAforementionedSharesHoldsReportingCompanysSharesDetailsOfSpecifiedInvestmentEquitySecuritiesHeldForPurposesOtherThanPureInvestmentReportingCompany">当該株式の発行者による提出会社の株式の保有の有無</link:label>
    <link:labelArc xlink:type="arc" xlink:arcrole="http://www.xbrl.org/2003/arcrole/concept-label" xlink:from="WhetherIssuerOfAforementionedSharesHoldsReportingCompanysSharesDetailsOfSpecifiedInvestmentEquitySecuritiesHeldForPurposesOtherThanPureInvestmentReportingCompany" xlink:to="label_WhetherIssuerOfAforementionedSharesHoldsReportingCompanysSharesDetailsOfSpecifiedInvestmentEquitySecuritiesHeldForPurposesOtherThanPureInvestmentReportingCompany" />
    <link:label xlink:type="resource" xlink:label="label_WhetherIssuerOfAforementionedSharesHoldsReportingCompanysSharesDetailsOfSpecifiedInvestmentEquitySecuritiesHeldForPurposesOtherThanPureInvestmentReportingCompany_2" xml:lang="ja" xlink:role="http://www.xbrl.org/2003/role/verboseLabel" id="label_WhetherIssuerOfAforementionedSharesHoldsReportingCompanysSharesDetailsOfSpecifiedInvestmentEquitySecuritiesHeldForPurposesOtherThanPureInvestmentReportingCompany_2">当該株式の発行者による提出会社の株式の保有の有無、保有目的が純投資目的以外の目的である特定投資株式の明細、提出会社</link:label>
    <link:labelArc xlink:type="arc" xlink:arcrole="http://www.xbrl.org/2003/arcrole/concept-label" xlink:from="WhetherIssuerOfAforementionedSharesHoldsReportingCompanysSharesDetailsOfSpecifiedInvestmentEquitySecuritiesHeldForPurposesOtherThanPureInvestmentReportingCompany" xlink:to="label_WhetherIssuerOfAforementionedSharesHoldsReportingCompanysSharesDetailsOfSpecifiedInvestmentEquitySecuritiesHeldForPurposesOtherThanPureInvestmentReportingCompany_2" />
    <link:label xlink:type="resource" xlink:label="label_EquitySecuritiesHeldHeading" xml:lang="ja" xlink:role="http://www.xbrl.org/2003/role/label" id="label_EquitySecuritiesHeldHeading">株式の保有状況</link:label>
    <link:labelArc xlink:type="arc" xlink:arcrole="http://www.xbrl.org/2003/arcrole/concept-label" xlink:from="EquitySecuritiesHeldHeading" xlink:to="label_EquitySecuritiesHeldHeading" />
    <link:label xlink:type="resource" xlink:label="label_EquitySecuritiesHeldHeading_2" xml:lang="ja" xlink:role="http://www.xbrl.org/2003/role/verboseLabel" id="label_EquitySecuritiesHeldHeading_2">株式の保有状況 [目次項目]</link:label>
    <link:labelArc xlink:type="arc" xlink:arcrole="http://www.xbrl.org/2003/arcrole/concept-label" xlink:from="EquitySecuritiesHeldHeading" xlink:to="label_EquitySecuritiesHeldHeading_2" />
    <link:label xlink:type="resource" xlink:label="label_OfficialTitleOrPositionInformationAboutDirectorsAndCorporateAuditors" xml:lang="ja" xlink:role="http://www.xbrl.org/2003/role/label" id="label_OfficialTitleOrPositionInformationAboutDirectorsAndCorporateAuditors">役職名</link:label>
    <link:labelArc xlink:type="arc" xlink:arcrole="http://www.xbrl.org/2003/arcrole/concept-label" xlink:from="OfficialTitleOrPositionInformationAboutDirectorsAndCorporateAuditors" xlink:to="label_OfficialTitleOrPositionInformationAboutDirectorsAndCorporateAuditors" />
    <link:label xlink:type="resource" xlink:label="label_OfficialTitleOrPositionInformationAboutDirectorsAndCorporateAuditors_2" xml:lang="ja" xlink:role="http://www.xbrl.org/2003/role/verboseLabel" id="label_OfficialTitleOrPositionInformationAboutDirectorsAndCorporateAuditors_2">役職名、役員の状況（取締役（及び監査役））</link:label>
    <link:labelArc xlink:type="arc" xlink:arcrole="http://www.xbrl.org/2003/arcrole/concept-label" xlink:from="OfficialTitleOrPositionInformationAboutDirectorsAndCorporateAuditors" xlink:to="label_OfficialTitleOrPositionInformationAboutDirectorsAndCorporateAuditors_2" />
    <link:label xlink:type="resource" xlink:label="label_YasuoIshidaMember" xml:lang="ja" xlink:role="http://www.xbrl.org/2003/role/label" id="label_YasuoIshidaMember">石田　安雄</link:label>
    <link:labelArc xlink:type="arc" xlink:arcrole="http://www.xbrl.org/2003/arcrole/concept-label" xlink:from="YasuoIshidaMember" xlink:to="label_YasuoIshidaMember" />
    <link:label xlink:type="resource" xlink:label="label_YasuoIshidaMember_2" xml:lang="ja" xlink:role="http://www.xbrl.org/2003/role/verboseLabel" id="label_YasuoIshidaMember_2">石田　安雄 [メンバー]</link:label>
    <link:labelArc xlink:type="arc" xlink:arcrole="http://www.xbrl.org/2003/arcrole/concept-label" xlink:from="YasuoIshidaMember" xlink:to="label_YasuoIshidaMember_2" />
    <link:label xlink:type="resource" xlink:label="label_TakanoriTanabeMember" xml:lang="ja" xlink:role="http://www.xbrl.org/2003/role/label" id="label_TakanoriTanabeMember">田邊　隆教</link:label>
    <link:labelArc xlink:type="arc" xlink:arcrole="http://www.xbrl.org/2003/arcrole/concept-label" xlink:from="TakanoriTanabeMember" xlink:to="label_TakanoriTanabeMember" />
    <link:label xlink:type="resource" xlink:label="label_TakanoriTanabeMember_2" xml:lang="ja" xlink:role="http://www.xbrl.org/2003/role/verboseLabel" id="label_TakanoriTanabeMember_2">田邊　隆教 [メンバー]</link:label>
    <link:labelArc xlink:type="arc" xlink:arcrole="http://www.xbrl.org/2003/arcrole/concept-label" xlink:from="TakanoriTanabeMember" xlink:to="label_TakanoriTanabeMember_2" />
    <link:label xlink:type="resource" xlink:label="label_ToshiakiShimakuraMember" xml:lang="ja" xlink:role="http://www.xbrl.org/2003/role/label" id="label_ToshiakiShimakuraMember">島倉　俊明</link:label>
    <link:labelArc xlink:type="arc" xlink:arcrole="http://www.xbrl.org/2003/arcrole/concept-label" xlink:from="ToshiakiShimakuraMember" xlink:to="label_ToshiakiShimakuraMember" />
    <link:label xlink:type="resource" xlink:label="label_ToshiakiShimakuraMember_2" xml:lang="ja" xlink:role="http://www.xbrl.org/2003/role/verboseLabel" id="label_ToshiakiShimakuraMember_2">島倉　俊明 [メンバー]</link:label>
    <link:labelArc xlink:type="arc" xlink:arcrole="http://www.xbrl.org/2003/arcrole/concept-label" xlink:from="ToshiakiShimakuraMember" xlink:to="label_ToshiakiShimakuraMember_2" />
    <link:label xlink:type="resource" xlink:label="label_KazutoshiTairaMember" xml:lang="ja" xlink:role="http://www.xbrl.org/2003/role/verboseLabel" id="label_KazutoshiTairaMember">平　了寿 [メンバー]</link:label>
    <link:labelArc xlink:type="arc" xlink:arcrole="http://www.xbrl.org/2003/arcrole/concept-label" xlink:from="KazutoshiTairaMember" xlink:to="label_KazutoshiTairaMember" />
    <link:label xlink:type="resource" xlink:label="label_KazutoshiTairaMember_2" xml:lang="ja" xlink:role="http://www.xbrl.org/2003/role/label" id="label_KazutoshiTairaMember_2">平　了寿</link:label>
    <link:labelArc xlink:type="arc" xlink:arcrole="http://www.xbrl.org/2003/arcrole/concept-label" xlink:from="KazutoshiTairaMember" xlink:to="label_KazutoshiTairaMember_2" />
    <link:label xlink:type="resource" xlink:label="label_EiichiAoyagiMember" xml:lang="ja" xlink:role="http://www.xbrl.org/2003/role/verboseLabel" id="label_EiichiAoyagiMember">青柳　英一 [メンバー]</link:label>
    <link:labelArc xlink:type="arc" xlink:arcrole="http://www.xbrl.org/2003/arcrole/concept-label" xlink:from="EiichiAoyagiMember" xlink:to="label_EiichiAoyagiMember" />
    <link:label xlink:type="resource" xlink:label="label_EiichiAoyagiMember_2" xml:lang="ja" xlink:role="http://www.xbrl.org/2003/role/label" id="label_EiichiAoyagiMember_2">青柳　英一</link:label>
    <link:labelArc xlink:type="arc" xlink:arcrole="http://www.xbrl.org/2003/arcrole/concept-label" xlink:from="EiichiAoyagiMember" xlink:to="label_EiichiAoyagiMember_2" />
    <link:label xlink:type="resource" xlink:label="label_ShingoNomaMember" xml:lang="ja" xlink:role="http://www.xbrl.org/2003/role/verboseLabel" id="label_ShingoNomaMember">野間　信護 [メンバー]</link:label>
    <link:labelArc xlink:type="arc" xlink:arcrole="http://www.xbrl.org/2003/arcrole/concept-label" xlink:from="ShingoNomaMember" xlink:to="label_ShingoNomaMember" />
    <link:label xlink:type="resource" xlink:label="label_ShingoNomaMember_2" xml:lang="ja" xlink:role="http://www.xbrl.org/2003/role/label" id="label_ShingoNomaMember_2">野間　信護</link:label>
    <link:labelArc xlink:type="arc" xlink:arcrole="http://www.xbrl.org/2003/arcrole/concept-label" xlink:from="ShingoNomaMember" xlink:to="label_ShingoNomaMember_2" />
    <link:label xlink:type="resource" xlink:label="label_SeiichiIchikawaMember" xml:lang="ja" xlink:role="http://www.xbrl.org/2003/role/verboseLabel" id="label_SeiichiIchikawaMember">市川　誠一 [メンバー]</link:label>
    <link:labelArc xlink:type="arc" xlink:arcrole="http://www.xbrl.org/2003/arcrole/concept-label" xlink:from="SeiichiIchikawaMember" xlink:to="label_SeiichiIchikawaMember" />
    <link:label xlink:type="resource" xlink:label="label_SeiichiIchikawaMember_2" xml:lang="ja" xlink:role="http://www.xbrl.org/2003/role/label" id="label_SeiichiIchikawaMember_2">市川　誠一</link:label>
    <link:labelArc xlink:type="arc" xlink:arcrole="http://www.xbrl.org/2003/arcrole/concept-label" xlink:from="SeiichiIchikawaMember" xlink:to="label_SeiichiIchikawaMember_2" />
    <link:label xlink:type="resource" xlink:label="label_IchirouMiuraMember" xml:lang="ja" xlink:role="http://www.xbrl.org/2003/role/verboseLabel" id="label_IchirouMiuraMember">三浦　一朗 [メンバー]</link:label>
    <link:labelArc xlink:type="arc" xlink:arcrole="http://www.xbrl.org/2003/arcrole/concept-label" xlink:from="IchirouMiuraMember" xlink:to="label_IchirouMiuraMember" />
    <link:label xlink:type="resource" xlink:label="label_IchirouMiuraMember_2" xml:lang="ja" xlink:role="http://www.xbrl.org/2003/role/label" id="label_IchirouMiuraMember_2">三浦　一朗</link:label>
    <link:labelArc xlink:type="arc" xlink:arcrole="http://www.xbrl.org/2003/arcrole/concept-label" xlink:from="IchirouMiuraMember" xlink:to="label_IchirouMiuraMember_2" />
    <link:label xlink:type="resource" xlink:label="label_GakuHiraoMember" xml:lang="ja" xlink:role="http://www.xbrl.org/2003/role/verboseLabel" id="label_GakuHiraoMember">平尾　覚 [メンバー]</link:label>
    <link:labelArc xlink:type="arc" xlink:arcrole="http://www.xbrl.org/2003/arcrole/concept-label" xlink:from="GakuHiraoMember" xlink:to="label_GakuHiraoMember" />
    <link:label xlink:type="resource" xlink:label="label_GakuHiraoMember_2" xml:lang="ja" xlink:role="http://www.xbrl.org/2003/role/label" id="label_GakuHiraoMember_2">平尾　覚</link:label>
    <link:labelArc xlink:type="arc" xlink:arcrole="http://www.xbrl.org/2003/arcrole/concept-label" xlink:from="GakuHiraoMember" xlink:to="label_GakuHiraoMember_2" />
    <link:label xlink:type="resource" xlink:label="label_YoshihiroSasakiMember" xml:lang="ja" xlink:role="http://www.xbrl.org/2003/role/verboseLabel" id="label_YoshihiroSasakiMember">佐々木　芳広 [メンバー]</link:label>
    <link:labelArc xlink:type="arc" xlink:arcrole="http://www.xbrl.org/2003/arcrole/concept-label" xlink:from="YoshihiroSasakiMember" xlink:to="label_YoshihiroSasakiMember" />
    <link:label xlink:type="resource" xlink:label="label_YoshihiroSasakiMember_2" xml:lang="ja" xlink:role="http://www.xbrl.org/2003/role/label" id="label_YoshihiroSasakiMember_2">佐々木　芳広</link:label>
    <link:labelArc xlink:type="arc" xlink:arcrole="http://www.xbrl.org/2003/arcrole/concept-label" xlink:from="YoshihiroSasakiMember" xlink:to="label_YoshihiroSasakiMember_2" />
    <link:label xlink:type="resource" xlink:label="label_FumiakiTerasakaMember" xml:lang="ja" xlink:role="http://www.xbrl.org/2003/role/verboseLabel" id="label_FumiakiTerasakaMember">寺坂　史明 [メンバー]</link:label>
    <link:labelArc xlink:type="arc" xlink:arcrole="http://www.xbrl.org/2003/arcrole/concept-label" xlink:from="FumiakiTerasakaMember" xlink:to="label_FumiakiTerasakaMember" />
    <link:label xlink:type="resource" xlink:label="label_FumiakiTerasakaMember_2" xml:lang="ja" xlink:role="http://www.xbrl.org/2003/role/label" id="label_FumiakiTerasakaMember_2">寺坂　史明</link:label>
    <link:labelArc xlink:type="arc" xlink:arcrole="http://www.xbrl.org/2003/arcrole/concept-label" xlink:from="FumiakiTerasakaMember" xlink:to="label_FumiakiTerasakaMember_2" />
    <link:label xlink:type="resource" xlink:label="label_JunTamuraMember" xml:lang="ja" xlink:role="http://www.xbrl.org/2003/role/verboseLabel" id="label_JunTamuraMember">田村　潤 [メンバー]</link:label>
    <link:labelArc xlink:type="arc" xlink:arcrole="http://www.xbrl.org/2003/arcrole/concept-label" xlink:from="JunTamuraMember" xlink:to="label_JunTamuraMember" />
    <link:label xlink:type="resource" xlink:label="label_JunTamuraMember_2" xml:lang="ja" xlink:role="http://www.xbrl.org/2003/role/label" id="label_JunTamuraMember_2">田村　潤</link:label>
    <link:labelArc xlink:type="arc" xlink:arcrole="http://www.xbrl.org/2003/arcrole/concept-label" xlink:from="JunTamuraMember" xlink:to="label_JunTamuraMember_2" />
    <link:label xlink:type="resource" xlink:label="label_YoshioUchiyamaMember" xml:lang="ja" xlink:role="http://www.xbrl.org/2003/role/verboseLabel" id="label_YoshioUchiyamaMember">内山　義雄 [メンバー]</link:label>
    <link:labelArc xlink:type="arc" xlink:arcrole="http://www.xbrl.org/2003/arcrole/concept-label" xlink:from="YoshioUchiyamaMember" xlink:to="label_YoshioUchiyamaMember" />
    <link:label xlink:type="resource" xlink:label="label_YoshioUchiyamaMember_2" xml:lang="ja" xlink:role="http://www.xbrl.org/2003/role/label" id="label_YoshioUchiyamaMember_2">内山　義雄</link:label>
    <link:labelArc xlink:type="arc" xlink:arcrole="http://www.xbrl.org/2003/arcrole/concept-label" xlink:from="YoshioUchiyamaMember" xlink:to="label_YoshioUchiyamaMember_2" />
  </link:labelLink>
</link:linkbase>