<?xml version="1.0" encoding="utf-8"?>
<!-- Generated by PRONEXUS WORKS -->
<link:linkbase xmlns:link="http://www.xbrl.org/2003/linkbase" xmlns:xsi="http://www.w3.org/2001/XMLSchema-instance" xmlns:xbrli="http://www.xbrl.org/2003/instance" xmlns:xlink="http://www.w3.org/1999/xlink">
  <link:labelLink xlink:type="extended" xlink:role="http://www.xbrl.org/2003/role/link">
    <link:loc xlink:type="locator" xlink:href="jpcrp030000-asr-001_E32351-000_2019-08-31_01_2019-11-29.xsd#jpcrp030000-asr_E32351-000_InformationAboutEmployeesOfReportingCompanyTable" xlink:label="InformationAboutEmployeesOfReportingCompanyTable" />
    <link:loc xlink:type="locator" xlink:href="jpcrp030000-asr-001_E32351-000_2019-08-31_01_2019-11-29.xsd#jpcrp030000-asr_E32351-000_InformationAboutEmployeesOfReportingCompanyLineItems" xlink:label="InformationAboutEmployeesOfReportingCompanyLineItems" />
    <link:loc xlink:type="locator" xlink:href="jpcrp030000-asr-001_E32351-000_2019-08-31_01_2019-11-29.xsd#jpcrp030000-asr_E32351-000_DistributionExpenditureSGA" xlink:label="DistributionExpenditureSGA" />
    <link:loc xlink:type="locator" xlink:href="jpcrp030000-asr-001_E32351-000_2019-08-31_01_2019-11-29.xsd#jpcrp030000-asr_E32351-000_BreakdownOfNetSalesTextBlock" xlink:label="BreakdownOfNetSalesTextBlock" />
    <link:loc xlink:type="locator" xlink:href="jpcrp030000-asr-001_E32351-000_2019-08-31_01_2019-11-29.xsd#jpcrp030000-asr_E32351-000_ManagementAnalysisOfFinancialPositionOperatingResultsAndCashFlowsHeading" xlink:label="ManagementAnalysisOfFinancialPositionOperatingResultsAndCashFlowsHeading" />
    <link:loc xlink:type="locator" xlink:href="jpcrp030000-asr-001_E32351-000_2019-08-31_01_2019-11-29.xsd#jpcrp030000-asr_E32351-000_ManagementAnalysisOfFinancialPositionOperatingResultsAndCashFlowsTextBlock" xlink:label="ManagementAnalysisOfFinancialPositionOperatingResultsAndCashFlowsTextBlock" />
    <link:loc xlink:type="locator" xlink:href="jpcrp030000-asr-001_E32351-000_2019-08-31_01_2019-11-29.xsd#jpcrp030000-asr_E32351-000_OtherInformationAboutShareAcquisitionRightsHeading" xlink:label="OtherInformationAboutShareAcquisitionRightsHeading" />
    <link:loc xlink:type="locator" xlink:href="jpcrp030000-asr-001_E32351-000_2019-08-31_01_2019-11-29.xsd#jpcrp030000-asr_E32351-000_OtherInformationAboutShareAcquisitionRightsTextBlock" xlink:label="OtherInformationAboutShareAcquisitionRightsTextBlock" />
    <link:loc xlink:type="locator" xlink:href="jpcrp030000-asr-001_E32351-000_2019-08-31_01_2019-11-29.xsd#jpcrp030000-asr_E32351-000_OverviewOfCorporateGovernanceHeading" xlink:label="OverviewOfCorporateGovernanceHeading" />
    <link:loc xlink:type="locator" xlink:href="jpcrp030000-asr-001_E32351-000_2019-08-31_01_2019-11-29.xsd#jpcrp030000-asr_E32351-000_OverviewOfCorporateGovernanceTextBlock" xlink:label="OverviewOfCorporateGovernanceTextBlock" />
    <link:loc xlink:type="locator" xlink:href="jpcrp030000-asr-001_E32351-000_2019-08-31_01_2019-11-29.xsd#jpcrp030000-asr_E32351-000_OutsideDirectorsAndOutsideCorporateAuditorsInformationAboutDirectorsAndOtherOfficersTextBlock" xlink:label="OutsideDirectorsAndOutsideCorporateAuditorsInformationAboutDirectorsAndOtherOfficersTextBlock" />
    <link:loc xlink:type="locator" xlink:href="jpcrp030000-asr-001_E32351-000_2019-08-31_01_2019-11-29.xsd#jpcrp030000-asr_E32351-000_InformationAboutAuditsHeading" xlink:label="InformationAboutAuditsHeading" />
    <link:loc xlink:type="locator" xlink:href="jpcrp030000-asr-001_E32351-000_2019-08-31_01_2019-11-29.xsd#jpcrp030000-asr_E32351-000_InformationAboutAuditsTextBlock" xlink:label="InformationAboutAuditsTextBlock" />
    <link:loc xlink:type="locator" xlink:href="jpcrp030000-asr-001_E32351-000_2019-08-31_01_2019-11-29.xsd#jpcrp030000-asr_E32351-000_RemunerationForDirectorsAndOtherOfficersHeading" xlink:label="RemunerationForDirectorsAndOtherOfficersHeading" />
    <link:loc xlink:type="locator" xlink:href="jpcrp030000-asr-001_E32351-000_2019-08-31_01_2019-11-29.xsd#jpcrp030000-asr_E32351-000_RemunerationForDirectorsAndOtherOfficersTextBlock" xlink:label="RemunerationForDirectorsAndOtherOfficersTextBlock" />
    <link:loc xlink:type="locator" xlink:href="jpcrp030000-asr-001_E32351-000_2019-08-31_01_2019-11-29.xsd#jpcrp030000-asr_E32351-000_EquitySecuritiesHeldHeading" xlink:label="EquitySecuritiesHeldHeading" />
    <link:loc xlink:type="locator" xlink:href="jpcrp030000-asr-001_E32351-000_2019-08-31_01_2019-11-29.xsd#jpcrp030000-asr_E32351-000_EquitySecuritiesHeldTextBlock" xlink:label="EquitySecuritiesHeldTextBlock" />
    <link:loc xlink:type="locator" xlink:href="jpcrp030000-asr-001_E32351-000_2019-08-31_01_2019-11-29.xsd#jpcrp030000-asr_E32351-000_TotalShareholderReturn" xlink:label="TotalShareholderReturn" />
    <link:loc xlink:type="locator" xlink:href="jpcrp030000-asr-001_E32351-000_2019-08-31_01_2019-11-29.xsd#jpcrp030000-asr_E32351-000_TotalReturnOnSharePriceIndex" xlink:label="TotalReturnOnSharePriceIndex" />
    <link:loc xlink:type="locator" xlink:href="jpcrp030000-asr-001_E32351-000_2019-08-31_01_2019-11-29.xsd#jpcrp030000-asr_E32351-000_OfficialTitleOrPositionInformationAboutDirectorsAndCorporateAuditors" xlink:label="OfficialTitleOrPositionInformationAboutDirectorsAndCorporateAuditors" />
    <link:loc xlink:type="locator" xlink:href="jpcrp030000-asr-001_E32351-000_2019-08-31_01_2019-11-29.xsd#jpcrp030000-asr_E32351-000_EquitySecuritiesNotListedInvestmentEquitySecuritiesHeldForPurposesOtherThanPureInvestmentReportingCompanyAbstract" xlink:label="EquitySecuritiesNotListedInvestmentEquitySecuritiesHeldForPurposesOtherThanPureInvestmentReportingCompanyAbstract" />
    <link:loc xlink:type="locator" xlink:href="jpcrp030000-asr-001_E32351-000_2019-08-31_01_2019-11-29.xsd#jpcrp030000-asr_E32351-000_NumberOfNamesOfSecuritiesEquitySecuritiesNotListedInvestmentEquitySecuritiesHeldForPurposesOtherThanPureInvestmentReportingCompany" xlink:label="NumberOfNamesOfSecuritiesEquitySecuritiesNotListedInvestmentEquitySecuritiesHeldForPurposesOtherThanPureInvestmentReportingCompany" />
    <link:loc xlink:type="locator" xlink:href="jpcrp030000-asr-001_E32351-000_2019-08-31_01_2019-11-29.xsd#jpcrp030000-asr_E32351-000_BookValueEquitySecuritiesNotListedInvestmentEquitySecuritiesHeldForPurposesOtherThanPureInvestmentReportingCompany" xlink:label="BookValueEquitySecuritiesNotListedInvestmentEquitySecuritiesHeldForPurposesOtherThanPureInvestmentReportingCompany" />
    <link:loc xlink:type="locator" xlink:href="jpcrp030000-asr-001_E32351-000_2019-08-31_01_2019-11-29.xsd#jpcrp030000-asr_E32351-000_NumberOfNamesOfSecuritiesWhoseNumberOfSharesIncreasedEquitySecuritiesNotListedInvestmentEquitySecuritiesHeldForPurposesOtherThanPureInvestmentReportingCompany" xlink:label="NumberOfNamesOfSecuritiesWhoseNumberOfSharesIncreasedEquitySecuritiesNotListedInvestmentEquitySecuritiesHeldForPurposesOtherThanPureInvestmentReportingCompany" />
    <link:loc xlink:type="locator" xlink:href="jpcrp030000-asr-001_E32351-000_2019-08-31_01_2019-11-29.xsd#jpcrp030000-asr_E32351-000_TotalAcquisitionCostForIncreasedSharesEquitySecuritiesNotListedInvestmentEquitySecuritiesHeldForPurposesOtherThanPureInvestmentReportingCompany" xlink:label="TotalAcquisitionCostForIncreasedSharesEquitySecuritiesNotListedInvestmentEquitySecuritiesHeldForPurposesOtherThanPureInvestmentReportingCompany" />
    <link:loc xlink:type="locator" xlink:href="jpcrp030000-asr-001_E32351-000_2019-08-31_01_2019-11-29.xsd#jpcrp030000-asr_E32351-000_ReasonForIncreaseInNumberOfSharesEquitySecuritiesNotListedInvestmentEquitySecuritiesHeldForPurposesOtherThanPureInvestmentReportingCompany" xlink:label="ReasonForIncreaseInNumberOfSharesEquitySecuritiesNotListedInvestmentEquitySecuritiesHeldForPurposesOtherThanPureInvestmentReportingCompany" />
    <link:loc xlink:type="locator" xlink:href="jpcrp030000-asr-001_E32351-000_2019-08-31_01_2019-11-29.xsd#jpcrp030000-asr_E32351-000_NumberOfNamesOfSecuritiesWhoseNumberOfSharesDecreasedEquitySecuritiesNotListedInvestmentEquitySecuritiesHeldForPurposesOtherThanPureInvestmentReportingCompany" xlink:label="NumberOfNamesOfSecuritiesWhoseNumberOfSharesDecreasedEquitySecuritiesNotListedInvestmentEquitySecuritiesHeldForPurposesOtherThanPureInvestmentReportingCompany" />
    <link:loc xlink:type="locator" xlink:href="jpcrp030000-asr-001_E32351-000_2019-08-31_01_2019-11-29.xsd#jpcrp030000-asr_E32351-000_TotalSalesAmountForDecreasedSharesEquitySecuritiesNotListedInvestmentEquitySecuritiesHeldForPurposesOtherThanPureInvestmentReportingCompany" xlink:label="TotalSalesAmountForDecreasedSharesEquitySecuritiesNotListedInvestmentEquitySecuritiesHeldForPurposesOtherThanPureInvestmentReportingCompany" />
    <link:loc xlink:type="locator" xlink:href="jpcrp030000-asr-001_E32351-000_2019-08-31_01_2019-11-29.xsd#jpcrp030000-asr_E32351-000_EquitySecuritiesOtherThanThoseNotListedInvestmentEquitySecuritiesHeldForPurposesOtherThanPureInvestmentReportingCompanyAbstract" xlink:label="EquitySecuritiesOtherThanThoseNotListedInvestmentEquitySecuritiesHeldForPurposesOtherThanPureInvestmentReportingCompanyAbstract" />
    <link:loc xlink:type="locator" xlink:href="jpcrp030000-asr-001_E32351-000_2019-08-31_01_2019-11-29.xsd#jpcrp030000-asr_E32351-000_NumberOfNamesOfSecuritiesEquitySecuritiesOtherThanThoseNotListedInvestmentEquitySecuritiesHeldForPurposesOtherThanPureInvestmentReportingCompany" xlink:label="NumberOfNamesOfSecuritiesEquitySecuritiesOtherThanThoseNotListedInvestmentEquitySecuritiesHeldForPurposesOtherThanPureInvestmentReportingCompany" />
    <link:loc xlink:type="locator" xlink:href="jpcrp030000-asr-001_E32351-000_2019-08-31_01_2019-11-29.xsd#jpcrp030000-asr_E32351-000_BookValueEquitySecuritiesOtherThanThoseNotListedInvestmentEquitySecuritiesHeldForPurposesOtherThanPureInvestmentReportingCompany" xlink:label="BookValueEquitySecuritiesOtherThanThoseNotListedInvestmentEquitySecuritiesHeldForPurposesOtherThanPureInvestmentReportingCompany" />
    <link:loc xlink:type="locator" xlink:href="jpcrp030000-asr-001_E32351-000_2019-08-31_01_2019-11-29.xsd#jpcrp030000-asr_E32351-000_NumberOfNamesOfSecuritiesWhoseNumberOfSharesIncreasedEquitySecuritiesOtherThanThoseNotListedInvestmentEquitySecuritiesHeldForPurposesOtherThanPureInvestmentReportingCompany" xlink:label="NumberOfNamesOfSecuritiesWhoseNumberOfSharesIncreasedEquitySecuritiesOtherThanThoseNotListedInvestmentEquitySecuritiesHeldForPurposesOtherThanPureInvestmentReportingCompany" />
    <link:loc xlink:type="locator" xlink:href="jpcrp030000-asr-001_E32351-000_2019-08-31_01_2019-11-29.xsd#jpcrp030000-asr_E32351-000_TotalAcquisitionCostForIncreasedSharesEquitySecuritiesOtherThanThoseNotListedInvestmentEquitySecuritiesHeldForPurposesOtherThanPureInvestmentReportingCompany" xlink:label="TotalAcquisitionCostForIncreasedSharesEquitySecuritiesOtherThanThoseNotListedInvestmentEquitySecuritiesHeldForPurposesOtherThanPureInvestmentReportingCompany" />
    <link:loc xlink:type="locator" xlink:href="jpcrp030000-asr-001_E32351-000_2019-08-31_01_2019-11-29.xsd#jpcrp030000-asr_E32351-000_ReasonForIncreaseInNumberOfSharesEquitySecuritiesOtherThanThoseNotListedInvestmentEquitySecuritiesHeldForPurposesOtherThanPureInvestmentReportingCompany" xlink:label="ReasonForIncreaseInNumberOfSharesEquitySecuritiesOtherThanThoseNotListedInvestmentEquitySecuritiesHeldForPurposesOtherThanPureInvestmentReportingCompany" />
    <link:loc xlink:type="locator" xlink:href="jpcrp030000-asr-001_E32351-000_2019-08-31_01_2019-11-29.xsd#jpcrp030000-asr_E32351-000_NumberOfNamesOfSecuritiesWhoseNumberOfSharesDecreasedEquitySecuritiesOtherThanThoseNotListedInvestmentEquitySecuritiesHeldForPurposesOtherThanPureInvestmentReportingCompany" xlink:label="NumberOfNamesOfSecuritiesWhoseNumberOfSharesDecreasedEquitySecuritiesOtherThanThoseNotListedInvestmentEquitySecuritiesHeldForPurposesOtherThanPureInvestmentReportingCompany" />
    <link:loc xlink:type="locator" xlink:href="jpcrp030000-asr-001_E32351-000_2019-08-31_01_2019-11-29.xsd#jpcrp030000-asr_E32351-000_TotalSalesAmountForDecreasedSharesEquitySecuritiesOtherThanThoseNotListedInvestmentEquitySecuritiesHeldForPurposesOtherThanPureInvestmentReportingCompany" xlink:label="TotalSalesAmountForDecreasedSharesEquitySecuritiesOtherThanThoseNotListedInvestmentEquitySecuritiesHeldForPurposesOtherThanPureInvestmentReportingCompany" />
    <link:loc xlink:type="locator" xlink:href="jpcrp030000-asr-001_E32351-000_2019-08-31_01_2019-11-29.xsd#jpcrp030000-asr_E32351-000_WhetherIssuerOfAforementionedSharesHoldsReportingCompanysSharesDetailsOfSpecifiedInvestmentEquitySecuritiesHeldForPurposesOtherThanPureInvestmentReportingCompany" xlink:label="WhetherIssuerOfAforementionedSharesHoldsReportingCompanysSharesDetailsOfSpecifiedInvestmentEquitySecuritiesHeldForPurposesOtherThanPureInvestmentReportingCompany" />
    <link:loc xlink:type="locator" xlink:href="jpcrp030000-asr-001_E32351-000_2019-08-31_01_2019-11-29.xsd#jpcrp030000-asr_E32351-000_TomomasaOikawaMember" xlink:label="TomomasaOikawaMember" />
    <link:loc xlink:type="locator" xlink:href="jpcrp030000-asr-001_E32351-000_2019-08-31_01_2019-11-29.xsd#jpcrp030000-asr_E32351-000_HiroshiHoriuchiMember" xlink:label="HiroshiHoriuchiMember" />
    <link:loc xlink:type="locator" xlink:href="jpcrp030000-asr-001_E32351-000_2019-08-31_01_2019-11-29.xsd#jpcrp030000-asr_E32351-000_YoshikiyoMatsuoMember" xlink:label="YoshikiyoMatsuoMember" />
    <link:loc xlink:type="locator" xlink:href="jpcrp030000-asr-001_E32351-000_2019-08-31_01_2019-11-29.xsd#jpcrp030000-asr_E32351-000_DaisukeSakamotoMember" xlink:label="DaisukeSakamotoMember" />
    <link:loc xlink:type="locator" xlink:href="jpcrp030000-asr-001_E32351-000_2019-08-31_01_2019-11-29.xsd#jpcrp030000-asr_E32351-000_MasahikoMaekawaMember" xlink:label="MasahikoMaekawaMember" />
    <link:loc xlink:type="locator" xlink:href="jpcrp030000-asr-001_E32351-000_2019-08-31_01_2019-11-29.xsd#jpcrp030000-asr_E32351-000_YoshiakiSeinoMember" xlink:label="YoshiakiSeinoMember" />
    <link:loc xlink:type="locator" xlink:href="jpcrp030000-asr-001_E32351-000_2019-08-31_01_2019-11-29.xsd#jpcrp030000-asr_E32351-000_HiroyukiGotoMember" xlink:label="HiroyukiGotoMember" />
    <link:loc xlink:type="locator" xlink:href="jpcrp030000-asr-001_E32351-000_2019-08-31_01_2019-11-29.xsd#jpcrp030000-asr_E32351-000_YukihiroFujimotoMember" xlink:label="YukihiroFujimotoMember" />
    <link:label xlink:type="resource" xlink:label="label_InformationAboutEmployeesOfReportingCompanyTable" xml:lang="ja" xlink:role="http://www.xbrl.org/2003/role/label" id="label_InformationAboutEmployeesOfReportingCompanyTable">提出会社の従業員の状況</link:label>
    <link:labelArc xlink:type="arc" xlink:arcrole="http://www.xbrl.org/2003/arcrole/concept-label" xlink:from="InformationAboutEmployeesOfReportingCompanyTable" xlink:to="label_InformationAboutEmployeesOfReportingCompanyTable" />
    <link:label xlink:type="resource" xlink:label="label_InformationAboutEmployeesOfReportingCompanyTable_2" xml:lang="ja" xlink:role="http://www.xbrl.org/2003/role/verboseLabel" id="label_InformationAboutEmployeesOfReportingCompanyTable_2">提出会社の従業員の状況 [表]</link:label>
    <link:labelArc xlink:type="arc" xlink:arcrole="http://www.xbrl.org/2003/arcrole/concept-label" xlink:from="InformationAboutEmployeesOfReportingCompanyTable" xlink:to="label_InformationAboutEmployeesOfReportingCompanyTable_2" />
    <link:label xlink:type="resource" xlink:label="label_InformationAboutEmployeesOfReportingCompanyLineItems" xml:lang="ja" xlink:role="http://www.xbrl.org/2003/role/label" id="label_InformationAboutEmployeesOfReportingCompanyLineItems">提出会社の従業員の状況</link:label>
    <link:labelArc xlink:type="arc" xlink:arcrole="http://www.xbrl.org/2003/arcrole/concept-label" xlink:from="InformationAboutEmployeesOfReportingCompanyLineItems" xlink:to="label_InformationAboutEmployeesOfReportingCompanyLineItems" />
    <link:label xlink:type="resource" xlink:label="label_InformationAboutEmployeesOfReportingCompanyLineItems_2" xml:lang="ja" xlink:role="http://www.xbrl.org/2003/role/verboseLabel" id="label_InformationAboutEmployeesOfReportingCompanyLineItems_2">提出会社の従業員の状況 [表示項目]</link:label>
    <link:labelArc xlink:type="arc" xlink:arcrole="http://www.xbrl.org/2003/arcrole/concept-label" xlink:from="InformationAboutEmployeesOfReportingCompanyLineItems" xlink:to="label_InformationAboutEmployeesOfReportingCompanyLineItems_2" />
    <link:label xlink:type="resource" xlink:label="label_EquitySecuritiesNotListedInvestmentEquitySecuritiesHeldForPurposesOtherThanPureInvestmentReportingCompanyAbstract" xml:lang="ja" xlink:role="http://www.xbrl.org/2003/role/label" id="label_EquitySecuritiesNotListedInvestmentEquitySecuritiesHeldForPurposesOtherThanPureInvestmentReportingCompanyAbstract">非上場株式</link:label>
    <link:labelArc xlink:type="arc" xlink:arcrole="http://www.xbrl.org/2003/arcrole/concept-label" xlink:from="EquitySecuritiesNotListedInvestmentEquitySecuritiesHeldForPurposesOtherThanPureInvestmentReportingCompanyAbstract" xlink:to="label_EquitySecuritiesNotListedInvestmentEquitySecuritiesHeldForPurposesOtherThanPureInvestmentReportingCompanyAbstract" />
    <link:label xlink:type="resource" xlink:label="label_EquitySecuritiesNotListedInvestmentEquitySecuritiesHeldForPurposesOtherThanPureInvestmentReportingCompanyAbstract_2" xml:lang="ja" xlink:role="http://www.xbrl.org/2003/role/verboseLabel" id="label_EquitySecuritiesNotListedInvestmentEquitySecuritiesHeldForPurposesOtherThanPureInvestmentReportingCompanyAbstract_2">非上場株式、保有目的が純投資目的以外の目的である投資株式、提出会社 [タイトル項目]</link:label>
    <link:labelArc xlink:type="arc" xlink:arcrole="http://www.xbrl.org/2003/arcrole/concept-label" xlink:from="EquitySecuritiesNotListedInvestmentEquitySecuritiesHeldForPurposesOtherThanPureInvestmentReportingCompanyAbstract" xlink:to="label_EquitySecuritiesNotListedInvestmentEquitySecuritiesHeldForPurposesOtherThanPureInvestmentReportingCompanyAbstract_2" />
    <link:label xlink:type="resource" xlink:label="label_NumberOfNamesOfSecuritiesEquitySecuritiesNotListedInvestmentEquitySecuritiesHeldForPurposesOtherThanPureInvestmentReportingCompany" xml:lang="ja" xlink:role="http://www.xbrl.org/2003/role/label" id="label_NumberOfNamesOfSecuritiesEquitySecuritiesNotListedInvestmentEquitySecuritiesHeldForPurposesOtherThanPureInvestmentReportingCompany">銘柄数</link:label>
    <link:labelArc xlink:type="arc" xlink:arcrole="http://www.xbrl.org/2003/arcrole/concept-label" xlink:from="NumberOfNamesOfSecuritiesEquitySecuritiesNotListedInvestmentEquitySecuritiesHeldForPurposesOtherThanPureInvestmentReportingCompany" xlink:to="label_NumberOfNamesOfSecuritiesEquitySecuritiesNotListedInvestmentEquitySecuritiesHeldForPurposesOtherThanPureInvestmentReportingCompany" />
    <link:label xlink:type="resource" xlink:label="label_NumberOfNamesOfSecuritiesEquitySecuritiesNotListedInvestmentEquitySecuritiesHeldForPurposesOtherThanPureInvestmentReportingCompany_2" xml:lang="ja" xlink:role="http://www.xbrl.org/2003/role/verboseLabel" id="label_NumberOfNamesOfSecuritiesEquitySecuritiesNotListedInvestmentEquitySecuritiesHeldForPurposesOtherThanPureInvestmentReportingCompany_2">銘柄数、非上場株式、保有目的が純投資目的以外の目的である投資株式、提出会社</link:label>
    <link:labelArc xlink:type="arc" xlink:arcrole="http://www.xbrl.org/2003/arcrole/concept-label" xlink:from="NumberOfNamesOfSecuritiesEquitySecuritiesNotListedInvestmentEquitySecuritiesHeldForPurposesOtherThanPureInvestmentReportingCompany" xlink:to="label_NumberOfNamesOfSecuritiesEquitySecuritiesNotListedInvestmentEquitySecuritiesHeldForPurposesOtherThanPureInvestmentReportingCompany_2" />
    <link:label xlink:type="resource" xlink:label="label_BookValueEquitySecuritiesNotListedInvestmentEquitySecuritiesHeldForPurposesOtherThanPureInvestmentReportingCompany" xml:lang="ja" xlink:role="http://www.xbrl.org/2003/role/label" id="label_BookValueEquitySecuritiesNotListedInvestmentEquitySecuritiesHeldForPurposesOtherThanPureInvestmentReportingCompany">貸借対照表計上額</link:label>
    <link:labelArc xlink:type="arc" xlink:arcrole="http://www.xbrl.org/2003/arcrole/concept-label" xlink:from="BookValueEquitySecuritiesNotListedInvestmentEquitySecuritiesHeldForPurposesOtherThanPureInvestmentReportingCompany" xlink:to="label_BookValueEquitySecuritiesNotListedInvestmentEquitySecuritiesHeldForPurposesOtherThanPureInvestmentReportingCompany" />
    <link:label xlink:type="resource" xlink:label="label_BookValueEquitySecuritiesNotListedInvestmentEquitySecuritiesHeldForPurposesOtherThanPureInvestmentReportingCompany_2" xml:lang="ja" xlink:role="http://www.xbrl.org/2003/role/verboseLabel" id="label_BookValueEquitySecuritiesNotListedInvestmentEquitySecuritiesHeldForPurposesOtherThanPureInvestmentReportingCompany_2">貸借対照表計上額、非上場株式、保有目的が純投資目的以外の目的である投資株式、提出会社</link:label>
    <link:labelArc xlink:type="arc" xlink:arcrole="http://www.xbrl.org/2003/arcrole/concept-label" xlink:from="BookValueEquitySecuritiesNotListedInvestmentEquitySecuritiesHeldForPurposesOtherThanPureInvestmentReportingCompany" xlink:to="label_BookValueEquitySecuritiesNotListedInvestmentEquitySecuritiesHeldForPurposesOtherThanPureInvestmentReportingCompany_2" />
    <link:label xlink:type="resource" xlink:label="label_NumberOfNamesOfSecuritiesWhoseNumberOfSharesIncreasedEquitySecuritiesNotListedInvestmentEquitySecuritiesHeldForPurposesOtherThanPureInvestmentReportingCompany" xml:lang="ja" xlink:role="http://www.xbrl.org/2003/role/label" id="label_NumberOfNamesOfSecuritiesWhoseNumberOfSharesIncreasedEquitySecuritiesNotListedInvestmentEquitySecuritiesHeldForPurposesOtherThanPureInvestmentReportingCompany">株式数が増加した銘柄数</link:label>
    <link:labelArc xlink:type="arc" xlink:arcrole="http://www.xbrl.org/2003/arcrole/concept-label" xlink:from="NumberOfNamesOfSecuritiesWhoseNumberOfSharesIncreasedEquitySecuritiesNotListedInvestmentEquitySecuritiesHeldForPurposesOtherThanPureInvestmentReportingCompany" xlink:to="label_NumberOfNamesOfSecuritiesWhoseNumberOfSharesIncreasedEquitySecuritiesNotListedInvestmentEquitySecuritiesHeldForPurposesOtherThanPureInvestmentReportingCompany" />
    <link:label xlink:type="resource" xlink:label="label_NumberOfNamesOfSecuritiesWhoseNumberOfSharesIncreasedEquitySecuritiesNotListedInvestmentEquitySecuritiesHeldForPurposesOtherThanPureInvestmentReportingCompany_2" xml:lang="ja" xlink:role="http://www.xbrl.org/2003/role/verboseLabel" id="label_NumberOfNamesOfSecuritiesWhoseNumberOfSharesIncreasedEquitySecuritiesNotListedInvestmentEquitySecuritiesHeldForPurposesOtherThanPureInvestmentReportingCompany_2">株式数が増加した銘柄数、非上場株式、保有目的が純投資目的以外の目的である投資株式、提出会社</link:label>
    <link:labelArc xlink:type="arc" xlink:arcrole="http://www.xbrl.org/2003/arcrole/concept-label" xlink:from="NumberOfNamesOfSecuritiesWhoseNumberOfSharesIncreasedEquitySecuritiesNotListedInvestmentEquitySecuritiesHeldForPurposesOtherThanPureInvestmentReportingCompany" xlink:to="label_NumberOfNamesOfSecuritiesWhoseNumberOfSharesIncreasedEquitySecuritiesNotListedInvestmentEquitySecuritiesHeldForPurposesOtherThanPureInvestmentReportingCompany_2" />
    <link:label xlink:type="resource" xlink:label="label_TotalAcquisitionCostForIncreasedSharesEquitySecuritiesNotListedInvestmentEquitySecuritiesHeldForPurposesOtherThanPureInvestmentReportingCompany" xml:lang="ja" xlink:role="http://www.xbrl.org/2003/role/label" id="label_TotalAcquisitionCostForIncreasedSharesEquitySecuritiesNotListedInvestmentEquitySecuritiesHeldForPurposesOtherThanPureInvestmentReportingCompany">株式数の増加に係る取得価額の合計額</link:label>
    <link:labelArc xlink:type="arc" xlink:arcrole="http://www.xbrl.org/2003/arcrole/concept-label" xlink:from="TotalAcquisitionCostForIncreasedSharesEquitySecuritiesNotListedInvestmentEquitySecuritiesHeldForPurposesOtherThanPureInvestmentReportingCompany" xlink:to="label_TotalAcquisitionCostForIncreasedSharesEquitySecuritiesNotListedInvestmentEquitySecuritiesHeldForPurposesOtherThanPureInvestmentReportingCompany" />
    <link:label xlink:type="resource" xlink:label="label_TotalAcquisitionCostForIncreasedSharesEquitySecuritiesNotListedInvestmentEquitySecuritiesHeldForPurposesOtherThanPureInvestmentReportingCompany_2" xml:lang="ja" xlink:role="http://www.xbrl.org/2003/role/verboseLabel" id="label_TotalAcquisitionCostForIncreasedSharesEquitySecuritiesNotListedInvestmentEquitySecuritiesHeldForPurposesOtherThanPureInvestmentReportingCompany_2">株式数の増加に係る取得価額の合計額、非上場株式、保有目的が純投資目的以外の目的である投資株式、提出会社</link:label>
    <link:labelArc xlink:type="arc" xlink:arcrole="http://www.xbrl.org/2003/arcrole/concept-label" xlink:from="TotalAcquisitionCostForIncreasedSharesEquitySecuritiesNotListedInvestmentEquitySecuritiesHeldForPurposesOtherThanPureInvestmentReportingCompany" xlink:to="label_TotalAcquisitionCostForIncreasedSharesEquitySecuritiesNotListedInvestmentEquitySecuritiesHeldForPurposesOtherThanPureInvestmentReportingCompany_2" />
    <link:label xlink:type="resource" xlink:label="label_ReasonForIncreaseInNumberOfSharesEquitySecuritiesNotListedInvestmentEquitySecuritiesHeldForPurposesOtherThanPureInvestmentReportingCompany" xml:lang="ja" xlink:role="http://www.xbrl.org/2003/role/label" id="label_ReasonForIncreaseInNumberOfSharesEquitySecuritiesNotListedInvestmentEquitySecuritiesHeldForPurposesOtherThanPureInvestmentReportingCompany">株式数が増加した理由</link:label>
    <link:labelArc xlink:type="arc" xlink:arcrole="http://www.xbrl.org/2003/arcrole/concept-label" xlink:from="ReasonForIncreaseInNumberOfSharesEquitySecuritiesNotListedInvestmentEquitySecuritiesHeldForPurposesOtherThanPureInvestmentReportingCompany" xlink:to="label_ReasonForIncreaseInNumberOfSharesEquitySecuritiesNotListedInvestmentEquitySecuritiesHeldForPurposesOtherThanPureInvestmentReportingCompany" />
    <link:label xlink:type="resource" xlink:label="label_ReasonForIncreaseInNumberOfSharesEquitySecuritiesNotListedInvestmentEquitySecuritiesHeldForPurposesOtherThanPureInvestmentReportingCompany_2" xml:lang="ja" xlink:role="http://www.xbrl.org/2003/role/verboseLabel" id="label_ReasonForIncreaseInNumberOfSharesEquitySecuritiesNotListedInvestmentEquitySecuritiesHeldForPurposesOtherThanPureInvestmentReportingCompany_2">株式数が増加した理由、非上場株式、保有目的が純投資目的以外の目的である投資株式、提出会社</link:label>
    <link:labelArc xlink:type="arc" xlink:arcrole="http://www.xbrl.org/2003/arcrole/concept-label" xlink:from="ReasonForIncreaseInNumberOfSharesEquitySecuritiesNotListedInvestmentEquitySecuritiesHeldForPurposesOtherThanPureInvestmentReportingCompany" xlink:to="label_ReasonForIncreaseInNumberOfSharesEquitySecuritiesNotListedInvestmentEquitySecuritiesHeldForPurposesOtherThanPureInvestmentReportingCompany_2" />
    <link:label xlink:type="resource" xlink:label="label_NumberOfNamesOfSecuritiesWhoseNumberOfSharesDecreasedEquitySecuritiesNotListedInvestmentEquitySecuritiesHeldForPurposesOtherThanPureInvestmentReportingCompany" xml:lang="ja" xlink:role="http://www.xbrl.org/2003/role/label" id="label_NumberOfNamesOfSecuritiesWhoseNumberOfSharesDecreasedEquitySecuritiesNotListedInvestmentEquitySecuritiesHeldForPurposesOtherThanPureInvestmentReportingCompany">株式数が減少した銘柄数</link:label>
    <link:labelArc xlink:type="arc" xlink:arcrole="http://www.xbrl.org/2003/arcrole/concept-label" xlink:from="NumberOfNamesOfSecuritiesWhoseNumberOfSharesDecreasedEquitySecuritiesNotListedInvestmentEquitySecuritiesHeldForPurposesOtherThanPureInvestmentReportingCompany" xlink:to="label_NumberOfNamesOfSecuritiesWhoseNumberOfSharesDecreasedEquitySecuritiesNotListedInvestmentEquitySecuritiesHeldForPurposesOtherThanPureInvestmentReportingCompany" />
    <link:label xlink:type="resource" xlink:label="label_NumberOfNamesOfSecuritiesWhoseNumberOfSharesDecreasedEquitySecuritiesNotListedInvestmentEquitySecuritiesHeldForPurposesOtherThanPureInvestmentReportingCompany_2" xml:lang="ja" xlink:role="http://www.xbrl.org/2003/role/verboseLabel" id="label_NumberOfNamesOfSecuritiesWhoseNumberOfSharesDecreasedEquitySecuritiesNotListedInvestmentEquitySecuritiesHeldForPurposesOtherThanPureInvestmentReportingCompany_2">株式数が減少した銘柄数、非上場株式、保有目的が純投資目的以外の目的である投資株式、提出会社</link:label>
    <link:labelArc xlink:type="arc" xlink:arcrole="http://www.xbrl.org/2003/arcrole/concept-label" xlink:from="NumberOfNamesOfSecuritiesWhoseNumberOfSharesDecreasedEquitySecuritiesNotListedInvestmentEquitySecuritiesHeldForPurposesOtherThanPureInvestmentReportingCompany" xlink:to="label_NumberOfNamesOfSecuritiesWhoseNumberOfSharesDecreasedEquitySecuritiesNotListedInvestmentEquitySecuritiesHeldForPurposesOtherThanPureInvestmentReportingCompany_2" />
    <link:label xlink:type="resource" xlink:label="label_TotalSalesAmountForDecreasedSharesEquitySecuritiesNotListedInvestmentEquitySecuritiesHeldForPurposesOtherThanPureInvestmentReportingCompany" xml:lang="ja" xlink:role="http://www.xbrl.org/2003/role/label" id="label_TotalSalesAmountForDecreasedSharesEquitySecuritiesNotListedInvestmentEquitySecuritiesHeldForPurposesOtherThanPureInvestmentReportingCompany">株式数の減少に係る売却価額の合計額</link:label>
    <link:labelArc xlink:type="arc" xlink:arcrole="http://www.xbrl.org/2003/arcrole/concept-label" xlink:from="TotalSalesAmountForDecreasedSharesEquitySecuritiesNotListedInvestmentEquitySecuritiesHeldForPurposesOtherThanPureInvestmentReportingCompany" xlink:to="label_TotalSalesAmountForDecreasedSharesEquitySecuritiesNotListedInvestmentEquitySecuritiesHeldForPurposesOtherThanPureInvestmentReportingCompany" />
    <link:label xlink:type="resource" xlink:label="label_TotalSalesAmountForDecreasedSharesEquitySecuritiesNotListedInvestmentEquitySecuritiesHeldForPurposesOtherThanPureInvestmentReportingCompany_2" xml:lang="ja" xlink:role="http://www.xbrl.org/2003/role/verboseLabel" id="label_TotalSalesAmountForDecreasedSharesEquitySecuritiesNotListedInvestmentEquitySecuritiesHeldForPurposesOtherThanPureInvestmentReportingCompany_2">株式数の減少に係る売却価額の合計額、非上場株式、保有目的が純投資目的以外の目的である投資株式、提出会社</link:label>
    <link:labelArc xlink:type="arc" xlink:arcrole="http://www.xbrl.org/2003/arcrole/concept-label" xlink:from="TotalSalesAmountForDecreasedSharesEquitySecuritiesNotListedInvestmentEquitySecuritiesHeldForPurposesOtherThanPureInvestmentReportingCompany" xlink:to="label_TotalSalesAmountForDecreasedSharesEquitySecuritiesNotListedInvestmentEquitySecuritiesHeldForPurposesOtherThanPureInvestmentReportingCompany_2" />
    <link:label xlink:type="resource" xlink:label="label_EquitySecuritiesOtherThanThoseNotListedInvestmentEquitySecuritiesHeldForPurposesOtherThanPureInvestmentReportingCompanyAbstract" xml:lang="ja" xlink:role="http://www.xbrl.org/2003/role/label" id="label_EquitySecuritiesOtherThanThoseNotListedInvestmentEquitySecuritiesHeldForPurposesOtherThanPureInvestmentReportingCompanyAbstract">非上場株式以外の株式</link:label>
    <link:labelArc xlink:type="arc" xlink:arcrole="http://www.xbrl.org/2003/arcrole/concept-label" xlink:from="EquitySecuritiesOtherThanThoseNotListedInvestmentEquitySecuritiesHeldForPurposesOtherThanPureInvestmentReportingCompanyAbstract" xlink:to="label_EquitySecuritiesOtherThanThoseNotListedInvestmentEquitySecuritiesHeldForPurposesOtherThanPureInvestmentReportingCompanyAbstract" />
    <link:label xlink:type="resource" xlink:label="label_EquitySecuritiesOtherThanThoseNotListedInvestmentEquitySecuritiesHeldForPurposesOtherThanPureInvestmentReportingCompanyAbstract_2" xml:lang="ja" xlink:role="http://www.xbrl.org/2003/role/verboseLabel" id="label_EquitySecuritiesOtherThanThoseNotListedInvestmentEquitySecuritiesHeldForPurposesOtherThanPureInvestmentReportingCompanyAbstract_2">非上場株式以外の株式、保有目的が純投資目的以外の目的である投資株式、提出会社 [タイトル項目]</link:label>
    <link:labelArc xlink:type="arc" xlink:arcrole="http://www.xbrl.org/2003/arcrole/concept-label" xlink:from="EquitySecuritiesOtherThanThoseNotListedInvestmentEquitySecuritiesHeldForPurposesOtherThanPureInvestmentReportingCompanyAbstract" xlink:to="label_EquitySecuritiesOtherThanThoseNotListedInvestmentEquitySecuritiesHeldForPurposesOtherThanPureInvestmentReportingCompanyAbstract_2" />
    <link:label xlink:type="resource" xlink:label="label_NumberOfNamesOfSecuritiesEquitySecuritiesOtherThanThoseNotListedInvestmentEquitySecuritiesHeldForPurposesOtherThanPureInvestmentReportingCompany" xml:lang="ja" xlink:role="http://www.xbrl.org/2003/role/label" id="label_NumberOfNamesOfSecuritiesEquitySecuritiesOtherThanThoseNotListedInvestmentEquitySecuritiesHeldForPurposesOtherThanPureInvestmentReportingCompany">銘柄数</link:label>
    <link:labelArc xlink:type="arc" xlink:arcrole="http://www.xbrl.org/2003/arcrole/concept-label" xlink:from="NumberOfNamesOfSecuritiesEquitySecuritiesOtherThanThoseNotListedInvestmentEquitySecuritiesHeldForPurposesOtherThanPureInvestmentReportingCompany" xlink:to="label_NumberOfNamesOfSecuritiesEquitySecuritiesOtherThanThoseNotListedInvestmentEquitySecuritiesHeldForPurposesOtherThanPureInvestmentReportingCompany" />
    <link:label xlink:type="resource" xlink:label="label_NumberOfNamesOfSecuritiesEquitySecuritiesOtherThanThoseNotListedInvestmentEquitySecuritiesHeldForPurposesOtherThanPureInvestmentReportingCompany_2" xml:lang="ja" xlink:role="http://www.xbrl.org/2003/role/verboseLabel" id="label_NumberOfNamesOfSecuritiesEquitySecuritiesOtherThanThoseNotListedInvestmentEquitySecuritiesHeldForPurposesOtherThanPureInvestmentReportingCompany_2">銘柄数、非上場株式以外の株式、保有目的が純投資目的以外の目的である投資株式、提出会社</link:label>
    <link:labelArc xlink:type="arc" xlink:arcrole="http://www.xbrl.org/2003/arcrole/concept-label" xlink:from="NumberOfNamesOfSecuritiesEquitySecuritiesOtherThanThoseNotListedInvestmentEquitySecuritiesHeldForPurposesOtherThanPureInvestmentReportingCompany" xlink:to="label_NumberOfNamesOfSecuritiesEquitySecuritiesOtherThanThoseNotListedInvestmentEquitySecuritiesHeldForPurposesOtherThanPureInvestmentReportingCompany_2" />
    <link:label xlink:type="resource" xlink:label="label_BookValueEquitySecuritiesOtherThanThoseNotListedInvestmentEquitySecuritiesHeldForPurposesOtherThanPureInvestmentReportingCompany" xml:lang="ja" xlink:role="http://www.xbrl.org/2003/role/label" id="label_BookValueEquitySecuritiesOtherThanThoseNotListedInvestmentEquitySecuritiesHeldForPurposesOtherThanPureInvestmentReportingCompany">貸借対照表計上額</link:label>
    <link:labelArc xlink:type="arc" xlink:arcrole="http://www.xbrl.org/2003/arcrole/concept-label" xlink:from="BookValueEquitySecuritiesOtherThanThoseNotListedInvestmentEquitySecuritiesHeldForPurposesOtherThanPureInvestmentReportingCompany" xlink:to="label_BookValueEquitySecuritiesOtherThanThoseNotListedInvestmentEquitySecuritiesHeldForPurposesOtherThanPureInvestmentReportingCompany" />
    <link:label xlink:type="resource" xlink:label="label_BookValueEquitySecuritiesOtherThanThoseNotListedInvestmentEquitySecuritiesHeldForPurposesOtherThanPureInvestmentReportingCompany_2" xml:lang="ja" xlink:role="http://www.xbrl.org/2003/role/verboseLabel" id="label_BookValueEquitySecuritiesOtherThanThoseNotListedInvestmentEquitySecuritiesHeldForPurposesOtherThanPureInvestmentReportingCompany_2">貸借対照表計上額、非上場株式以外の株式、保有目的が純投資目的以外の目的である投資株式、提出会社</link:label>
    <link:labelArc xlink:type="arc" xlink:arcrole="http://www.xbrl.org/2003/arcrole/concept-label" xlink:from="BookValueEquitySecuritiesOtherThanThoseNotListedInvestmentEquitySecuritiesHeldForPurposesOtherThanPureInvestmentReportingCompany" xlink:to="label_BookValueEquitySecuritiesOtherThanThoseNotListedInvestmentEquitySecuritiesHeldForPurposesOtherThanPureInvestmentReportingCompany_2" />
    <link:label xlink:type="resource" xlink:label="label_NumberOfNamesOfSecuritiesWhoseNumberOfSharesIncreasedEquitySecuritiesOtherThanThoseNotListedInvestmentEquitySecuritiesHeldForPurposesOtherThanPureInvestmentReportingCompany" xml:lang="ja" xlink:role="http://www.xbrl.org/2003/role/label" id="label_NumberOfNamesOfSecuritiesWhoseNumberOfSharesIncreasedEquitySecuritiesOtherThanThoseNotListedInvestmentEquitySecuritiesHeldForPurposesOtherThanPureInvestmentReportingCompany">株式数が増加した銘柄数</link:label>
    <link:labelArc xlink:type="arc" xlink:arcrole="http://www.xbrl.org/2003/arcrole/concept-label" xlink:from="NumberOfNamesOfSecuritiesWhoseNumberOfSharesIncreasedEquitySecuritiesOtherThanThoseNotListedInvestmentEquitySecuritiesHeldForPurposesOtherThanPureInvestmentReportingCompany" xlink:to="label_NumberOfNamesOfSecuritiesWhoseNumberOfSharesIncreasedEquitySecuritiesOtherThanThoseNotListedInvestmentEquitySecuritiesHeldForPurposesOtherThanPureInvestmentReportingCompany" />
    <link:label xlink:type="resource" xlink:label="label_NumberOfNamesOfSecuritiesWhoseNumberOfSharesIncreasedEquitySecuritiesOtherThanThoseNotListedInvestmentEquitySecuritiesHeldForPurposesOtherThanPureInvestmentReportingCompany_2" xml:lang="ja" xlink:role="http://www.xbrl.org/2003/role/verboseLabel" id="label_NumberOfNamesOfSecuritiesWhoseNumberOfSharesIncreasedEquitySecuritiesOtherThanThoseNotListedInvestmentEquitySecuritiesHeldForPurposesOtherThanPureInvestmentReportingCompany_2">株式数が増加した銘柄数、非上場株式以外の株式、保有目的が純投資目的以外の目的である投資株式、提出会社</link:label>
    <link:labelArc xlink:type="arc" xlink:arcrole="http://www.xbrl.org/2003/arcrole/concept-label" xlink:from="NumberOfNamesOfSecuritiesWhoseNumberOfSharesIncreasedEquitySecuritiesOtherThanThoseNotListedInvestmentEquitySecuritiesHeldForPurposesOtherThanPureInvestmentReportingCompany" xlink:to="label_NumberOfNamesOfSecuritiesWhoseNumberOfSharesIncreasedEquitySecuritiesOtherThanThoseNotListedInvestmentEquitySecuritiesHeldForPurposesOtherThanPureInvestmentReportingCompany_2" />
    <link:label xlink:type="resource" xlink:label="label_TotalAcquisitionCostForIncreasedSharesEquitySecuritiesOtherThanThoseNotListedInvestmentEquitySecuritiesHeldForPurposesOtherThanPureInvestmentReportingCompany" xml:lang="ja" xlink:role="http://www.xbrl.org/2003/role/label" id="label_TotalAcquisitionCostForIncreasedSharesEquitySecuritiesOtherThanThoseNotListedInvestmentEquitySecuritiesHeldForPurposesOtherThanPureInvestmentReportingCompany">株式数の増加に係る取得価額の合計額</link:label>
    <link:labelArc xlink:type="arc" xlink:arcrole="http://www.xbrl.org/2003/arcrole/concept-label" xlink:from="TotalAcquisitionCostForIncreasedSharesEquitySecuritiesOtherThanThoseNotListedInvestmentEquitySecuritiesHeldForPurposesOtherThanPureInvestmentReportingCompany" xlink:to="label_TotalAcquisitionCostForIncreasedSharesEquitySecuritiesOtherThanThoseNotListedInvestmentEquitySecuritiesHeldForPurposesOtherThanPureInvestmentReportingCompany" />
    <link:label xlink:type="resource" xlink:label="label_TotalAcquisitionCostForIncreasedSharesEquitySecuritiesOtherThanThoseNotListedInvestmentEquitySecuritiesHeldForPurposesOtherThanPureInvestmentReportingCompany_2" xml:lang="ja" xlink:role="http://www.xbrl.org/2003/role/verboseLabel" id="label_TotalAcquisitionCostForIncreasedSharesEquitySecuritiesOtherThanThoseNotListedInvestmentEquitySecuritiesHeldForPurposesOtherThanPureInvestmentReportingCompany_2">株式数の増加に係る取得価額の合計額、非上場株式以外の株式、保有目的が純投資目的以外の目的である投資株式、提出会社</link:label>
    <link:labelArc xlink:type="arc" xlink:arcrole="http://www.xbrl.org/2003/arcrole/concept-label" xlink:from="TotalAcquisitionCostForIncreasedSharesEquitySecuritiesOtherThanThoseNotListedInvestmentEquitySecuritiesHeldForPurposesOtherThanPureInvestmentReportingCompany" xlink:to="label_TotalAcquisitionCostForIncreasedSharesEquitySecuritiesOtherThanThoseNotListedInvestmentEquitySecuritiesHeldForPurposesOtherThanPureInvestmentReportingCompany_2" />
    <link:label xlink:type="resource" xlink:label="label_ReasonForIncreaseInNumberOfSharesEquitySecuritiesOtherThanThoseNotListedInvestmentEquitySecuritiesHeldForPurposesOtherThanPureInvestmentReportingCompany" xml:lang="ja" xlink:role="http://www.xbrl.org/2003/role/label" id="label_ReasonForIncreaseInNumberOfSharesEquitySecuritiesOtherThanThoseNotListedInvestmentEquitySecuritiesHeldForPurposesOtherThanPureInvestmentReportingCompany">株式数が増加した理由</link:label>
    <link:labelArc xlink:type="arc" xlink:arcrole="http://www.xbrl.org/2003/arcrole/concept-label" xlink:from="ReasonForIncreaseInNumberOfSharesEquitySecuritiesOtherThanThoseNotListedInvestmentEquitySecuritiesHeldForPurposesOtherThanPureInvestmentReportingCompany" xlink:to="label_ReasonForIncreaseInNumberOfSharesEquitySecuritiesOtherThanThoseNotListedInvestmentEquitySecuritiesHeldForPurposesOtherThanPureInvestmentReportingCompany" />
    <link:label xlink:type="resource" xlink:label="label_ReasonForIncreaseInNumberOfSharesEquitySecuritiesOtherThanThoseNotListedInvestmentEquitySecuritiesHeldForPurposesOtherThanPureInvestmentReportingCompany_2" xml:lang="ja" xlink:role="http://www.xbrl.org/2003/role/verboseLabel" id="label_ReasonForIncreaseInNumberOfSharesEquitySecuritiesOtherThanThoseNotListedInvestmentEquitySecuritiesHeldForPurposesOtherThanPureInvestmentReportingCompany_2">株式数が増加した理由、非上場株式以外の株式、保有目的が純投資目的以外の目的である投資株式、提出会社</link:label>
    <link:labelArc xlink:type="arc" xlink:arcrole="http://www.xbrl.org/2003/arcrole/concept-label" xlink:from="ReasonForIncreaseInNumberOfSharesEquitySecuritiesOtherThanThoseNotListedInvestmentEquitySecuritiesHeldForPurposesOtherThanPureInvestmentReportingCompany" xlink:to="label_ReasonForIncreaseInNumberOfSharesEquitySecuritiesOtherThanThoseNotListedInvestmentEquitySecuritiesHeldForPurposesOtherThanPureInvestmentReportingCompany_2" />
    <link:label xlink:type="resource" xlink:label="label_NumberOfNamesOfSecuritiesWhoseNumberOfSharesDecreasedEquitySecuritiesOtherThanThoseNotListedInvestmentEquitySecuritiesHeldForPurposesOtherThanPureInvestmentReportingCompany" xml:lang="ja" xlink:role="http://www.xbrl.org/2003/role/label" id="label_NumberOfNamesOfSecuritiesWhoseNumberOfSharesDecreasedEquitySecuritiesOtherThanThoseNotListedInvestmentEquitySecuritiesHeldForPurposesOtherThanPureInvestmentReportingCompany">株式数が減少した銘柄数</link:label>
    <link:labelArc xlink:type="arc" xlink:arcrole="http://www.xbrl.org/2003/arcrole/concept-label" xlink:from="NumberOfNamesOfSecuritiesWhoseNumberOfSharesDecreasedEquitySecuritiesOtherThanThoseNotListedInvestmentEquitySecuritiesHeldForPurposesOtherThanPureInvestmentReportingCompany" xlink:to="label_NumberOfNamesOfSecuritiesWhoseNumberOfSharesDecreasedEquitySecuritiesOtherThanThoseNotListedInvestmentEquitySecuritiesHeldForPurposesOtherThanPureInvestmentReportingCompany" />
    <link:label xlink:type="resource" xlink:label="label_NumberOfNamesOfSecuritiesWhoseNumberOfSharesDecreasedEquitySecuritiesOtherThanThoseNotListedInvestmentEquitySecuritiesHeldForPurposesOtherThanPureInvestmentReportingCompany_2" xml:lang="ja" xlink:role="http://www.xbrl.org/2003/role/verboseLabel" id="label_NumberOfNamesOfSecuritiesWhoseNumberOfSharesDecreasedEquitySecuritiesOtherThanThoseNotListedInvestmentEquitySecuritiesHeldForPurposesOtherThanPureInvestmentReportingCompany_2">株式数が減少した銘柄数、非上場株式以外の株式、保有目的が純投資目的以外の目的である投資株式、提出会社</link:label>
    <link:labelArc xlink:type="arc" xlink:arcrole="http://www.xbrl.org/2003/arcrole/concept-label" xlink:from="NumberOfNamesOfSecuritiesWhoseNumberOfSharesDecreasedEquitySecuritiesOtherThanThoseNotListedInvestmentEquitySecuritiesHeldForPurposesOtherThanPureInvestmentReportingCompany" xlink:to="label_NumberOfNamesOfSecuritiesWhoseNumberOfSharesDecreasedEquitySecuritiesOtherThanThoseNotListedInvestmentEquitySecuritiesHeldForPurposesOtherThanPureInvestmentReportingCompany_2" />
    <link:label xlink:type="resource" xlink:label="label_TotalSalesAmountForDecreasedSharesEquitySecuritiesOtherThanThoseNotListedInvestmentEquitySecuritiesHeldForPurposesOtherThanPureInvestmentReportingCompany" xml:lang="ja" xlink:role="http://www.xbrl.org/2003/role/label" id="label_TotalSalesAmountForDecreasedSharesEquitySecuritiesOtherThanThoseNotListedInvestmentEquitySecuritiesHeldForPurposesOtherThanPureInvestmentReportingCompany">株式数の減少に係る売却価額の合計額</link:label>
    <link:labelArc xlink:type="arc" xlink:arcrole="http://www.xbrl.org/2003/arcrole/concept-label" xlink:from="TotalSalesAmountForDecreasedSharesEquitySecuritiesOtherThanThoseNotListedInvestmentEquitySecuritiesHeldForPurposesOtherThanPureInvestmentReportingCompany" xlink:to="label_TotalSalesAmountForDecreasedSharesEquitySecuritiesOtherThanThoseNotListedInvestmentEquitySecuritiesHeldForPurposesOtherThanPureInvestmentReportingCompany" />
    <link:label xlink:type="resource" xlink:label="label_TotalSalesAmountForDecreasedSharesEquitySecuritiesOtherThanThoseNotListedInvestmentEquitySecuritiesHeldForPurposesOtherThanPureInvestmentReportingCompany_2" xml:lang="ja" xlink:role="http://www.xbrl.org/2003/role/verboseLabel" id="label_TotalSalesAmountForDecreasedSharesEquitySecuritiesOtherThanThoseNotListedInvestmentEquitySecuritiesHeldForPurposesOtherThanPureInvestmentReportingCompany_2">株式数の減少に係る売却価額の合計額、非上場株式以外の株式、保有目的が純投資目的以外の目的である投資株式、提出会社</link:label>
    <link:labelArc xlink:type="arc" xlink:arcrole="http://www.xbrl.org/2003/arcrole/concept-label" xlink:from="TotalSalesAmountForDecreasedSharesEquitySecuritiesOtherThanThoseNotListedInvestmentEquitySecuritiesHeldForPurposesOtherThanPureInvestmentReportingCompany" xlink:to="label_TotalSalesAmountForDecreasedSharesEquitySecuritiesOtherThanThoseNotListedInvestmentEquitySecuritiesHeldForPurposesOtherThanPureInvestmentReportingCompany_2" />
    <link:label xlink:type="resource" xlink:label="label_WhetherIssuerOfAforementionedSharesHoldsReportingCompanysSharesDetailsOfSpecifiedInvestmentEquitySecuritiesHeldForPurposesOtherThanPureInvestmentReportingCompany" xml:lang="ja" xlink:role="http://www.xbrl.org/2003/role/label" id="label_WhetherIssuerOfAforementionedSharesHoldsReportingCompanysSharesDetailsOfSpecifiedInvestmentEquitySecuritiesHeldForPurposesOtherThanPureInvestmentReportingCompany">当該株式の発行者による提出会社の株式の保有の有無</link:label>
    <link:labelArc xlink:type="arc" xlink:arcrole="http://www.xbrl.org/2003/arcrole/concept-label" xlink:from="WhetherIssuerOfAforementionedSharesHoldsReportingCompanysSharesDetailsOfSpecifiedInvestmentEquitySecuritiesHeldForPurposesOtherThanPureInvestmentReportingCompany" xlink:to="label_WhetherIssuerOfAforementionedSharesHoldsReportingCompanysSharesDetailsOfSpecifiedInvestmentEquitySecuritiesHeldForPurposesOtherThanPureInvestmentReportingCompany" />
    <link:label xlink:type="resource" xlink:label="label_WhetherIssuerOfAforementionedSharesHoldsReportingCompanysSharesDetailsOfSpecifiedInvestmentEquitySecuritiesHeldForPurposesOtherThanPureInvestmentReportingCompany_2" xml:lang="ja" xlink:role="http://www.xbrl.org/2003/role/verboseLabel" id="label_WhetherIssuerOfAforementionedSharesHoldsReportingCompanysSharesDetailsOfSpecifiedInvestmentEquitySecuritiesHeldForPurposesOtherThanPureInvestmentReportingCompany_2">当該株式の発行者による提出会社の株式の保有の有無、保有目的が純投資目的以外の目的である特定投資株式の明細、提出会社</link:label>
    <link:labelArc xlink:type="arc" xlink:arcrole="http://www.xbrl.org/2003/arcrole/concept-label" xlink:from="WhetherIssuerOfAforementionedSharesHoldsReportingCompanysSharesDetailsOfSpecifiedInvestmentEquitySecuritiesHeldForPurposesOtherThanPureInvestmentReportingCompany" xlink:to="label_WhetherIssuerOfAforementionedSharesHoldsReportingCompanysSharesDetailsOfSpecifiedInvestmentEquitySecuritiesHeldForPurposesOtherThanPureInvestmentReportingCompany_2" />
    <link:label xlink:type="resource" xlink:label="label_ManagementAnalysisOfFinancialPositionOperatingResultsAndCashFlowsHeading" xml:lang="ja" xlink:role="http://www.xbrl.org/2003/role/label" id="label_ManagementAnalysisOfFinancialPositionOperatingResultsAndCashFlowsHeading">経営者による財政状態、経営成績及びキャッシュ・フローの状況の分析</link:label>
    <link:labelArc xlink:type="arc" xlink:arcrole="http://www.xbrl.org/2003/arcrole/concept-label" xlink:from="ManagementAnalysisOfFinancialPositionOperatingResultsAndCashFlowsHeading" xlink:to="label_ManagementAnalysisOfFinancialPositionOperatingResultsAndCashFlowsHeading" />
    <link:label xlink:type="resource" xlink:label="label_ManagementAnalysisOfFinancialPositionOperatingResultsAndCashFlowsHeading_2" xml:lang="ja" xlink:role="http://www.xbrl.org/2003/role/verboseLabel" id="label_ManagementAnalysisOfFinancialPositionOperatingResultsAndCashFlowsHeading_2">経営者による財政状態、経営成績及びキャッシュ・フローの状況の分析 [目次項目]</link:label>
    <link:labelArc xlink:type="arc" xlink:arcrole="http://www.xbrl.org/2003/arcrole/concept-label" xlink:from="ManagementAnalysisOfFinancialPositionOperatingResultsAndCashFlowsHeading" xlink:to="label_ManagementAnalysisOfFinancialPositionOperatingResultsAndCashFlowsHeading_2" />
    <link:label xlink:type="resource" xlink:label="label_ManagementAnalysisOfFinancialPositionOperatingResultsAndCashFlowsTextBlock" xml:lang="ja" xlink:role="http://www.xbrl.org/2003/role/label" id="label_ManagementAnalysisOfFinancialPositionOperatingResultsAndCashFlowsTextBlock">経営者による財政状態、経営成績及びキャッシュ・フローの状況の分析</link:label>
    <link:labelArc xlink:type="arc" xlink:arcrole="http://www.xbrl.org/2003/arcrole/concept-label" xlink:from="ManagementAnalysisOfFinancialPositionOperatingResultsAndCashFlowsTextBlock" xlink:to="label_ManagementAnalysisOfFinancialPositionOperatingResultsAndCashFlowsTextBlock" />
    <link:label xlink:type="resource" xlink:label="label_ManagementAnalysisOfFinancialPositionOperatingResultsAndCashFlowsTextBlock_2" xml:lang="ja" xlink:role="http://www.xbrl.org/2003/role/verboseLabel" id="label_ManagementAnalysisOfFinancialPositionOperatingResultsAndCashFlowsTextBlock_2">経営者による財政状態、経営成績及びキャッシュ・フローの状況の分析 [テキストブロック]</link:label>
    <link:labelArc xlink:type="arc" xlink:arcrole="http://www.xbrl.org/2003/arcrole/concept-label" xlink:from="ManagementAnalysisOfFinancialPositionOperatingResultsAndCashFlowsTextBlock" xlink:to="label_ManagementAnalysisOfFinancialPositionOperatingResultsAndCashFlowsTextBlock_2" />
    <link:label xlink:type="resource" xlink:label="label_OtherInformationAboutShareAcquisitionRightsHeading" xml:lang="ja" xlink:role="http://www.xbrl.org/2003/role/label" id="label_OtherInformationAboutShareAcquisitionRightsHeading">その他の新株予約権等の状況</link:label>
    <link:labelArc xlink:type="arc" xlink:arcrole="http://www.xbrl.org/2003/arcrole/concept-label" xlink:from="OtherInformationAboutShareAcquisitionRightsHeading" xlink:to="label_OtherInformationAboutShareAcquisitionRightsHeading" />
    <link:label xlink:type="resource" xlink:label="label_OtherInformationAboutShareAcquisitionRightsHeading_2" xml:lang="ja" xlink:role="http://www.xbrl.org/2003/role/verboseLabel" id="label_OtherInformationAboutShareAcquisitionRightsHeading_2">その他の新株予約権等の状況 [目次項目]</link:label>
    <link:labelArc xlink:type="arc" xlink:arcrole="http://www.xbrl.org/2003/arcrole/concept-label" xlink:from="OtherInformationAboutShareAcquisitionRightsHeading" xlink:to="label_OtherInformationAboutShareAcquisitionRightsHeading_2" />
    <link:label xlink:type="resource" xlink:label="label_OtherInformationAboutShareAcquisitionRightsTextBlock" xml:lang="ja" xlink:role="http://www.xbrl.org/2003/role/label" id="label_OtherInformationAboutShareAcquisitionRightsTextBlock">その他の新株予約権等の状況</link:label>
    <link:labelArc xlink:type="arc" xlink:arcrole="http://www.xbrl.org/2003/arcrole/concept-label" xlink:from="OtherInformationAboutShareAcquisitionRightsTextBlock" xlink:to="label_OtherInformationAboutShareAcquisitionRightsTextBlock" />
    <link:label xlink:type="resource" xlink:label="label_OtherInformationAboutShareAcquisitionRightsTextBlock_2" xml:lang="ja" xlink:role="http://www.xbrl.org/2003/role/verboseLabel" id="label_OtherInformationAboutShareAcquisitionRightsTextBlock_2">その他の新株予約権等の状況 [テキストブロック]</link:label>
    <link:labelArc xlink:type="arc" xlink:arcrole="http://www.xbrl.org/2003/arcrole/concept-label" xlink:from="OtherInformationAboutShareAcquisitionRightsTextBlock" xlink:to="label_OtherInformationAboutShareAcquisitionRightsTextBlock_2" />
    <link:label xlink:type="resource" xlink:label="label_OverviewOfCorporateGovernanceTextBlock" xml:lang="ja" xlink:role="http://www.xbrl.org/2003/role/label" id="label_OverviewOfCorporateGovernanceTextBlock">コーポレート・ガバナンスの概要</link:label>
    <link:labelArc xlink:type="arc" xlink:arcrole="http://www.xbrl.org/2003/arcrole/concept-label" xlink:from="OverviewOfCorporateGovernanceTextBlock" xlink:to="label_OverviewOfCorporateGovernanceTextBlock" />
    <link:label xlink:type="resource" xlink:label="label_OverviewOfCorporateGovernanceTextBlock_2" xml:lang="ja" xlink:role="http://www.xbrl.org/2003/role/verboseLabel" id="label_OverviewOfCorporateGovernanceTextBlock_2">コーポレート・ガバナンスの概要 [テキストブロック]</link:label>
    <link:labelArc xlink:type="arc" xlink:arcrole="http://www.xbrl.org/2003/arcrole/concept-label" xlink:from="OverviewOfCorporateGovernanceTextBlock" xlink:to="label_OverviewOfCorporateGovernanceTextBlock_2" />
    <link:label xlink:type="resource" xlink:label="label_OutsideDirectorsAndOutsideCorporateAuditorsInformationAboutDirectorsAndOtherOfficersTextBlock" xml:lang="ja" xlink:role="http://www.xbrl.org/2003/role/label" id="label_OutsideDirectorsAndOutsideCorporateAuditorsInformationAboutDirectorsAndOtherOfficersTextBlock">社外取締役（及び社外監査役）</link:label>
    <link:labelArc xlink:type="arc" xlink:arcrole="http://www.xbrl.org/2003/arcrole/concept-label" xlink:from="OutsideDirectorsAndOutsideCorporateAuditorsInformationAboutDirectorsAndOtherOfficersTextBlock" xlink:to="label_OutsideDirectorsAndOutsideCorporateAuditorsInformationAboutDirectorsAndOtherOfficersTextBlock" />
    <link:label xlink:type="resource" xlink:label="label_OutsideDirectorsAndOutsideCorporateAuditorsInformationAboutDirectorsAndOtherOfficersTextBlock_2" xml:lang="ja" xlink:role="http://www.xbrl.org/2003/role/verboseLabel" id="label_OutsideDirectorsAndOutsideCorporateAuditorsInformationAboutDirectorsAndOtherOfficersTextBlock_2">社外取締役（及び社外監査役）、役員の状況 [テキストブロック]</link:label>
    <link:labelArc xlink:type="arc" xlink:arcrole="http://www.xbrl.org/2003/arcrole/concept-label" xlink:from="OutsideDirectorsAndOutsideCorporateAuditorsInformationAboutDirectorsAndOtherOfficersTextBlock" xlink:to="label_OutsideDirectorsAndOutsideCorporateAuditorsInformationAboutDirectorsAndOtherOfficersTextBlock_2" />
    <link:label xlink:type="resource" xlink:label="label_InformationAboutAuditsTextBlock" xml:lang="ja" xlink:role="http://www.xbrl.org/2003/role/label" id="label_InformationAboutAuditsTextBlock">監査の状況</link:label>
    <link:labelArc xlink:type="arc" xlink:arcrole="http://www.xbrl.org/2003/arcrole/concept-label" xlink:from="InformationAboutAuditsTextBlock" xlink:to="label_InformationAboutAuditsTextBlock" />
    <link:label xlink:type="resource" xlink:label="label_InformationAboutAuditsTextBlock_2" xml:lang="ja" xlink:role="http://www.xbrl.org/2003/role/verboseLabel" id="label_InformationAboutAuditsTextBlock_2">監査の状況 [テキストブロック]</link:label>
    <link:labelArc xlink:type="arc" xlink:arcrole="http://www.xbrl.org/2003/arcrole/concept-label" xlink:from="InformationAboutAuditsTextBlock" xlink:to="label_InformationAboutAuditsTextBlock_2" />
    <link:label xlink:type="resource" xlink:label="label_RemunerationForDirectorsAndOtherOfficersTextBlock" xml:lang="ja" xlink:role="http://www.xbrl.org/2003/role/label" id="label_RemunerationForDirectorsAndOtherOfficersTextBlock">役員の報酬等</link:label>
    <link:labelArc xlink:type="arc" xlink:arcrole="http://www.xbrl.org/2003/arcrole/concept-label" xlink:from="RemunerationForDirectorsAndOtherOfficersTextBlock" xlink:to="label_RemunerationForDirectorsAndOtherOfficersTextBlock" />
    <link:label xlink:type="resource" xlink:label="label_RemunerationForDirectorsAndOtherOfficersTextBlock_2" xml:lang="ja" xlink:role="http://www.xbrl.org/2003/role/verboseLabel" id="label_RemunerationForDirectorsAndOtherOfficersTextBlock_2">役員の報酬等 [テキストブロック]</link:label>
    <link:labelArc xlink:type="arc" xlink:arcrole="http://www.xbrl.org/2003/arcrole/concept-label" xlink:from="RemunerationForDirectorsAndOtherOfficersTextBlock" xlink:to="label_RemunerationForDirectorsAndOtherOfficersTextBlock_2" />
    <link:label xlink:type="resource" xlink:label="label_EquitySecuritiesHeldTextBlock" xml:lang="ja" xlink:role="http://www.xbrl.org/2003/role/label" id="label_EquitySecuritiesHeldTextBlock">株式の保有状況</link:label>
    <link:labelArc xlink:type="arc" xlink:arcrole="http://www.xbrl.org/2003/arcrole/concept-label" xlink:from="EquitySecuritiesHeldTextBlock" xlink:to="label_EquitySecuritiesHeldTextBlock" />
    <link:label xlink:type="resource" xlink:label="label_EquitySecuritiesHeldTextBlock_2" xml:lang="ja" xlink:role="http://www.xbrl.org/2003/role/verboseLabel" id="label_EquitySecuritiesHeldTextBlock_2">株式の保有状況 [テキストブロック]</link:label>
    <link:labelArc xlink:type="arc" xlink:arcrole="http://www.xbrl.org/2003/arcrole/concept-label" xlink:from="EquitySecuritiesHeldTextBlock" xlink:to="label_EquitySecuritiesHeldTextBlock_2" />
    <link:label xlink:type="resource" xlink:label="label_OverviewOfCorporateGovernanceHeading" xml:lang="ja" xlink:role="http://www.xbrl.org/2003/role/label" id="label_OverviewOfCorporateGovernanceHeading">コーポレート・ガバナンスの概要</link:label>
    <link:labelArc xlink:type="arc" xlink:arcrole="http://www.xbrl.org/2003/arcrole/concept-label" xlink:from="OverviewOfCorporateGovernanceHeading" xlink:to="label_OverviewOfCorporateGovernanceHeading" />
    <link:label xlink:type="resource" xlink:label="label_OverviewOfCorporateGovernanceHeading_2" xml:lang="ja" xlink:role="http://www.xbrl.org/2003/role/verboseLabel" id="label_OverviewOfCorporateGovernanceHeading_2">コーポレート・ガバナンスの概要 [目次項目]</link:label>
    <link:labelArc xlink:type="arc" xlink:arcrole="http://www.xbrl.org/2003/arcrole/concept-label" xlink:from="OverviewOfCorporateGovernanceHeading" xlink:to="label_OverviewOfCorporateGovernanceHeading_2" />
    <link:label xlink:type="resource" xlink:label="label_EquitySecuritiesHeldHeading" xml:lang="ja" xlink:role="http://www.xbrl.org/2003/role/label" id="label_EquitySecuritiesHeldHeading">株式の保有状況</link:label>
    <link:labelArc xlink:type="arc" xlink:arcrole="http://www.xbrl.org/2003/arcrole/concept-label" xlink:from="EquitySecuritiesHeldHeading" xlink:to="label_EquitySecuritiesHeldHeading" />
    <link:label xlink:type="resource" xlink:label="label_EquitySecuritiesHeldHeading_2" xml:lang="ja" xlink:role="http://www.xbrl.org/2003/role/verboseLabel" id="label_EquitySecuritiesHeldHeading_2">株式の保有状況 [目次項目]</link:label>
    <link:labelArc xlink:type="arc" xlink:arcrole="http://www.xbrl.org/2003/arcrole/concept-label" xlink:from="EquitySecuritiesHeldHeading" xlink:to="label_EquitySecuritiesHeldHeading_2" />
    <link:label xlink:type="resource" xlink:label="label_InformationAboutAuditsHeading" xml:lang="ja" xlink:role="http://www.xbrl.org/2003/role/label" id="label_InformationAboutAuditsHeading">監査の状況</link:label>
    <link:labelArc xlink:type="arc" xlink:arcrole="http://www.xbrl.org/2003/arcrole/concept-label" xlink:from="InformationAboutAuditsHeading" xlink:to="label_InformationAboutAuditsHeading" />
    <link:label xlink:type="resource" xlink:label="label_InformationAboutAuditsHeading_2" xml:lang="ja" xlink:role="http://www.xbrl.org/2003/role/verboseLabel" id="label_InformationAboutAuditsHeading_2">監査の状況 [目次項目]</link:label>
    <link:labelArc xlink:type="arc" xlink:arcrole="http://www.xbrl.org/2003/arcrole/concept-label" xlink:from="InformationAboutAuditsHeading" xlink:to="label_InformationAboutAuditsHeading_2" />
    <link:label xlink:type="resource" xlink:label="label_TotalShareholderReturn" xml:lang="ja" xlink:role="http://www.xbrl.org/2003/role/label" id="label_TotalShareholderReturn">株主総利回り</link:label>
    <link:labelArc xlink:type="arc" xlink:arcrole="http://www.xbrl.org/2003/arcrole/concept-label" xlink:from="TotalShareholderReturn" xlink:to="label_TotalShareholderReturn" />
    <link:label xlink:type="resource" xlink:label="label_TotalShareholderReturn_2" xml:lang="ja" xlink:role="http://www.xbrl.org/2003/role/verboseLabel" id="label_TotalShareholderReturn_2">株主総利回り</link:label>
    <link:labelArc xlink:type="arc" xlink:arcrole="http://www.xbrl.org/2003/arcrole/concept-label" xlink:from="TotalShareholderReturn" xlink:to="label_TotalShareholderReturn_2" />
    <link:label xlink:type="resource" xlink:label="label_TotalReturnOnSharePriceIndex" xml:lang="ja" xlink:role="http://www.xbrl.org/2003/role/label" id="label_TotalReturnOnSharePriceIndex">株価指数における総利回り</link:label>
    <link:labelArc xlink:type="arc" xlink:arcrole="http://www.xbrl.org/2003/arcrole/concept-label" xlink:from="TotalReturnOnSharePriceIndex" xlink:to="label_TotalReturnOnSharePriceIndex" />
    <link:label xlink:type="resource" xlink:label="label_TotalReturnOnSharePriceIndex_2" xml:lang="ja" xlink:role="http://www.xbrl.org/2003/role/verboseLabel" id="label_TotalReturnOnSharePriceIndex_2">株価指数における総利回り</link:label>
    <link:labelArc xlink:type="arc" xlink:arcrole="http://www.xbrl.org/2003/arcrole/concept-label" xlink:from="TotalReturnOnSharePriceIndex" xlink:to="label_TotalReturnOnSharePriceIndex_2" />
    <link:label xlink:type="resource" xlink:label="label_RemunerationForDirectorsAndOtherOfficersHeading" xml:lang="ja" xlink:role="http://www.xbrl.org/2003/role/label" id="label_RemunerationForDirectorsAndOtherOfficersHeading">役員の報酬等</link:label>
    <link:labelArc xlink:type="arc" xlink:arcrole="http://www.xbrl.org/2003/arcrole/concept-label" xlink:from="RemunerationForDirectorsAndOtherOfficersHeading" xlink:to="label_RemunerationForDirectorsAndOtherOfficersHeading" />
    <link:label xlink:type="resource" xlink:label="label_RemunerationForDirectorsAndOtherOfficersHeading_2" xml:lang="ja" xlink:role="http://www.xbrl.org/2003/role/verboseLabel" id="label_RemunerationForDirectorsAndOtherOfficersHeading_2">役員の報酬等 [目次項目]</link:label>
    <link:labelArc xlink:type="arc" xlink:arcrole="http://www.xbrl.org/2003/arcrole/concept-label" xlink:from="RemunerationForDirectorsAndOtherOfficersHeading" xlink:to="label_RemunerationForDirectorsAndOtherOfficersHeading_2" />
    <link:label xlink:type="resource" xlink:label="label_BreakdownOfNetSalesTextBlock" xml:lang="ja" xlink:role="http://www.xbrl.org/2003/role/label" id="label_BreakdownOfNetSalesTextBlock">売上高の内訳</link:label>
    <link:labelArc xlink:type="arc" xlink:arcrole="http://www.xbrl.org/2003/arcrole/concept-label" xlink:from="BreakdownOfNetSalesTextBlock" xlink:to="label_BreakdownOfNetSalesTextBlock" />
    <link:label xlink:type="resource" xlink:label="label_BreakdownOfNetSalesTextBlock_2" xml:lang="ja" xlink:role="http://www.xbrl.org/2003/role/verboseLabel" id="label_BreakdownOfNetSalesTextBlock_2">売上高の内訳 [テキストブロック]</link:label>
    <link:labelArc xlink:type="arc" xlink:arcrole="http://www.xbrl.org/2003/arcrole/concept-label" xlink:from="BreakdownOfNetSalesTextBlock" xlink:to="label_BreakdownOfNetSalesTextBlock_2" />
    <link:label xlink:type="resource" xlink:label="label_OfficialTitleOrPositionInformationAboutDirectorsAndCorporateAuditors" xml:lang="ja" xlink:role="http://www.xbrl.org/2003/role/label" id="label_OfficialTitleOrPositionInformationAboutDirectorsAndCorporateAuditors">役職名</link:label>
    <link:labelArc xlink:type="arc" xlink:arcrole="http://www.xbrl.org/2003/arcrole/concept-label" xlink:from="OfficialTitleOrPositionInformationAboutDirectorsAndCorporateAuditors" xlink:to="label_OfficialTitleOrPositionInformationAboutDirectorsAndCorporateAuditors" />
    <link:label xlink:type="resource" xlink:label="label_OfficialTitleOrPositionInformationAboutDirectorsAndCorporateAuditors_2" xml:lang="ja" xlink:role="http://www.xbrl.org/2003/role/verboseLabel" id="label_OfficialTitleOrPositionInformationAboutDirectorsAndCorporateAuditors_2">役職名、役員の状況（取締役（及び監査役））</link:label>
    <link:labelArc xlink:type="arc" xlink:arcrole="http://www.xbrl.org/2003/arcrole/concept-label" xlink:from="OfficialTitleOrPositionInformationAboutDirectorsAndCorporateAuditors" xlink:to="label_OfficialTitleOrPositionInformationAboutDirectorsAndCorporateAuditors_2" />
    <link:label xlink:type="resource" xlink:label="label_TomomasaOikawaMember" xml:lang="ja" xlink:role="http://www.xbrl.org/2003/role/verboseLabel" id="label_TomomasaOikawaMember">及川　智正 [メンバー]</link:label>
    <link:labelArc xlink:type="arc" xlink:arcrole="http://www.xbrl.org/2003/arcrole/concept-label" xlink:from="TomomasaOikawaMember" xlink:to="label_TomomasaOikawaMember" />
    <link:label xlink:type="resource" xlink:label="label_TomomasaOikawaMember_2" xml:lang="ja" xlink:role="http://www.xbrl.org/2003/role/label" id="label_TomomasaOikawaMember_2">及川　智正</link:label>
    <link:labelArc xlink:type="arc" xlink:arcrole="http://www.xbrl.org/2003/arcrole/concept-label" xlink:from="TomomasaOikawaMember" xlink:to="label_TomomasaOikawaMember_2" />
    <link:label xlink:type="resource" xlink:label="label_HiroshiHoriuchiMember" xml:lang="ja" xlink:role="http://www.xbrl.org/2003/role/verboseLabel" id="label_HiroshiHoriuchiMember">堀内　寛 [メンバー]</link:label>
    <link:labelArc xlink:type="arc" xlink:arcrole="http://www.xbrl.org/2003/arcrole/concept-label" xlink:from="HiroshiHoriuchiMember" xlink:to="label_HiroshiHoriuchiMember" />
    <link:label xlink:type="resource" xlink:label="label_HiroshiHoriuchiMember_2" xml:lang="ja" xlink:role="http://www.xbrl.org/2003/role/label" id="label_HiroshiHoriuchiMember_2">堀内　寛</link:label>
    <link:labelArc xlink:type="arc" xlink:arcrole="http://www.xbrl.org/2003/arcrole/concept-label" xlink:from="HiroshiHoriuchiMember" xlink:to="label_HiroshiHoriuchiMember_2" />
    <link:label xlink:type="resource" xlink:label="label_YoshikiyoMatsuoMember" xml:lang="ja" xlink:role="http://www.xbrl.org/2003/role/verboseLabel" id="label_YoshikiyoMatsuoMember">松尾　義清 [メンバー]</link:label>
    <link:labelArc xlink:type="arc" xlink:arcrole="http://www.xbrl.org/2003/arcrole/concept-label" xlink:from="YoshikiyoMatsuoMember" xlink:to="label_YoshikiyoMatsuoMember" />
    <link:label xlink:type="resource" xlink:label="label_YoshikiyoMatsuoMember_2" xml:lang="ja" xlink:role="http://www.xbrl.org/2003/role/label" id="label_YoshikiyoMatsuoMember_2">松尾　義清</link:label>
    <link:labelArc xlink:type="arc" xlink:arcrole="http://www.xbrl.org/2003/arcrole/concept-label" xlink:from="YoshikiyoMatsuoMember" xlink:to="label_YoshikiyoMatsuoMember_2" />
    <link:label xlink:type="resource" xlink:label="label_DaisukeSakamotoMember" xml:lang="ja" xlink:role="http://www.xbrl.org/2003/role/verboseLabel" id="label_DaisukeSakamotoMember">坂本　大輔 [メンバー]</link:label>
    <link:labelArc xlink:type="arc" xlink:arcrole="http://www.xbrl.org/2003/arcrole/concept-label" xlink:from="DaisukeSakamotoMember" xlink:to="label_DaisukeSakamotoMember" />
    <link:label xlink:type="resource" xlink:label="label_DaisukeSakamotoMember_2" xml:lang="ja" xlink:role="http://www.xbrl.org/2003/role/label" id="label_DaisukeSakamotoMember_2">坂本　大輔</link:label>
    <link:labelArc xlink:type="arc" xlink:arcrole="http://www.xbrl.org/2003/arcrole/concept-label" xlink:from="DaisukeSakamotoMember" xlink:to="label_DaisukeSakamotoMember_2" />
    <link:label xlink:type="resource" xlink:label="label_MasahikoMaekawaMember" xml:lang="ja" xlink:role="http://www.xbrl.org/2003/role/verboseLabel" id="label_MasahikoMaekawaMember">前川　雅彦 [メンバー]</link:label>
    <link:labelArc xlink:type="arc" xlink:arcrole="http://www.xbrl.org/2003/arcrole/concept-label" xlink:from="MasahikoMaekawaMember" xlink:to="label_MasahikoMaekawaMember" />
    <link:label xlink:type="resource" xlink:label="label_MasahikoMaekawaMember_2" xml:lang="ja" xlink:role="http://www.xbrl.org/2003/role/label" id="label_MasahikoMaekawaMember_2">前川　雅彦</link:label>
    <link:labelArc xlink:type="arc" xlink:arcrole="http://www.xbrl.org/2003/arcrole/concept-label" xlink:from="MasahikoMaekawaMember" xlink:to="label_MasahikoMaekawaMember_2" />
    <link:label xlink:type="resource" xlink:label="label_YoshiakiSeinoMember" xml:lang="ja" xlink:role="http://www.xbrl.org/2003/role/verboseLabel" id="label_YoshiakiSeinoMember">清野　芳昭 [メンバー]</link:label>
    <link:labelArc xlink:type="arc" xlink:arcrole="http://www.xbrl.org/2003/arcrole/concept-label" xlink:from="YoshiakiSeinoMember" xlink:to="label_YoshiakiSeinoMember" />
    <link:label xlink:type="resource" xlink:label="label_YoshiakiSeinoMember_2" xml:lang="ja" xlink:role="http://www.xbrl.org/2003/role/label" id="label_YoshiakiSeinoMember_2">清野　芳昭</link:label>
    <link:labelArc xlink:type="arc" xlink:arcrole="http://www.xbrl.org/2003/arcrole/concept-label" xlink:from="YoshiakiSeinoMember" xlink:to="label_YoshiakiSeinoMember_2" />
    <link:label xlink:type="resource" xlink:label="label_HiroyukiGotoMember" xml:lang="ja" xlink:role="http://www.xbrl.org/2003/role/verboseLabel" id="label_HiroyukiGotoMember">後藤　弘之 [メンバー]</link:label>
    <link:labelArc xlink:type="arc" xlink:arcrole="http://www.xbrl.org/2003/arcrole/concept-label" xlink:from="HiroyukiGotoMember" xlink:to="label_HiroyukiGotoMember" />
    <link:label xlink:type="resource" xlink:label="label_HiroyukiGotoMember_2" xml:lang="ja" xlink:role="http://www.xbrl.org/2003/role/label" id="label_HiroyukiGotoMember_2">後藤　弘之</link:label>
    <link:labelArc xlink:type="arc" xlink:arcrole="http://www.xbrl.org/2003/arcrole/concept-label" xlink:from="HiroyukiGotoMember" xlink:to="label_HiroyukiGotoMember_2" />
    <link:label xlink:type="resource" xlink:label="label_YukihiroFujimotoMember" xml:lang="ja" xlink:role="http://www.xbrl.org/2003/role/verboseLabel" id="label_YukihiroFujimotoMember">藤本　幸弘 [メンバー]</link:label>
    <link:labelArc xlink:type="arc" xlink:arcrole="http://www.xbrl.org/2003/arcrole/concept-label" xlink:from="YukihiroFujimotoMember" xlink:to="label_YukihiroFujimotoMember" />
    <link:label xlink:type="resource" xlink:label="label_YukihiroFujimotoMember_2" xml:lang="ja" xlink:role="http://www.xbrl.org/2003/role/label" id="label_YukihiroFujimotoMember_2">藤本　幸弘</link:label>
    <link:labelArc xlink:type="arc" xlink:arcrole="http://www.xbrl.org/2003/arcrole/concept-label" xlink:from="YukihiroFujimotoMember" xlink:to="label_YukihiroFujimotoMember_2" />
    <link:label xlink:type="resource" xlink:label="label_DistributionExpenditureSGA" xml:lang="ja" xlink:role="http://www.xbrl.org/2003/role/label" id="label_DistributionExpenditureSGA">物流費</link:label>
    <link:labelArc xlink:type="arc" xlink:arcrole="http://www.xbrl.org/2003/arcrole/concept-label" xlink:from="DistributionExpenditureSGA" xlink:to="label_DistributionExpenditureSGA" />
    <link:label xlink:type="resource" xlink:label="label_DistributionExpenditureSGA_2" xml:lang="ja" xlink:role="http://www.xbrl.org/2003/role/verboseLabel" id="label_DistributionExpenditureSGA_2">物流費、販売費及び一般管理費</link:label>
    <link:labelArc xlink:type="arc" xlink:arcrole="http://www.xbrl.org/2003/arcrole/concept-label" xlink:from="DistributionExpenditureSGA" xlink:to="label_DistributionExpenditureSGA_2" />
  </link:labelLink>
</link:linkbase>