<?xml version="1.0" encoding="utf-8"?>
<!-- Generated by PRONEXUS WORKS -->
<link:linkbase xmlns:link="http://www.xbrl.org/2003/linkbase" xmlns:xsi="http://www.w3.org/2001/XMLSchema-instance" xmlns:xbrli="http://www.xbrl.org/2003/instance" xmlns:xlink="http://www.w3.org/1999/xlink">
  <link:roleRef xlink:type="simple" roleURI="http://disclosure.edinet-fsa.go.jp/role/jppfs/rol_ConsolidatedStatementOfComprehensiveIncome" xlink:href="http://disclosure.edinet-fsa.go.jp/taxonomy/jppfs/2018-03-31/jppfs_rt_2018-03-31.xsd#rol_ConsolidatedStatementOfComprehensiveIncome" />
  <link:roleRef xlink:type="simple" roleURI="http://disclosure.edinet-fsa.go.jp/role/jppfs/rol_ConsolidatedStatementOfCashFlows-indirect" xlink:href="http://disclosure.edinet-fsa.go.jp/taxonomy/jppfs/2018-03-31/jppfs_rt_2018-03-31.xsd#rol_ConsolidatedStatementOfCashFlows-indirect" />
  <link:roleRef xlink:type="simple" roleURI="http://disclosure.edinet-fsa.go.jp/role/jppfs/rol_StatementOfChangesInEquity" xlink:href="http://disclosure.edinet-fsa.go.jp/taxonomy/jppfs/2018-03-31/jppfs_rt_2018-03-31.xsd#rol_StatementOfChangesInEquity" />
  <link:roleRef xlink:type="simple" roleURI="http://disclosure.edinet-fsa.go.jp/role/jppfs/rol_StatementOfIncome" xlink:href="http://disclosure.edinet-fsa.go.jp/taxonomy/jppfs/2018-03-31/jppfs_rt_2018-03-31.xsd#rol_StatementOfIncome" />
  <link:roleRef xlink:type="simple" roleURI="http://disclosure.edinet-fsa.go.jp/role/jppfs/rol_BalanceSheet" xlink:href="http://disclosure.edinet-fsa.go.jp/taxonomy/jppfs/2018-03-31/jppfs_rt_2018-03-31.xsd#rol_BalanceSheet" />
  <link:roleRef xlink:type="simple" roleURI="http://disclosure.edinet-fsa.go.jp/role/jppfs/rol_ConsolidatedStatementOfChangesInEquity" xlink:href="http://disclosure.edinet-fsa.go.jp/taxonomy/jppfs/2018-03-31/jppfs_rt_2018-03-31.xsd#rol_ConsolidatedStatementOfChangesInEquity" />
  <link:roleRef xlink:type="simple" roleURI="http://disclosure.edinet-fsa.go.jp/role/jppfs/rol_ConsolidatedStatementOfIncome" xlink:href="http://disclosure.edinet-fsa.go.jp/taxonomy/jppfs/2018-03-31/jppfs_rt_2018-03-31.xsd#rol_ConsolidatedStatementOfIncome" />
  <link:roleRef xlink:type="simple" roleURI="http://disclosure.edinet-fsa.go.jp/role/jppfs/rol_ConsolidatedBalanceSheet" xlink:href="http://disclosure.edinet-fsa.go.jp/taxonomy/jppfs/2018-03-31/jppfs_rt_2018-03-31.xsd#rol_ConsolidatedBalanceSheet" />
  <link:calculationLink xlink:type="extended" xlink:role="http://disclosure.edinet-fsa.go.jp/role/jppfs/rol_ConsolidatedBalanceSheet">
    <link:loc xlink:type="locator" xlink:href="http://disclosure.edinet-fsa.go.jp/taxonomy/jppfs/2018-03-31/jppfs_cor_2018-03-31.xsd#jppfs_cor_Assets" xlink:label="Assets" />
    <link:loc xlink:type="locator" xlink:href="http://disclosure.edinet-fsa.go.jp/taxonomy/jppfs/2018-03-31/jppfs_cor_2018-03-31.xsd#jppfs_cor_CurrentAssets" xlink:label="CurrentAssets_2" />
    <link:calculationArc xlink:type="arc" weight="1" xlink:arcrole="http://www.xbrl.org/2003/arcrole/summation-item" xlink:from="Assets" xlink:to="CurrentAssets_2" order="1.0" />
    <link:loc xlink:type="locator" xlink:href="http://disclosure.edinet-fsa.go.jp/taxonomy/jppfs/2018-03-31/jppfs_cor_2018-03-31.xsd#jppfs_cor_CurrentAssets" xlink:label="CurrentAssets" />
    <link:loc xlink:type="locator" xlink:href="http://disclosure.edinet-fsa.go.jp/taxonomy/jppfs/2018-03-31/jppfs_cor_2018-03-31.xsd#jppfs_cor_CashAndDeposits" xlink:label="CashAndDeposits" />
    <link:calculationArc xlink:type="arc" weight="1" xlink:arcrole="http://www.xbrl.org/2003/arcrole/summation-item" xlink:from="CurrentAssets" xlink:to="CashAndDeposits" order="1.0" />
    <link:loc xlink:type="locator" xlink:href="http://disclosure.edinet-fsa.go.jp/taxonomy/jppfs/2018-03-31/jppfs_cor_2018-03-31.xsd#jppfs_cor_AccountsReceivableTrade" xlink:label="AccountsReceivableTrade" />
    <link:calculationArc xlink:type="arc" weight="1" xlink:arcrole="http://www.xbrl.org/2003/arcrole/summation-item" xlink:from="CurrentAssets" xlink:to="AccountsReceivableTrade" order="7.0" />
    <link:loc xlink:type="locator" xlink:href="http://disclosure.edinet-fsa.go.jp/taxonomy/jppfs/2018-03-31/jppfs_cor_2018-03-31.xsd#jppfs_cor_OtherCA" xlink:label="OtherCA" />
    <link:calculationArc xlink:type="arc" weight="1" xlink:arcrole="http://www.xbrl.org/2003/arcrole/summation-item" xlink:from="CurrentAssets" xlink:to="OtherCA" order="14.0" />
    <link:loc xlink:type="locator" xlink:href="http://disclosure.edinet-fsa.go.jp/taxonomy/jppfs/2018-03-31/jppfs_cor_2018-03-31.xsd#jppfs_cor_AllowanceForDoubtfulAccountsCA" xlink:label="AllowanceForDoubtfulAccountsCA" />
    <link:calculationArc xlink:type="arc" weight="1" xlink:arcrole="http://www.xbrl.org/2003/arcrole/summation-item" xlink:from="CurrentAssets" xlink:to="AllowanceForDoubtfulAccountsCA" order="15.0" />
    <link:loc xlink:type="locator" xlink:href="http://disclosure.edinet-fsa.go.jp/taxonomy/jppfs/2018-03-31/jppfs_cor_2018-03-31.xsd#jppfs_cor_NoncurrentAssets" xlink:label="NoncurrentAssets_2" />
    <link:calculationArc xlink:type="arc" weight="1" xlink:arcrole="http://www.xbrl.org/2003/arcrole/summation-item" xlink:from="Assets" xlink:to="NoncurrentAssets_2" order="2.0" />
    <link:loc xlink:type="locator" xlink:href="http://disclosure.edinet-fsa.go.jp/taxonomy/jppfs/2018-03-31/jppfs_cor_2018-03-31.xsd#jppfs_cor_NoncurrentAssets" xlink:label="NoncurrentAssets" />
    <link:loc xlink:type="locator" xlink:href="http://disclosure.edinet-fsa.go.jp/taxonomy/jppfs/2018-03-31/jppfs_cor_2018-03-31.xsd#jppfs_cor_PropertyPlantAndEquipment" xlink:label="PropertyPlantAndEquipment_2" />
    <link:calculationArc xlink:type="arc" weight="1" xlink:arcrole="http://www.xbrl.org/2003/arcrole/summation-item" xlink:from="NoncurrentAssets" xlink:to="PropertyPlantAndEquipment_2" order="1.0" />
    <link:loc xlink:type="locator" xlink:href="http://disclosure.edinet-fsa.go.jp/taxonomy/jppfs/2018-03-31/jppfs_cor_2018-03-31.xsd#jppfs_cor_PropertyPlantAndEquipment" xlink:label="PropertyPlantAndEquipment" />
    <link:loc xlink:type="locator" xlink:href="http://disclosure.edinet-fsa.go.jp/taxonomy/jppfs/2018-03-31/jppfs_cor_2018-03-31.xsd#jppfs_cor_BuildingsAndStructuresNet" xlink:label="BuildingsAndStructuresNet_2" />
    <link:calculationArc xlink:type="arc" weight="1" xlink:arcrole="http://www.xbrl.org/2003/arcrole/summation-item" xlink:from="PropertyPlantAndEquipment" xlink:to="BuildingsAndStructuresNet_2" order="1.0" />
    <link:loc xlink:type="locator" xlink:href="http://disclosure.edinet-fsa.go.jp/taxonomy/jppfs/2018-03-31/jppfs_cor_2018-03-31.xsd#jppfs_cor_BuildingsAndStructuresNet" xlink:label="BuildingsAndStructuresNet" />
    <link:loc xlink:type="locator" xlink:href="http://disclosure.edinet-fsa.go.jp/taxonomy/jppfs/2018-03-31/jppfs_cor_2018-03-31.xsd#jppfs_cor_BuildingsAndStructures" xlink:label="BuildingsAndStructures" />
    <link:calculationArc xlink:type="arc" weight="1" xlink:arcrole="http://www.xbrl.org/2003/arcrole/summation-item" xlink:from="BuildingsAndStructuresNet" xlink:to="BuildingsAndStructures" order="1.0" />
    <link:loc xlink:type="locator" xlink:href="http://disclosure.edinet-fsa.go.jp/taxonomy/jppfs/2018-03-31/jppfs_cor_2018-03-31.xsd#jppfs_cor_AccumulatedDepreciationBuildingsAndStructures" xlink:label="AccumulatedDepreciationBuildingsAndStructures" />
    <link:calculationArc xlink:type="arc" weight="1" xlink:arcrole="http://www.xbrl.org/2003/arcrole/summation-item" xlink:from="BuildingsAndStructuresNet" xlink:to="AccumulatedDepreciationBuildingsAndStructures" order="2.0" />
    <link:loc xlink:type="locator" xlink:href="http://disclosure.edinet-fsa.go.jp/taxonomy/jppfs/2018-03-31/jppfs_cor_2018-03-31.xsd#jppfs_cor_VehiclesNet" xlink:label="VehiclesNet_2" />
    <link:calculationArc xlink:type="arc" weight="1" xlink:arcrole="http://www.xbrl.org/2003/arcrole/summation-item" xlink:from="PropertyPlantAndEquipment" xlink:to="VehiclesNet_2" order="6.0" />
    <link:loc xlink:type="locator" xlink:href="http://disclosure.edinet-fsa.go.jp/taxonomy/jppfs/2018-03-31/jppfs_cor_2018-03-31.xsd#jppfs_cor_VehiclesNet" xlink:label="VehiclesNet" />
    <link:loc xlink:type="locator" xlink:href="http://disclosure.edinet-fsa.go.jp/taxonomy/jppfs/2018-03-31/jppfs_cor_2018-03-31.xsd#jppfs_cor_Vehicles" xlink:label="Vehicles" />
    <link:calculationArc xlink:type="arc" weight="1" xlink:arcrole="http://www.xbrl.org/2003/arcrole/summation-item" xlink:from="VehiclesNet" xlink:to="Vehicles" order="1.0" />
    <link:loc xlink:type="locator" xlink:href="http://disclosure.edinet-fsa.go.jp/taxonomy/jppfs/2018-03-31/jppfs_cor_2018-03-31.xsd#jppfs_cor_AccumulatedDepreciationVehicles" xlink:label="AccumulatedDepreciationVehicles" />
    <link:calculationArc xlink:type="arc" weight="1" xlink:arcrole="http://www.xbrl.org/2003/arcrole/summation-item" xlink:from="VehiclesNet" xlink:to="AccumulatedDepreciationVehicles" order="2.0" />
    <link:loc xlink:type="locator" xlink:href="http://disclosure.edinet-fsa.go.jp/taxonomy/jppfs/2018-03-31/jppfs_cor_2018-03-31.xsd#jppfs_cor_ToolsFurnitureAndFixturesNet" xlink:label="ToolsFurnitureAndFixturesNet_2" />
    <link:calculationArc xlink:type="arc" weight="1" xlink:arcrole="http://www.xbrl.org/2003/arcrole/summation-item" xlink:from="PropertyPlantAndEquipment" xlink:to="ToolsFurnitureAndFixturesNet_2" order="11.5" />
    <link:loc xlink:type="locator" xlink:href="http://disclosure.edinet-fsa.go.jp/taxonomy/jppfs/2018-03-31/jppfs_cor_2018-03-31.xsd#jppfs_cor_ToolsFurnitureAndFixturesNet" xlink:label="ToolsFurnitureAndFixturesNet" />
    <link:loc xlink:type="locator" xlink:href="http://disclosure.edinet-fsa.go.jp/taxonomy/jppfs/2018-03-31/jppfs_cor_2018-03-31.xsd#jppfs_cor_ToolsFurnitureAndFixtures" xlink:label="ToolsFurnitureAndFixtures" />
    <link:calculationArc xlink:type="arc" weight="1" xlink:arcrole="http://www.xbrl.org/2003/arcrole/summation-item" xlink:from="ToolsFurnitureAndFixturesNet" xlink:to="ToolsFurnitureAndFixtures" order="1.0" />
    <link:loc xlink:type="locator" xlink:href="http://disclosure.edinet-fsa.go.jp/taxonomy/jppfs/2018-03-31/jppfs_cor_2018-03-31.xsd#jppfs_cor_AccumulatedDepreciationToolsFurnitureAndFixtures" xlink:label="AccumulatedDepreciationToolsFurnitureAndFixtures" />
    <link:calculationArc xlink:type="arc" weight="1" xlink:arcrole="http://www.xbrl.org/2003/arcrole/summation-item" xlink:from="ToolsFurnitureAndFixturesNet" xlink:to="AccumulatedDepreciationToolsFurnitureAndFixtures" order="2.0" />
    <link:loc xlink:type="locator" xlink:href="http://disclosure.edinet-fsa.go.jp/taxonomy/jppfs/2018-03-31/jppfs_cor_2018-03-31.xsd#jppfs_cor_OtherNetPPE" xlink:label="OtherNetPPE_2" />
    <link:calculationArc xlink:type="arc" weight="1" xlink:arcrole="http://www.xbrl.org/2003/arcrole/summation-item" xlink:from="PropertyPlantAndEquipment" xlink:to="OtherNetPPE_2" order="12.5" />
    <link:loc xlink:type="locator" xlink:href="http://disclosure.edinet-fsa.go.jp/taxonomy/jppfs/2018-03-31/jppfs_cor_2018-03-31.xsd#jppfs_cor_OtherNetPPE" xlink:label="OtherNetPPE" />
    <link:loc xlink:type="locator" xlink:href="http://disclosure.edinet-fsa.go.jp/taxonomy/jppfs/2018-03-31/jppfs_cor_2018-03-31.xsd#jppfs_cor_AccumulatedDepreciationOtherPPE" xlink:label="AccumulatedDepreciationOtherPPE" />
    <link:calculationArc xlink:type="arc" weight="1" xlink:arcrole="http://www.xbrl.org/2003/arcrole/summation-item" xlink:from="OtherNetPPE" xlink:to="AccumulatedDepreciationOtherPPE" order="1.0" />
    <link:loc xlink:type="locator" xlink:href="http://disclosure.edinet-fsa.go.jp/taxonomy/jppfs/2018-03-31/jppfs_cor_2018-03-31.xsd#jppfs_cor_OtherPPE" xlink:label="OtherPPE" />
    <link:calculationArc xlink:type="arc" weight="1" xlink:arcrole="http://www.xbrl.org/2003/arcrole/summation-item" xlink:from="OtherNetPPE" xlink:to="OtherPPE" order="2.0" />
    <link:loc xlink:type="locator" xlink:href="http://disclosure.edinet-fsa.go.jp/taxonomy/jppfs/2018-03-31/jppfs_cor_2018-03-31.xsd#jppfs_cor_IntangibleAssets" xlink:label="IntangibleAssets_2" />
    <link:calculationArc xlink:type="arc" weight="1" xlink:arcrole="http://www.xbrl.org/2003/arcrole/summation-item" xlink:from="NoncurrentAssets" xlink:to="IntangibleAssets_2" order="2.0" />
    <link:loc xlink:type="locator" xlink:href="http://disclosure.edinet-fsa.go.jp/taxonomy/jppfs/2018-03-31/jppfs_cor_2018-03-31.xsd#jppfs_cor_IntangibleAssets" xlink:label="IntangibleAssets" />
    <link:loc xlink:type="locator" xlink:href="http://disclosure.edinet-fsa.go.jp/taxonomy/jppfs/2018-03-31/jppfs_cor_2018-03-31.xsd#jppfs_cor_Goodwill" xlink:label="Goodwill" />
    <link:calculationArc xlink:type="arc" weight="1" xlink:arcrole="http://www.xbrl.org/2003/arcrole/summation-item" xlink:from="IntangibleAssets" xlink:to="Goodwill" order="1.0" />
    <link:loc xlink:type="locator" xlink:href="http://disclosure.edinet-fsa.go.jp/taxonomy/jppfs/2018-03-31/jppfs_cor_2018-03-31.xsd#jppfs_cor_Software" xlink:label="Software" />
    <link:calculationArc xlink:type="arc" weight="1" xlink:arcrole="http://www.xbrl.org/2003/arcrole/summation-item" xlink:from="IntangibleAssets" xlink:to="Software" order="2.0" />
    <link:loc xlink:type="locator" xlink:href="http://disclosure.edinet-fsa.go.jp/taxonomy/jppfs/2018-03-31/jppfs_cor_2018-03-31.xsd#jppfs_cor_InvestmentsAndOtherAssets" xlink:label="InvestmentsAndOtherAssets_2" />
    <link:calculationArc xlink:type="arc" weight="1" xlink:arcrole="http://www.xbrl.org/2003/arcrole/summation-item" xlink:from="NoncurrentAssets" xlink:to="InvestmentsAndOtherAssets_2" order="3.0" />
    <link:loc xlink:type="locator" xlink:href="http://disclosure.edinet-fsa.go.jp/taxonomy/jppfs/2018-03-31/jppfs_cor_2018-03-31.xsd#jppfs_cor_InvestmentsAndOtherAssets" xlink:label="InvestmentsAndOtherAssets" />
    <link:loc xlink:type="locator" xlink:href="http://disclosure.edinet-fsa.go.jp/taxonomy/jppfs/2018-03-31/jppfs_cor_2018-03-31.xsd#jppfs_cor_InvestmentSecurities" xlink:label="InvestmentSecurities" />
    <link:calculationArc xlink:type="arc" weight="1" xlink:arcrole="http://www.xbrl.org/2003/arcrole/summation-item" xlink:from="InvestmentsAndOtherAssets" xlink:to="InvestmentSecurities" order="3.0" />
    <link:loc xlink:type="locator" xlink:href="http://disclosure.edinet-fsa.go.jp/taxonomy/jppfs/2018-03-31/jppfs_cor_2018-03-31.xsd#jppfs_cor_DeferredTaxAssetsIOA" xlink:label="DeferredTaxAssetsIOA" />
    <link:calculationArc xlink:type="arc" weight="1" xlink:arcrole="http://www.xbrl.org/2003/arcrole/summation-item" xlink:from="InvestmentsAndOtherAssets" xlink:to="DeferredTaxAssetsIOA" order="6.0" />
    <link:loc xlink:type="locator" xlink:href="http://disclosure.edinet-fsa.go.jp/taxonomy/jppfs/2018-03-31/jppfs_cor_2018-03-31.xsd#jppfs_cor_OtherIOA" xlink:label="OtherIOA" />
    <link:calculationArc xlink:type="arc" weight="1" xlink:arcrole="http://www.xbrl.org/2003/arcrole/summation-item" xlink:from="InvestmentsAndOtherAssets" xlink:to="OtherIOA" order="7.0" />
    <link:loc xlink:type="locator" xlink:href="http://disclosure.edinet-fsa.go.jp/taxonomy/jppfs/2018-03-31/jppfs_cor_2018-03-31.xsd#jppfs_cor_LiabilitiesAndNetAssets" xlink:label="LiabilitiesAndNetAssets" />
    <link:loc xlink:type="locator" xlink:href="http://disclosure.edinet-fsa.go.jp/taxonomy/jppfs/2018-03-31/jppfs_cor_2018-03-31.xsd#jppfs_cor_Liabilities" xlink:label="Liabilities_2" />
    <link:calculationArc xlink:type="arc" weight="1" xlink:arcrole="http://www.xbrl.org/2003/arcrole/summation-item" xlink:from="LiabilitiesAndNetAssets" xlink:to="Liabilities_2" order="1.0" />
    <link:loc xlink:type="locator" xlink:href="http://disclosure.edinet-fsa.go.jp/taxonomy/jppfs/2018-03-31/jppfs_cor_2018-03-31.xsd#jppfs_cor_Liabilities" xlink:label="Liabilities" />
    <link:loc xlink:type="locator" xlink:href="http://disclosure.edinet-fsa.go.jp/taxonomy/jppfs/2018-03-31/jppfs_cor_2018-03-31.xsd#jppfs_cor_CurrentLiabilities" xlink:label="CurrentLiabilities_2" />
    <link:calculationArc xlink:type="arc" weight="1" xlink:arcrole="http://www.xbrl.org/2003/arcrole/summation-item" xlink:from="Liabilities" xlink:to="CurrentLiabilities_2" order="1.0" />
    <link:loc xlink:type="locator" xlink:href="http://disclosure.edinet-fsa.go.jp/taxonomy/jppfs/2018-03-31/jppfs_cor_2018-03-31.xsd#jppfs_cor_CurrentLiabilities" xlink:label="CurrentLiabilities" />
    <link:loc xlink:type="locator" xlink:href="http://disclosure.edinet-fsa.go.jp/taxonomy/jppfs/2018-03-31/jppfs_cor_2018-03-31.xsd#jppfs_cor_CurrentPortionOfLongTermLoansPayable" xlink:label="CurrentPortionOfLongTermLoansPayable" />
    <link:calculationArc xlink:type="arc" weight="1" xlink:arcrole="http://www.xbrl.org/2003/arcrole/summation-item" xlink:from="CurrentLiabilities" xlink:to="CurrentPortionOfLongTermLoansPayable" order="1.0" />
    <link:loc xlink:type="locator" xlink:href="http://disclosure.edinet-fsa.go.jp/taxonomy/jppfs/2018-03-31/jppfs_cor_2018-03-31.xsd#jppfs_cor_AccountsPayableOther" xlink:label="AccountsPayableOther" />
    <link:calculationArc xlink:type="arc" weight="1" xlink:arcrole="http://www.xbrl.org/2003/arcrole/summation-item" xlink:from="CurrentLiabilities" xlink:to="AccountsPayableOther" order="2.0" />
    <link:loc xlink:type="locator" xlink:href="http://disclosure.edinet-fsa.go.jp/taxonomy/jppfs/2018-03-31/jppfs_cor_2018-03-31.xsd#jppfs_cor_AccountsPayableTrade" xlink:label="AccountsPayableTrade" />
    <link:calculationArc xlink:type="arc" weight="1" xlink:arcrole="http://www.xbrl.org/2003/arcrole/summation-item" xlink:from="CurrentLiabilities" xlink:to="AccountsPayableTrade" order="3.0" />
    <link:loc xlink:type="locator" xlink:href="http://disclosure.edinet-fsa.go.jp/taxonomy/jppfs/2018-03-31/jppfs_cor_2018-03-31.xsd#jppfs_cor_IncomeTaxesPayable" xlink:label="IncomeTaxesPayable" />
    <link:calculationArc xlink:type="arc" weight="1" xlink:arcrole="http://www.xbrl.org/2003/arcrole/summation-item" xlink:from="CurrentLiabilities" xlink:to="IncomeTaxesPayable" order="4.0" />
    <link:loc xlink:type="locator" xlink:href="http://disclosure.edinet-fsa.go.jp/taxonomy/jppfs/2018-03-31/jppfs_cor_2018-03-31.xsd#jppfs_cor_ProvisionForBonuses" xlink:label="ProvisionForBonuses" />
    <link:calculationArc xlink:type="arc" weight="1" xlink:arcrole="http://www.xbrl.org/2003/arcrole/summation-item" xlink:from="CurrentLiabilities" xlink:to="ProvisionForBonuses" order="6.0" />
    <link:loc xlink:type="locator" xlink:href="http://disclosure.edinet-fsa.go.jp/taxonomy/jppfs/2018-03-31/jppfs_cor_2018-03-31.xsd#jppfs_cor_OtherCL" xlink:label="OtherCL" />
    <link:calculationArc xlink:type="arc" weight="1" xlink:arcrole="http://www.xbrl.org/2003/arcrole/summation-item" xlink:from="CurrentLiabilities" xlink:to="OtherCL" order="8.0" />
    <link:loc xlink:type="locator" xlink:href="http://disclosure.edinet-fsa.go.jp/taxonomy/jppfs/2018-03-31/jppfs_cor_2018-03-31.xsd#jppfs_cor_NoncurrentLiabilities" xlink:label="NoncurrentLiabilities_2" />
    <link:calculationArc xlink:type="arc" weight="1" xlink:arcrole="http://www.xbrl.org/2003/arcrole/summation-item" xlink:from="Liabilities" xlink:to="NoncurrentLiabilities_2" order="2.0" />
    <link:loc xlink:type="locator" xlink:href="http://disclosure.edinet-fsa.go.jp/taxonomy/jppfs/2018-03-31/jppfs_cor_2018-03-31.xsd#jppfs_cor_NoncurrentLiabilities" xlink:label="NoncurrentLiabilities" />
    <link:loc xlink:type="locator" xlink:href="http://disclosure.edinet-fsa.go.jp/taxonomy/jppfs/2018-03-31/jppfs_cor_2018-03-31.xsd#jppfs_cor_LongTermLoansPayable" xlink:label="LongTermLoansPayable" />
    <link:calculationArc xlink:type="arc" weight="1" xlink:arcrole="http://www.xbrl.org/2003/arcrole/summation-item" xlink:from="NoncurrentLiabilities" xlink:to="LongTermLoansPayable" order="2.0" />
    <link:loc xlink:type="locator" xlink:href="http://disclosure.edinet-fsa.go.jp/taxonomy/jppfs/2018-03-31/jppfs_cor_2018-03-31.xsd#jppfs_cor_OtherNCL" xlink:label="OtherNCL" />
    <link:calculationArc xlink:type="arc" weight="1" xlink:arcrole="http://www.xbrl.org/2003/arcrole/summation-item" xlink:from="NoncurrentLiabilities" xlink:to="OtherNCL" order="7.0" />
    <link:loc xlink:type="locator" xlink:href="http://disclosure.edinet-fsa.go.jp/taxonomy/jppfs/2018-03-31/jppfs_cor_2018-03-31.xsd#jppfs_cor_NetAssets" xlink:label="NetAssets_2" />
    <link:calculationArc xlink:type="arc" weight="1" xlink:arcrole="http://www.xbrl.org/2003/arcrole/summation-item" xlink:from="LiabilitiesAndNetAssets" xlink:to="NetAssets_2" order="2.0" />
    <link:loc xlink:type="locator" xlink:href="http://disclosure.edinet-fsa.go.jp/taxonomy/jppfs/2018-03-31/jppfs_cor_2018-03-31.xsd#jppfs_cor_NetAssets" xlink:label="NetAssets" />
    <link:loc xlink:type="locator" xlink:href="http://disclosure.edinet-fsa.go.jp/taxonomy/jppfs/2018-03-31/jppfs_cor_2018-03-31.xsd#jppfs_cor_ShareholdersEquity" xlink:label="ShareholdersEquity_2" />
    <link:calculationArc xlink:type="arc" weight="1" xlink:arcrole="http://www.xbrl.org/2003/arcrole/summation-item" xlink:from="NetAssets" xlink:to="ShareholdersEquity_2" order="1.0" />
    <link:loc xlink:type="locator" xlink:href="http://disclosure.edinet-fsa.go.jp/taxonomy/jppfs/2018-03-31/jppfs_cor_2018-03-31.xsd#jppfs_cor_ShareholdersEquity" xlink:label="ShareholdersEquity" />
    <link:loc xlink:type="locator" xlink:href="http://disclosure.edinet-fsa.go.jp/taxonomy/jppfs/2018-03-31/jppfs_cor_2018-03-31.xsd#jppfs_cor_CapitalStock" xlink:label="CapitalStock" />
    <link:calculationArc xlink:type="arc" weight="1" xlink:arcrole="http://www.xbrl.org/2003/arcrole/summation-item" xlink:from="ShareholdersEquity" xlink:to="CapitalStock" order="1.0" />
    <link:loc xlink:type="locator" xlink:href="http://disclosure.edinet-fsa.go.jp/taxonomy/jppfs/2018-03-31/jppfs_cor_2018-03-31.xsd#jppfs_cor_CapitalSurplus" xlink:label="CapitalSurplus" />
    <link:calculationArc xlink:type="arc" weight="1" xlink:arcrole="http://www.xbrl.org/2003/arcrole/summation-item" xlink:from="ShareholdersEquity" xlink:to="CapitalSurplus" order="3.0" />
    <link:loc xlink:type="locator" xlink:href="http://disclosure.edinet-fsa.go.jp/taxonomy/jppfs/2018-03-31/jppfs_cor_2018-03-31.xsd#jppfs_cor_RetainedEarnings" xlink:label="RetainedEarnings" />
    <link:calculationArc xlink:type="arc" weight="1" xlink:arcrole="http://www.xbrl.org/2003/arcrole/summation-item" xlink:from="ShareholdersEquity" xlink:to="RetainedEarnings" order="4.0" />
    <link:loc xlink:type="locator" xlink:href="http://disclosure.edinet-fsa.go.jp/taxonomy/jppfs/2018-03-31/jppfs_cor_2018-03-31.xsd#jppfs_cor_TreasuryStock" xlink:label="TreasuryStock" />
    <link:calculationArc xlink:type="arc" weight="1" xlink:arcrole="http://www.xbrl.org/2003/arcrole/summation-item" xlink:from="ShareholdersEquity" xlink:to="TreasuryStock" order="5.0" />
    <link:loc xlink:type="locator" xlink:href="http://disclosure.edinet-fsa.go.jp/taxonomy/jppfs/2018-03-31/jppfs_cor_2018-03-31.xsd#jppfs_cor_ValuationAndTranslationAdjustments" xlink:label="ValuationAndTranslationAdjustments_2" />
    <link:calculationArc xlink:type="arc" weight="1" xlink:arcrole="http://www.xbrl.org/2003/arcrole/summation-item" xlink:from="NetAssets" xlink:to="ValuationAndTranslationAdjustments_2" order="2.0" />
    <link:loc xlink:type="locator" xlink:href="http://disclosure.edinet-fsa.go.jp/taxonomy/jppfs/2018-03-31/jppfs_cor_2018-03-31.xsd#jppfs_cor_ValuationAndTranslationAdjustments" xlink:label="ValuationAndTranslationAdjustments" />
    <link:loc xlink:type="locator" xlink:href="http://disclosure.edinet-fsa.go.jp/taxonomy/jppfs/2018-03-31/jppfs_cor_2018-03-31.xsd#jppfs_cor_ForeignCurrencyTranslationAdjustment" xlink:label="ForeignCurrencyTranslationAdjustment" />
    <link:calculationArc xlink:type="arc" weight="1" xlink:arcrole="http://www.xbrl.org/2003/arcrole/summation-item" xlink:from="ValuationAndTranslationAdjustments" xlink:to="ForeignCurrencyTranslationAdjustment" order="4.0" />
    <link:loc xlink:type="locator" xlink:href="http://disclosure.edinet-fsa.go.jp/taxonomy/jppfs/2018-03-31/jppfs_cor_2018-03-31.xsd#jppfs_cor_NonControllingInterests" xlink:label="NonControllingInterests" />
    <link:calculationArc xlink:type="arc" weight="1" xlink:arcrole="http://www.xbrl.org/2003/arcrole/summation-item" xlink:from="NetAssets" xlink:to="NonControllingInterests" order="4.0" />
  </link:calculationLink>
  <link:calculationLink xlink:type="extended" xlink:role="http://disclosure.edinet-fsa.go.jp/role/jppfs/rol_ConsolidatedStatementOfIncome">
    <link:loc xlink:type="locator" xlink:href="http://disclosure.edinet-fsa.go.jp/taxonomy/jppfs/2018-03-31/jppfs_cor_2018-03-31.xsd#jppfs_cor_ProfitLoss" xlink:label="ProfitLoss" />
    <link:loc xlink:type="locator" xlink:href="http://disclosure.edinet-fsa.go.jp/taxonomy/jppfs/2018-03-31/jppfs_cor_2018-03-31.xsd#jppfs_cor_IncomeBeforeIncomeTaxes" xlink:label="IncomeBeforeIncomeTaxes_2" />
    <link:calculationArc xlink:type="arc" weight="1" xlink:arcrole="http://www.xbrl.org/2003/arcrole/summation-item" xlink:from="ProfitLoss" xlink:to="IncomeBeforeIncomeTaxes_2" order="1.0" />
    <link:loc xlink:type="locator" xlink:href="http://disclosure.edinet-fsa.go.jp/taxonomy/jppfs/2018-03-31/jppfs_cor_2018-03-31.xsd#jppfs_cor_IncomeBeforeIncomeTaxes" xlink:label="IncomeBeforeIncomeTaxes" />
    <link:loc xlink:type="locator" xlink:href="http://disclosure.edinet-fsa.go.jp/taxonomy/jppfs/2018-03-31/jppfs_cor_2018-03-31.xsd#jppfs_cor_OrdinaryIncome" xlink:label="OrdinaryIncome_2" />
    <link:calculationArc xlink:type="arc" weight="1" xlink:arcrole="http://www.xbrl.org/2003/arcrole/summation-item" xlink:from="IncomeBeforeIncomeTaxes" xlink:to="OrdinaryIncome_2" order="1.0" />
    <link:loc xlink:type="locator" xlink:href="http://disclosure.edinet-fsa.go.jp/taxonomy/jppfs/2018-03-31/jppfs_cor_2018-03-31.xsd#jppfs_cor_OrdinaryIncome" xlink:label="OrdinaryIncome" />
    <link:loc xlink:type="locator" xlink:href="http://disclosure.edinet-fsa.go.jp/taxonomy/jppfs/2018-03-31/jppfs_cor_2018-03-31.xsd#jppfs_cor_OperatingIncome" xlink:label="OperatingIncome_2" />
    <link:calculationArc xlink:type="arc" weight="1" xlink:arcrole="http://www.xbrl.org/2003/arcrole/summation-item" xlink:from="OrdinaryIncome" xlink:to="OperatingIncome_2" order="1.0" />
    <link:loc xlink:type="locator" xlink:href="http://disclosure.edinet-fsa.go.jp/taxonomy/jppfs/2018-03-31/jppfs_cor_2018-03-31.xsd#jppfs_cor_OperatingIncome" xlink:label="OperatingIncome" />
    <link:loc xlink:type="locator" xlink:href="http://disclosure.edinet-fsa.go.jp/taxonomy/jppfs/2018-03-31/jppfs_cor_2018-03-31.xsd#jppfs_cor_GrossProfit" xlink:label="GrossProfit_2" />
    <link:calculationArc xlink:type="arc" weight="1" xlink:arcrole="http://www.xbrl.org/2003/arcrole/summation-item" xlink:from="OperatingIncome" xlink:to="GrossProfit_2" order="1.0" />
    <link:loc xlink:type="locator" xlink:href="http://disclosure.edinet-fsa.go.jp/taxonomy/jppfs/2018-03-31/jppfs_cor_2018-03-31.xsd#jppfs_cor_GrossProfit" xlink:label="GrossProfit" />
    <link:loc xlink:type="locator" xlink:href="http://disclosure.edinet-fsa.go.jp/taxonomy/jppfs/2018-03-31/jppfs_cor_2018-03-31.xsd#jppfs_cor_NetSales" xlink:label="NetSales" />
    <link:calculationArc xlink:type="arc" weight="1" xlink:arcrole="http://www.xbrl.org/2003/arcrole/summation-item" xlink:from="GrossProfit" xlink:to="NetSales" order="1.0" />
    <link:loc xlink:type="locator" xlink:href="http://disclosure.edinet-fsa.go.jp/taxonomy/jppfs/2018-03-31/jppfs_cor_2018-03-31.xsd#jppfs_cor_CostOfSales" xlink:label="CostOfSales" />
    <link:calculationArc xlink:type="arc" weight="-1" xlink:arcrole="http://www.xbrl.org/2003/arcrole/summation-item" xlink:from="GrossProfit" xlink:to="CostOfSales" order="2.0" />
    <link:loc xlink:type="locator" xlink:href="http://disclosure.edinet-fsa.go.jp/taxonomy/jppfs/2018-03-31/jppfs_cor_2018-03-31.xsd#jppfs_cor_SellingGeneralAndAdministrativeExpenses" xlink:label="SellingGeneralAndAdministrativeExpenses" />
    <link:calculationArc xlink:type="arc" weight="-1" xlink:arcrole="http://www.xbrl.org/2003/arcrole/summation-item" xlink:from="OperatingIncome" xlink:to="SellingGeneralAndAdministrativeExpenses" order="3.0" />
    <link:loc xlink:type="locator" xlink:href="http://disclosure.edinet-fsa.go.jp/taxonomy/jppfs/2018-03-31/jppfs_cor_2018-03-31.xsd#jppfs_cor_NonOperatingIncome" xlink:label="NonOperatingIncome_2" />
    <link:calculationArc xlink:type="arc" weight="1" xlink:arcrole="http://www.xbrl.org/2003/arcrole/summation-item" xlink:from="OrdinaryIncome" xlink:to="NonOperatingIncome_2" order="2.0" />
    <link:loc xlink:type="locator" xlink:href="http://disclosure.edinet-fsa.go.jp/taxonomy/jppfs/2018-03-31/jppfs_cor_2018-03-31.xsd#jppfs_cor_NonOperatingIncome" xlink:label="NonOperatingIncome" />
    <link:loc xlink:type="locator" xlink:href="http://disclosure.edinet-fsa.go.jp/taxonomy/jppfs/2018-03-31/jppfs_cor_2018-03-31.xsd#jppfs_cor_InterestIncomeNOI" xlink:label="InterestIncomeNOI" />
    <link:calculationArc xlink:type="arc" weight="1" xlink:arcrole="http://www.xbrl.org/2003/arcrole/summation-item" xlink:from="NonOperatingIncome" xlink:to="InterestIncomeNOI" order="0.619140625" />
    <link:loc xlink:type="locator" xlink:href="http://disclosure.edinet-fsa.go.jp/taxonomy/jppfs/2018-03-31/jppfs_cor_2018-03-31.xsd#jppfs_cor_RentIncomeNOI" xlink:label="RentIncomeNOI" />
    <link:calculationArc xlink:type="arc" weight="1" xlink:arcrole="http://www.xbrl.org/2003/arcrole/summation-item" xlink:from="NonOperatingIncome" xlink:to="RentIncomeNOI" order="1.23828125" />
    <link:loc xlink:type="locator" xlink:href="http://disclosure.edinet-fsa.go.jp/taxonomy/jppfs/2018-03-31/jppfs_cor_2018-03-31.xsd#jppfs_cor_InsuranceFeeNOI" xlink:label="InsuranceFeeNOI" />
    <link:calculationArc xlink:type="arc" weight="1" xlink:arcrole="http://www.xbrl.org/2003/arcrole/summation-item" xlink:from="NonOperatingIncome" xlink:to="InsuranceFeeNOI" order="1.48046875" />
    <link:loc xlink:type="locator" xlink:href="http://disclosure.edinet-fsa.go.jp/taxonomy/jppfs/2018-03-31/jppfs_cor_2018-03-31.xsd#jppfs_cor_SubsidyIncomeNOI" xlink:label="SubsidyIncomeNOI" />
    <link:calculationArc xlink:type="arc" weight="1" xlink:arcrole="http://www.xbrl.org/2003/arcrole/summation-item" xlink:from="NonOperatingIncome" xlink:to="SubsidyIncomeNOI" order="1.724609375" />
    <link:loc xlink:type="locator" xlink:href="http://disclosure.edinet-fsa.go.jp/taxonomy/jppfs/2018-03-31/jppfs_cor_2018-03-31.xsd#jppfs_cor_SubsidyIncomeNOIBounty" xlink:label="SubsidyIncomeNOIBounty" />
    <link:calculationArc xlink:type="arc" weight="1" xlink:arcrole="http://www.xbrl.org/2003/arcrole/summation-item" xlink:from="NonOperatingIncome" xlink:to="SubsidyIncomeNOIBounty" order="2.3466796875" />
    <link:loc xlink:type="locator" xlink:href="http://disclosure.edinet-fsa.go.jp/taxonomy/jppfs/2018-03-31/jppfs_cor_2018-03-31.xsd#jppfs_cor_OtherNOI" xlink:label="OtherNOI" />
    <link:calculationArc xlink:type="arc" weight="1" xlink:arcrole="http://www.xbrl.org/2003/arcrole/summation-item" xlink:from="NonOperatingIncome" xlink:to="OtherNOI" order="3.3466796875" />
    <link:loc xlink:type="locator" xlink:href="http://disclosure.edinet-fsa.go.jp/taxonomy/jppfs/2018-03-31/jppfs_cor_2018-03-31.xsd#jppfs_cor_NonOperatingExpenses" xlink:label="NonOperatingExpenses_2" />
    <link:calculationArc xlink:type="arc" weight="-1" xlink:arcrole="http://www.xbrl.org/2003/arcrole/summation-item" xlink:from="OrdinaryIncome" xlink:to="NonOperatingExpenses_2" order="3.0" />
    <link:loc xlink:type="locator" xlink:href="http://disclosure.edinet-fsa.go.jp/taxonomy/jppfs/2018-03-31/jppfs_cor_2018-03-31.xsd#jppfs_cor_NonOperatingExpenses" xlink:label="NonOperatingExpenses" />
    <link:loc xlink:type="locator" xlink:href="http://disclosure.edinet-fsa.go.jp/taxonomy/jppfs/2018-03-31/jppfs_cor_2018-03-31.xsd#jppfs_cor_InterestExpensesNOE" xlink:label="InterestExpensesNOE" />
    <link:calculationArc xlink:type="arc" weight="1" xlink:arcrole="http://www.xbrl.org/2003/arcrole/summation-item" xlink:from="NonOperatingExpenses" xlink:to="InterestExpensesNOE" order="1.0" />
    <link:loc xlink:type="locator" xlink:href="http://disclosure.edinet-fsa.go.jp/taxonomy/jppfs/2018-03-31/jppfs_cor_2018-03-31.xsd#jppfs_cor_RentExpensesNOE" xlink:label="RentExpensesNOE" />
    <link:calculationArc xlink:type="arc" weight="1" xlink:arcrole="http://www.xbrl.org/2003/arcrole/summation-item" xlink:from="NonOperatingExpenses" xlink:to="RentExpensesNOE" order="1.875" />
    <link:loc xlink:type="locator" xlink:href="http://disclosure.edinet-fsa.go.jp/taxonomy/jppfs/2018-03-31/jppfs_cor_2018-03-31.xsd#jppfs_cor_ForeignExchangeLossesNOE" xlink:label="ForeignExchangeLossesNOE" />
    <link:calculationArc xlink:type="arc" weight="1" xlink:arcrole="http://www.xbrl.org/2003/arcrole/summation-item" xlink:from="NonOperatingExpenses" xlink:to="ForeignExchangeLossesNOE" order="2.5625" />
    <link:loc xlink:type="locator" xlink:href="http://disclosure.edinet-fsa.go.jp/taxonomy/jppfs/2018-03-31/jppfs_cor_2018-03-31.xsd#jppfs_cor_StockIssuanceCostNOE" xlink:label="StockIssuanceCostNOE" />
    <link:calculationArc xlink:type="arc" weight="1" xlink:arcrole="http://www.xbrl.org/2003/arcrole/summation-item" xlink:from="NonOperatingExpenses" xlink:to="StockIssuanceCostNOE" order="3.40625" />
    <link:loc xlink:type="locator" xlink:href="http://disclosure.edinet-fsa.go.jp/taxonomy/jppfs/2018-03-31/jppfs_cor_2018-03-31.xsd#jppfs_cor_OtherNOE" xlink:label="OtherNOE" />
    <link:calculationArc xlink:type="arc" weight="1" xlink:arcrole="http://www.xbrl.org/2003/arcrole/summation-item" xlink:from="NonOperatingExpenses" xlink:to="OtherNOE" order="4.40625" />
    <link:loc xlink:type="locator" xlink:href="http://disclosure.edinet-fsa.go.jp/taxonomy/jppfs/2018-03-31/jppfs_cor_2018-03-31.xsd#jppfs_cor_EquityInLossesOfAffiliatesNOE" xlink:label="EquityInLossesOfAffiliatesNOE" />
    <link:calculationArc xlink:type="arc" weight="1" xlink:arcrole="http://www.xbrl.org/2003/arcrole/summation-item" xlink:from="NonOperatingExpenses" xlink:to="EquityInLossesOfAffiliatesNOE" order="5.40625" />
    <link:loc xlink:type="locator" xlink:href="http://disclosure.edinet-fsa.go.jp/taxonomy/jppfs/2018-03-31/jppfs_cor_2018-03-31.xsd#jppfs_cor_ExtraordinaryIncome" xlink:label="ExtraordinaryIncome_2" />
    <link:calculationArc xlink:type="arc" weight="1" xlink:arcrole="http://www.xbrl.org/2003/arcrole/summation-item" xlink:from="IncomeBeforeIncomeTaxes" xlink:to="ExtraordinaryIncome_2" order="2.0" />
    <link:loc xlink:type="locator" xlink:href="http://disclosure.edinet-fsa.go.jp/taxonomy/jppfs/2018-03-31/jppfs_cor_2018-03-31.xsd#jppfs_cor_ExtraordinaryIncome" xlink:label="ExtraordinaryIncome" />
    <link:loc xlink:type="locator" xlink:href="http://disclosure.edinet-fsa.go.jp/taxonomy/jppfs/2018-03-31/jppfs_cor_2018-03-31.xsd#jppfs_cor_GainOnSalesOfNoncurrentAssetsEI" xlink:label="GainOnSalesOfNoncurrentAssetsEI" />
    <link:calculationArc xlink:type="arc" weight="1" xlink:arcrole="http://www.xbrl.org/2003/arcrole/summation-item" xlink:from="ExtraordinaryIncome" xlink:to="GainOnSalesOfNoncurrentAssetsEI" order="1.0" />
    <link:loc xlink:type="locator" xlink:href="http://disclosure.edinet-fsa.go.jp/taxonomy/jppfs/2018-03-31/jppfs_cor_2018-03-31.xsd#jppfs_cor_ExtraordinaryLoss" xlink:label="ExtraordinaryLoss_2" />
    <link:calculationArc xlink:type="arc" weight="-1" xlink:arcrole="http://www.xbrl.org/2003/arcrole/summation-item" xlink:from="IncomeBeforeIncomeTaxes" xlink:to="ExtraordinaryLoss_2" order="3.0" />
    <link:loc xlink:type="locator" xlink:href="http://disclosure.edinet-fsa.go.jp/taxonomy/jppfs/2018-03-31/jppfs_cor_2018-03-31.xsd#jppfs_cor_ExtraordinaryLoss" xlink:label="ExtraordinaryLoss" />
    <link:loc xlink:type="locator" xlink:href="http://disclosure.edinet-fsa.go.jp/taxonomy/jppfs/2018-03-31/jppfs_cor_2018-03-31.xsd#jppfs_cor_LossOnDisasterEL" xlink:label="LossOnDisasterEL" />
    <link:calculationArc xlink:type="arc" weight="1" xlink:arcrole="http://www.xbrl.org/2003/arcrole/summation-item" xlink:from="ExtraordinaryLoss" xlink:to="LossOnDisasterEL" order="1.0" />
    <link:loc xlink:type="locator" xlink:href="http://disclosure.edinet-fsa.go.jp/taxonomy/jppfs/2018-03-31/jppfs_cor_2018-03-31.xsd#jppfs_cor_IncomeTaxes" xlink:label="IncomeTaxes_2" />
    <link:calculationArc xlink:type="arc" weight="-1" xlink:arcrole="http://www.xbrl.org/2003/arcrole/summation-item" xlink:from="ProfitLoss" xlink:to="IncomeTaxes_2" order="2.0" />
    <link:loc xlink:type="locator" xlink:href="http://disclosure.edinet-fsa.go.jp/taxonomy/jppfs/2018-03-31/jppfs_cor_2018-03-31.xsd#jppfs_cor_IncomeTaxes" xlink:label="IncomeTaxes" />
    <link:loc xlink:type="locator" xlink:href="http://disclosure.edinet-fsa.go.jp/taxonomy/jppfs/2018-03-31/jppfs_cor_2018-03-31.xsd#jppfs_cor_IncomeTaxesCurrent" xlink:label="IncomeTaxesCurrent" />
    <link:calculationArc xlink:type="arc" weight="1" xlink:arcrole="http://www.xbrl.org/2003/arcrole/summation-item" xlink:from="IncomeTaxes" xlink:to="IncomeTaxesCurrent" order="1.0" />
    <link:loc xlink:type="locator" xlink:href="http://disclosure.edinet-fsa.go.jp/taxonomy/jppfs/2018-03-31/jppfs_cor_2018-03-31.xsd#jppfs_cor_IncomeTaxesDeferred" xlink:label="IncomeTaxesDeferred" />
    <link:calculationArc xlink:type="arc" weight="1" xlink:arcrole="http://www.xbrl.org/2003/arcrole/summation-item" xlink:from="IncomeTaxes" xlink:to="IncomeTaxesDeferred" order="2.0" />
  </link:calculationLink>
  <link:calculationLink xlink:type="extended" xlink:role="http://disclosure.edinet-fsa.go.jp/role/jppfs/rol_ConsolidatedStatementOfChangesInEquity">
    <link:loc xlink:type="locator" xlink:href="http://disclosure.edinet-fsa.go.jp/taxonomy/jppfs/2018-03-31/jppfs_cor_2018-03-31.xsd#jppfs_cor_TotalChangesOfItemsDuringThePeriod" xlink:label="TotalChangesOfItemsDuringThePeriod" />
    <link:loc xlink:type="locator" xlink:href="http://disclosure.edinet-fsa.go.jp/taxonomy/jppfs/2018-03-31/jppfs_cor_2018-03-31.xsd#jppfs_cor_IssuanceOfNewShares" xlink:label="IssuanceOfNewShares" />
    <link:calculationArc xlink:type="arc" weight="1" xlink:arcrole="http://www.xbrl.org/2003/arcrole/summation-item" xlink:from="TotalChangesOfItemsDuringThePeriod" xlink:to="IssuanceOfNewShares" order="2.25" />
    <link:loc xlink:type="locator" xlink:href="http://disclosure.edinet-fsa.go.jp/taxonomy/jppfs/2018-03-31/jppfs_cor_2018-03-31.xsd#jppfs_cor_ProfitLossAttributableToOwnersOfParent" xlink:label="ProfitLossAttributableToOwnersOfParent" />
    <link:calculationArc xlink:type="arc" weight="1" xlink:arcrole="http://www.xbrl.org/2003/arcrole/summation-item" xlink:from="TotalChangesOfItemsDuringThePeriod" xlink:to="ProfitLossAttributableToOwnersOfParent" order="3.0" />
    <link:loc xlink:type="locator" xlink:href="http://disclosure.edinet-fsa.go.jp/taxonomy/jppfs/2018-03-31/jppfs_cor_2018-03-31.xsd#jppfs_cor_PurchaseOfTreasuryStock" xlink:label="PurchaseOfTreasuryStock" />
    <link:calculationArc xlink:type="arc" weight="1" xlink:arcrole="http://www.xbrl.org/2003/arcrole/summation-item" xlink:from="TotalChangesOfItemsDuringThePeriod" xlink:to="PurchaseOfTreasuryStock" order="3.625" />
    <link:loc xlink:type="locator" xlink:href="http://disclosure.edinet-fsa.go.jp/taxonomy/jppfs/2018-03-31/jppfs_cor_2018-03-31.xsd#jppfs_cor_ChangeOfScopeOfConsolidation" xlink:label="ChangeOfScopeOfConsolidation" />
    <link:calculationArc xlink:type="arc" weight="1" xlink:arcrole="http://www.xbrl.org/2003/arcrole/summation-item" xlink:from="TotalChangesOfItemsDuringThePeriod" xlink:to="ChangeOfScopeOfConsolidation" order="4.3125" />
    <link:loc xlink:type="locator" xlink:href="http://disclosure.edinet-fsa.go.jp/taxonomy/jppfs/2018-03-31/jppfs_cor_2018-03-31.xsd#jppfs_cor_NetChangesOfItemsOtherThanShareholdersEquity" xlink:label="NetChangesOfItemsOtherThanShareholdersEquity" />
    <link:calculationArc xlink:type="arc" weight="1" xlink:arcrole="http://www.xbrl.org/2003/arcrole/summation-item" xlink:from="TotalChangesOfItemsDuringThePeriod" xlink:to="NetChangesOfItemsOtherThanShareholdersEquity" order="5.0" />
  </link:calculationLink>
  <link:calculationLink xlink:type="extended" xlink:role="http://disclosure.edinet-fsa.go.jp/role/jppfs/rol_BalanceSheet">
    <link:loc xlink:type="locator" xlink:href="http://disclosure.edinet-fsa.go.jp/taxonomy/jppfs/2018-03-31/jppfs_cor_2018-03-31.xsd#jppfs_cor_Assets" xlink:label="Assets" />
    <link:loc xlink:type="locator" xlink:href="http://disclosure.edinet-fsa.go.jp/taxonomy/jppfs/2018-03-31/jppfs_cor_2018-03-31.xsd#jppfs_cor_CurrentAssets" xlink:label="CurrentAssets_2" />
    <link:calculationArc xlink:type="arc" weight="1" xlink:arcrole="http://www.xbrl.org/2003/arcrole/summation-item" xlink:from="Assets" xlink:to="CurrentAssets_2" order="1.0" />
    <link:loc xlink:type="locator" xlink:href="http://disclosure.edinet-fsa.go.jp/taxonomy/jppfs/2018-03-31/jppfs_cor_2018-03-31.xsd#jppfs_cor_CurrentAssets" xlink:label="CurrentAssets" />
    <link:loc xlink:type="locator" xlink:href="http://disclosure.edinet-fsa.go.jp/taxonomy/jppfs/2018-03-31/jppfs_cor_2018-03-31.xsd#jppfs_cor_CashAndDeposits" xlink:label="CashAndDeposits" />
    <link:calculationArc xlink:type="arc" weight="1" xlink:arcrole="http://www.xbrl.org/2003/arcrole/summation-item" xlink:from="CurrentAssets" xlink:to="CashAndDeposits" order="1.0" />
    <link:loc xlink:type="locator" xlink:href="http://disclosure.edinet-fsa.go.jp/taxonomy/jppfs/2018-03-31/jppfs_cor_2018-03-31.xsd#jppfs_cor_AccountsReceivableTrade" xlink:label="AccountsReceivableTrade" />
    <link:calculationArc xlink:type="arc" weight="1" xlink:arcrole="http://www.xbrl.org/2003/arcrole/summation-item" xlink:from="CurrentAssets" xlink:to="AccountsReceivableTrade" order="6.0" />
    <link:loc xlink:type="locator" xlink:href="http://disclosure.edinet-fsa.go.jp/taxonomy/jppfs/2018-03-31/jppfs_cor_2018-03-31.xsd#jppfs_cor_Merchandise" xlink:label="Merchandise" />
    <link:calculationArc xlink:type="arc" weight="1" xlink:arcrole="http://www.xbrl.org/2003/arcrole/summation-item" xlink:from="CurrentAssets" xlink:to="Merchandise" order="10.0810546875" />
    <link:loc xlink:type="locator" xlink:href="http://disclosure.edinet-fsa.go.jp/taxonomy/jppfs/2018-03-31/jppfs_cor_2018-03-31.xsd#jppfs_cor_Supplies" xlink:label="Supplies" />
    <link:calculationArc xlink:type="arc" weight="1" xlink:arcrole="http://www.xbrl.org/2003/arcrole/summation-item" xlink:from="CurrentAssets" xlink:to="Supplies" order="13.5810546875" />
    <link:loc xlink:type="locator" xlink:href="http://disclosure.edinet-fsa.go.jp/taxonomy/jppfs/2018-03-31/jppfs_cor_2018-03-31.xsd#jppfs_cor_PrepaidExpenses" xlink:label="PrepaidExpenses" />
    <link:calculationArc xlink:type="arc" weight="1" xlink:arcrole="http://www.xbrl.org/2003/arcrole/summation-item" xlink:from="CurrentAssets" xlink:to="PrepaidExpenses" order="20.0" />
    <link:loc xlink:type="locator" xlink:href="http://disclosure.edinet-fsa.go.jp/taxonomy/jppfs/2018-03-31/jppfs_cor_2018-03-31.xsd#jppfs_cor_OtherCA" xlink:label="OtherCA" />
    <link:calculationArc xlink:type="arc" weight="1" xlink:arcrole="http://www.xbrl.org/2003/arcrole/summation-item" xlink:from="CurrentAssets" xlink:to="OtherCA" order="30.0" />
    <link:loc xlink:type="locator" xlink:href="http://disclosure.edinet-fsa.go.jp/taxonomy/jppfs/2018-03-31/jppfs_cor_2018-03-31.xsd#jppfs_cor_AllowanceForDoubtfulAccountsCA" xlink:label="AllowanceForDoubtfulAccountsCA" />
    <link:calculationArc xlink:type="arc" weight="1" xlink:arcrole="http://www.xbrl.org/2003/arcrole/summation-item" xlink:from="CurrentAssets" xlink:to="AllowanceForDoubtfulAccountsCA" order="31.0" />
    <link:loc xlink:type="locator" xlink:href="http://disclosure.edinet-fsa.go.jp/taxonomy/jppfs/2018-03-31/jppfs_cor_2018-03-31.xsd#jppfs_cor_NoncurrentAssets" xlink:label="NoncurrentAssets_2" />
    <link:calculationArc xlink:type="arc" weight="1" xlink:arcrole="http://www.xbrl.org/2003/arcrole/summation-item" xlink:from="Assets" xlink:to="NoncurrentAssets_2" order="2.0" />
    <link:loc xlink:type="locator" xlink:href="http://disclosure.edinet-fsa.go.jp/taxonomy/jppfs/2018-03-31/jppfs_cor_2018-03-31.xsd#jppfs_cor_NoncurrentAssets" xlink:label="NoncurrentAssets" />
    <link:loc xlink:type="locator" xlink:href="http://disclosure.edinet-fsa.go.jp/taxonomy/jppfs/2018-03-31/jppfs_cor_2018-03-31.xsd#jppfs_cor_PropertyPlantAndEquipment" xlink:label="PropertyPlantAndEquipment_2" />
    <link:calculationArc xlink:type="arc" weight="1" xlink:arcrole="http://www.xbrl.org/2003/arcrole/summation-item" xlink:from="NoncurrentAssets" xlink:to="PropertyPlantAndEquipment_2" order="1.0" />
    <link:loc xlink:type="locator" xlink:href="http://disclosure.edinet-fsa.go.jp/taxonomy/jppfs/2018-03-31/jppfs_cor_2018-03-31.xsd#jppfs_cor_PropertyPlantAndEquipment" xlink:label="PropertyPlantAndEquipment" />
    <link:loc xlink:type="locator" xlink:href="http://disclosure.edinet-fsa.go.jp/taxonomy/jppfs/2018-03-31/jppfs_cor_2018-03-31.xsd#jppfs_cor_BuildingsAndAccompanyingFacilitiesNet" xlink:label="BuildingsAndAccompanyingFacilitiesNet_2" />
    <link:calculationArc xlink:type="arc" weight="1" xlink:arcrole="http://www.xbrl.org/2003/arcrole/summation-item" xlink:from="PropertyPlantAndEquipment" xlink:to="BuildingsAndAccompanyingFacilitiesNet_2" order="3.0" />
    <link:loc xlink:type="locator" xlink:href="http://disclosure.edinet-fsa.go.jp/taxonomy/jppfs/2018-03-31/jppfs_cor_2018-03-31.xsd#jppfs_cor_BuildingsAndAccompanyingFacilitiesNet" xlink:label="BuildingsAndAccompanyingFacilitiesNet" />
    <link:loc xlink:type="locator" xlink:href="http://disclosure.edinet-fsa.go.jp/taxonomy/jppfs/2018-03-31/jppfs_cor_2018-03-31.xsd#jppfs_cor_BuildingsAndAccompanyingFacilities" xlink:label="BuildingsAndAccompanyingFacilities" />
    <link:calculationArc xlink:type="arc" weight="1" xlink:arcrole="http://www.xbrl.org/2003/arcrole/summation-item" xlink:from="BuildingsAndAccompanyingFacilitiesNet" xlink:to="BuildingsAndAccompanyingFacilities" order="1.0" />
    <link:loc xlink:type="locator" xlink:href="http://disclosure.edinet-fsa.go.jp/taxonomy/jppfs/2018-03-31/jppfs_cor_2018-03-31.xsd#jppfs_cor_AccumulatedDepreciationBuildingsAndAccompanyingFacilities" xlink:label="AccumulatedDepreciationBuildingsAndAccompanyingFacilities" />
    <link:calculationArc xlink:type="arc" weight="1" xlink:arcrole="http://www.xbrl.org/2003/arcrole/summation-item" xlink:from="BuildingsAndAccompanyingFacilitiesNet" xlink:to="AccumulatedDepreciationBuildingsAndAccompanyingFacilities" order="2.0" />
    <link:loc xlink:type="locator" xlink:href="http://disclosure.edinet-fsa.go.jp/taxonomy/jppfs/2018-03-31/jppfs_cor_2018-03-31.xsd#jppfs_cor_StructuresNet" xlink:label="StructuresNet_2" />
    <link:calculationArc xlink:type="arc" weight="1" xlink:arcrole="http://www.xbrl.org/2003/arcrole/summation-item" xlink:from="PropertyPlantAndEquipment" xlink:to="StructuresNet_2" order="6.0" />
    <link:loc xlink:type="locator" xlink:href="http://disclosure.edinet-fsa.go.jp/taxonomy/jppfs/2018-03-31/jppfs_cor_2018-03-31.xsd#jppfs_cor_StructuresNet" xlink:label="StructuresNet" />
    <link:loc xlink:type="locator" xlink:href="http://disclosure.edinet-fsa.go.jp/taxonomy/jppfs/2018-03-31/jppfs_cor_2018-03-31.xsd#jppfs_cor_Structures" xlink:label="Structures" />
    <link:calculationArc xlink:type="arc" weight="1" xlink:arcrole="http://www.xbrl.org/2003/arcrole/summation-item" xlink:from="StructuresNet" xlink:to="Structures" order="1.0" />
    <link:loc xlink:type="locator" xlink:href="http://disclosure.edinet-fsa.go.jp/taxonomy/jppfs/2018-03-31/jppfs_cor_2018-03-31.xsd#jppfs_cor_AccumulatedDepreciationStructures" xlink:label="AccumulatedDepreciationStructures" />
    <link:calculationArc xlink:type="arc" weight="1" xlink:arcrole="http://www.xbrl.org/2003/arcrole/summation-item" xlink:from="StructuresNet" xlink:to="AccumulatedDepreciationStructures" order="2.0" />
    <link:loc xlink:type="locator" xlink:href="http://disclosure.edinet-fsa.go.jp/taxonomy/jppfs/2018-03-31/jppfs_cor_2018-03-31.xsd#jppfs_cor_VehiclesNet" xlink:label="VehiclesNet_2" />
    <link:calculationArc xlink:type="arc" weight="1" xlink:arcrole="http://www.xbrl.org/2003/arcrole/summation-item" xlink:from="PropertyPlantAndEquipment" xlink:to="VehiclesNet_2" order="21.0" />
    <link:loc xlink:type="locator" xlink:href="http://disclosure.edinet-fsa.go.jp/taxonomy/jppfs/2018-03-31/jppfs_cor_2018-03-31.xsd#jppfs_cor_VehiclesNet" xlink:label="VehiclesNet" />
    <link:loc xlink:type="locator" xlink:href="http://disclosure.edinet-fsa.go.jp/taxonomy/jppfs/2018-03-31/jppfs_cor_2018-03-31.xsd#jppfs_cor_Vehicles" xlink:label="Vehicles" />
    <link:calculationArc xlink:type="arc" weight="1" xlink:arcrole="http://www.xbrl.org/2003/arcrole/summation-item" xlink:from="VehiclesNet" xlink:to="Vehicles" order="1.0" />
    <link:loc xlink:type="locator" xlink:href="http://disclosure.edinet-fsa.go.jp/taxonomy/jppfs/2018-03-31/jppfs_cor_2018-03-31.xsd#jppfs_cor_AccumulatedDepreciationVehicles" xlink:label="AccumulatedDepreciationVehicles" />
    <link:calculationArc xlink:type="arc" weight="1" xlink:arcrole="http://www.xbrl.org/2003/arcrole/summation-item" xlink:from="VehiclesNet" xlink:to="AccumulatedDepreciationVehicles" order="2.0" />
    <link:loc xlink:type="locator" xlink:href="http://disclosure.edinet-fsa.go.jp/taxonomy/jppfs/2018-03-31/jppfs_cor_2018-03-31.xsd#jppfs_cor_ToolsFurnitureAndFixturesNet" xlink:label="ToolsFurnitureAndFixturesNet_2" />
    <link:calculationArc xlink:type="arc" weight="1" xlink:arcrole="http://www.xbrl.org/2003/arcrole/summation-item" xlink:from="PropertyPlantAndEquipment" xlink:to="ToolsFurnitureAndFixturesNet_2" order="26.0" />
    <link:loc xlink:type="locator" xlink:href="http://disclosure.edinet-fsa.go.jp/taxonomy/jppfs/2018-03-31/jppfs_cor_2018-03-31.xsd#jppfs_cor_ToolsFurnitureAndFixturesNet" xlink:label="ToolsFurnitureAndFixturesNet" />
    <link:loc xlink:type="locator" xlink:href="http://disclosure.edinet-fsa.go.jp/taxonomy/jppfs/2018-03-31/jppfs_cor_2018-03-31.xsd#jppfs_cor_ToolsFurnitureAndFixtures" xlink:label="ToolsFurnitureAndFixtures" />
    <link:calculationArc xlink:type="arc" weight="1" xlink:arcrole="http://www.xbrl.org/2003/arcrole/summation-item" xlink:from="ToolsFurnitureAndFixturesNet" xlink:to="ToolsFurnitureAndFixtures" order="1.0" />
    <link:loc xlink:type="locator" xlink:href="http://disclosure.edinet-fsa.go.jp/taxonomy/jppfs/2018-03-31/jppfs_cor_2018-03-31.xsd#jppfs_cor_AccumulatedDepreciationToolsFurnitureAndFixtures" xlink:label="AccumulatedDepreciationToolsFurnitureAndFixtures" />
    <link:calculationArc xlink:type="arc" weight="1" xlink:arcrole="http://www.xbrl.org/2003/arcrole/summation-item" xlink:from="ToolsFurnitureAndFixturesNet" xlink:to="AccumulatedDepreciationToolsFurnitureAndFixtures" order="2.0" />
    <link:loc xlink:type="locator" xlink:href="http://disclosure.edinet-fsa.go.jp/taxonomy/jppfs/2018-03-31/jppfs_cor_2018-03-31.xsd#jppfs_cor_OtherNetPPE" xlink:label="OtherNetPPE_2" />
    <link:calculationArc xlink:type="arc" weight="1" xlink:arcrole="http://www.xbrl.org/2003/arcrole/summation-item" xlink:from="PropertyPlantAndEquipment" xlink:to="OtherNetPPE_2" order="27.0" />
    <link:loc xlink:type="locator" xlink:href="http://disclosure.edinet-fsa.go.jp/taxonomy/jppfs/2018-03-31/jppfs_cor_2018-03-31.xsd#jppfs_cor_OtherNetPPE" xlink:label="OtherNetPPE" />
    <link:loc xlink:type="locator" xlink:href="http://disclosure.edinet-fsa.go.jp/taxonomy/jppfs/2018-03-31/jppfs_cor_2018-03-31.xsd#jppfs_cor_AccumulatedDepreciationOtherPPE" xlink:label="AccumulatedDepreciationOtherPPE" />
    <link:calculationArc xlink:type="arc" weight="1" xlink:arcrole="http://www.xbrl.org/2003/arcrole/summation-item" xlink:from="OtherNetPPE" xlink:to="AccumulatedDepreciationOtherPPE" order="1.5" />
    <link:loc xlink:type="locator" xlink:href="http://disclosure.edinet-fsa.go.jp/taxonomy/jppfs/2018-03-31/jppfs_cor_2018-03-31.xsd#jppfs_cor_OtherPPE" xlink:label="OtherPPE" />
    <link:calculationArc xlink:type="arc" weight="1" xlink:arcrole="http://www.xbrl.org/2003/arcrole/summation-item" xlink:from="OtherNetPPE" xlink:to="OtherPPE" order="2.5" />
    <link:loc xlink:type="locator" xlink:href="http://disclosure.edinet-fsa.go.jp/taxonomy/jppfs/2018-03-31/jppfs_cor_2018-03-31.xsd#jppfs_cor_IntangibleAssets" xlink:label="IntangibleAssets_2" />
    <link:calculationArc xlink:type="arc" weight="1" xlink:arcrole="http://www.xbrl.org/2003/arcrole/summation-item" xlink:from="NoncurrentAssets" xlink:to="IntangibleAssets_2" order="2.0" />
    <link:loc xlink:type="locator" xlink:href="http://disclosure.edinet-fsa.go.jp/taxonomy/jppfs/2018-03-31/jppfs_cor_2018-03-31.xsd#jppfs_cor_IntangibleAssets" xlink:label="IntangibleAssets" />
    <link:loc xlink:type="locator" xlink:href="http://disclosure.edinet-fsa.go.jp/taxonomy/jppfs/2018-03-31/jppfs_cor_2018-03-31.xsd#jppfs_cor_Software" xlink:label="Software" />
    <link:calculationArc xlink:type="arc" weight="1" xlink:arcrole="http://www.xbrl.org/2003/arcrole/summation-item" xlink:from="IntangibleAssets" xlink:to="Software" order="9.0" />
    <link:loc xlink:type="locator" xlink:href="http://disclosure.edinet-fsa.go.jp/taxonomy/jppfs/2018-03-31/jppfs_cor_2018-03-31.xsd#jppfs_cor_InvestmentsAndOtherAssets" xlink:label="InvestmentsAndOtherAssets_2" />
    <link:calculationArc xlink:type="arc" weight="1" xlink:arcrole="http://www.xbrl.org/2003/arcrole/summation-item" xlink:from="NoncurrentAssets" xlink:to="InvestmentsAndOtherAssets_2" order="3.0" />
    <link:loc xlink:type="locator" xlink:href="http://disclosure.edinet-fsa.go.jp/taxonomy/jppfs/2018-03-31/jppfs_cor_2018-03-31.xsd#jppfs_cor_InvestmentsAndOtherAssets" xlink:label="InvestmentsAndOtherAssets" />
    <link:loc xlink:type="locator" xlink:href="http://disclosure.edinet-fsa.go.jp/taxonomy/jppfs/2018-03-31/jppfs_cor_2018-03-31.xsd#jppfs_cor_StocksOfSubsidiariesAndAffiliates" xlink:label="StocksOfSubsidiariesAndAffiliates" />
    <link:calculationArc xlink:type="arc" weight="1" xlink:arcrole="http://www.xbrl.org/2003/arcrole/summation-item" xlink:from="InvestmentsAndOtherAssets" xlink:to="StocksOfSubsidiariesAndAffiliates" order="22.0" />
    <link:loc xlink:type="locator" xlink:href="http://disclosure.edinet-fsa.go.jp/taxonomy/jppfs/2018-03-31/jppfs_cor_2018-03-31.xsd#jppfs_cor_InvestmentSecurities" xlink:label="InvestmentSecurities" />
    <link:calculationArc xlink:type="arc" weight="1" xlink:arcrole="http://www.xbrl.org/2003/arcrole/summation-item" xlink:from="InvestmentsAndOtherAssets" xlink:to="InvestmentSecurities" order="23.75" />
    <link:loc xlink:type="locator" xlink:href="http://disclosure.edinet-fsa.go.jp/taxonomy/jppfs/2018-03-31/jppfs_cor_2018-03-31.xsd#jppfs_cor_DeferredTaxAssetsIOA" xlink:label="DeferredTaxAssetsIOA" />
    <link:calculationArc xlink:type="arc" weight="1" xlink:arcrole="http://www.xbrl.org/2003/arcrole/summation-item" xlink:from="InvestmentsAndOtherAssets" xlink:to="DeferredTaxAssetsIOA" order="25.5" />
    <link:loc xlink:type="locator" xlink:href="http://disclosure.edinet-fsa.go.jp/taxonomy/jppfs/2018-03-31/jppfs_cor_2018-03-31.xsd#jppfs_cor_OtherIOA" xlink:label="OtherIOA" />
    <link:calculationArc xlink:type="arc" weight="1" xlink:arcrole="http://www.xbrl.org/2003/arcrole/summation-item" xlink:from="InvestmentsAndOtherAssets" xlink:to="OtherIOA" order="27.0" />
    <link:loc xlink:type="locator" xlink:href="http://disclosure.edinet-fsa.go.jp/taxonomy/jppfs/2018-03-31/jppfs_cor_2018-03-31.xsd#jppfs_cor_LiabilitiesAndNetAssets" xlink:label="LiabilitiesAndNetAssets" />
    <link:loc xlink:type="locator" xlink:href="http://disclosure.edinet-fsa.go.jp/taxonomy/jppfs/2018-03-31/jppfs_cor_2018-03-31.xsd#jppfs_cor_Liabilities" xlink:label="Liabilities_2" />
    <link:calculationArc xlink:type="arc" weight="1" xlink:arcrole="http://www.xbrl.org/2003/arcrole/summation-item" xlink:from="LiabilitiesAndNetAssets" xlink:to="Liabilities_2" order="1.0" />
    <link:loc xlink:type="locator" xlink:href="http://disclosure.edinet-fsa.go.jp/taxonomy/jppfs/2018-03-31/jppfs_cor_2018-03-31.xsd#jppfs_cor_Liabilities" xlink:label="Liabilities" />
    <link:loc xlink:type="locator" xlink:href="http://disclosure.edinet-fsa.go.jp/taxonomy/jppfs/2018-03-31/jppfs_cor_2018-03-31.xsd#jppfs_cor_CurrentLiabilities" xlink:label="CurrentLiabilities_2" />
    <link:calculationArc xlink:type="arc" weight="1" xlink:arcrole="http://www.xbrl.org/2003/arcrole/summation-item" xlink:from="Liabilities" xlink:to="CurrentLiabilities_2" order="1.0" />
    <link:loc xlink:type="locator" xlink:href="http://disclosure.edinet-fsa.go.jp/taxonomy/jppfs/2018-03-31/jppfs_cor_2018-03-31.xsd#jppfs_cor_CurrentLiabilities" xlink:label="CurrentLiabilities" />
    <link:loc xlink:type="locator" xlink:href="http://disclosure.edinet-fsa.go.jp/taxonomy/jppfs/2018-03-31/jppfs_cor_2018-03-31.xsd#jppfs_cor_AccountsPayableTrade" xlink:label="AccountsPayableTrade" />
    <link:calculationArc xlink:type="arc" weight="1" xlink:arcrole="http://www.xbrl.org/2003/arcrole/summation-item" xlink:from="CurrentLiabilities" xlink:to="AccountsPayableTrade" order="2.0" />
    <link:loc xlink:type="locator" xlink:href="http://disclosure.edinet-fsa.go.jp/taxonomy/jppfs/2018-03-31/jppfs_cor_2018-03-31.xsd#jppfs_cor_CurrentPortionOfLongTermLoansPayable" xlink:label="CurrentPortionOfLongTermLoansPayable" />
    <link:calculationArc xlink:type="arc" weight="1" xlink:arcrole="http://www.xbrl.org/2003/arcrole/summation-item" xlink:from="CurrentLiabilities" xlink:to="CurrentPortionOfLongTermLoansPayable" order="3.5" />
    <link:loc xlink:type="locator" xlink:href="http://disclosure.edinet-fsa.go.jp/taxonomy/jppfs/2018-03-31/jppfs_cor_2018-03-31.xsd#jppfs_cor_AccountsPayableOther" xlink:label="AccountsPayableOther" />
    <link:calculationArc xlink:type="arc" weight="1" xlink:arcrole="http://www.xbrl.org/2003/arcrole/summation-item" xlink:from="CurrentLiabilities" xlink:to="AccountsPayableOther" order="5.0" />
    <link:loc xlink:type="locator" xlink:href="http://disclosure.edinet-fsa.go.jp/taxonomy/jppfs/2018-03-31/jppfs_cor_2018-03-31.xsd#jppfs_cor_AccruedExpenses" xlink:label="AccruedExpenses" />
    <link:calculationArc xlink:type="arc" weight="1" xlink:arcrole="http://www.xbrl.org/2003/arcrole/summation-item" xlink:from="CurrentLiabilities" xlink:to="AccruedExpenses" order="6.0" />
    <link:loc xlink:type="locator" xlink:href="http://disclosure.edinet-fsa.go.jp/taxonomy/jppfs/2018-03-31/jppfs_cor_2018-03-31.xsd#jppfs_cor_IncomeTaxesPayable" xlink:label="IncomeTaxesPayable" />
    <link:calculationArc xlink:type="arc" weight="1" xlink:arcrole="http://www.xbrl.org/2003/arcrole/summation-item" xlink:from="CurrentLiabilities" xlink:to="IncomeTaxesPayable" order="7.0" />
    <link:loc xlink:type="locator" xlink:href="http://disclosure.edinet-fsa.go.jp/taxonomy/jppfs/2018-03-31/jppfs_cor_2018-03-31.xsd#jppfs_cor_AdvancesReceived" xlink:label="AdvancesReceived" />
    <link:calculationArc xlink:type="arc" weight="1" xlink:arcrole="http://www.xbrl.org/2003/arcrole/summation-item" xlink:from="CurrentLiabilities" xlink:to="AdvancesReceived" order="9.0" />
    <link:loc xlink:type="locator" xlink:href="http://disclosure.edinet-fsa.go.jp/taxonomy/jppfs/2018-03-31/jppfs_cor_2018-03-31.xsd#jppfs_cor_DepositsReceived" xlink:label="DepositsReceived" />
    <link:calculationArc xlink:type="arc" weight="1" xlink:arcrole="http://www.xbrl.org/2003/arcrole/summation-item" xlink:from="CurrentLiabilities" xlink:to="DepositsReceived" order="10.0" />
    <link:loc xlink:type="locator" xlink:href="http://disclosure.edinet-fsa.go.jp/taxonomy/jppfs/2018-03-31/jppfs_cor_2018-03-31.xsd#jppfs_cor_ProvisionForBonuses" xlink:label="ProvisionForBonuses" />
    <link:calculationArc xlink:type="arc" weight="1" xlink:arcrole="http://www.xbrl.org/2003/arcrole/summation-item" xlink:from="CurrentLiabilities" xlink:to="ProvisionForBonuses" order="13.0" />
    <link:loc xlink:type="locator" xlink:href="http://disclosure.edinet-fsa.go.jp/taxonomy/jppfs/2018-03-31/jppfs_cor_2018-03-31.xsd#jppfs_cor_OtherCL" xlink:label="OtherCL" />
    <link:calculationArc xlink:type="arc" weight="1" xlink:arcrole="http://www.xbrl.org/2003/arcrole/summation-item" xlink:from="CurrentLiabilities" xlink:to="OtherCL" order="16.0" />
    <link:loc xlink:type="locator" xlink:href="http://disclosure.edinet-fsa.go.jp/taxonomy/jppfs/2018-03-31/jppfs_cor_2018-03-31.xsd#jppfs_cor_NoncurrentLiabilities" xlink:label="NoncurrentLiabilities_2" />
    <link:calculationArc xlink:type="arc" weight="1" xlink:arcrole="http://www.xbrl.org/2003/arcrole/summation-item" xlink:from="Liabilities" xlink:to="NoncurrentLiabilities_2" order="2.0" />
    <link:loc xlink:type="locator" xlink:href="http://disclosure.edinet-fsa.go.jp/taxonomy/jppfs/2018-03-31/jppfs_cor_2018-03-31.xsd#jppfs_cor_NoncurrentLiabilities" xlink:label="NoncurrentLiabilities" />
    <link:loc xlink:type="locator" xlink:href="http://disclosure.edinet-fsa.go.jp/taxonomy/jppfs/2018-03-31/jppfs_cor_2018-03-31.xsd#jppfs_cor_LongTermLoansPayable" xlink:label="LongTermLoansPayable" />
    <link:calculationArc xlink:type="arc" weight="1" xlink:arcrole="http://www.xbrl.org/2003/arcrole/summation-item" xlink:from="NoncurrentLiabilities" xlink:to="LongTermLoansPayable" order="2.0" />
    <link:loc xlink:type="locator" xlink:href="http://disclosure.edinet-fsa.go.jp/taxonomy/jppfs/2018-03-31/jppfs_cor_2018-03-31.xsd#jppfs_cor_AssetRetirementObligationsNCL" xlink:label="AssetRetirementObligationsNCL" />
    <link:calculationArc xlink:type="arc" weight="1" xlink:arcrole="http://www.xbrl.org/2003/arcrole/summation-item" xlink:from="NoncurrentLiabilities" xlink:to="AssetRetirementObligationsNCL" order="2.5" />
    <link:loc xlink:type="locator" xlink:href="http://disclosure.edinet-fsa.go.jp/taxonomy/jppfs/2018-03-31/jppfs_cor_2018-03-31.xsd#jppfs_cor_OtherNCL" xlink:label="OtherNCL" />
    <link:calculationArc xlink:type="arc" weight="1" xlink:arcrole="http://www.xbrl.org/2003/arcrole/summation-item" xlink:from="NoncurrentLiabilities" xlink:to="OtherNCL" order="3.0" />
    <link:loc xlink:type="locator" xlink:href="http://disclosure.edinet-fsa.go.jp/taxonomy/jppfs/2018-03-31/jppfs_cor_2018-03-31.xsd#jppfs_cor_NetAssets" xlink:label="NetAssets_2" />
    <link:calculationArc xlink:type="arc" weight="1" xlink:arcrole="http://www.xbrl.org/2003/arcrole/summation-item" xlink:from="LiabilitiesAndNetAssets" xlink:to="NetAssets_2" order="2.0" />
    <link:loc xlink:type="locator" xlink:href="http://disclosure.edinet-fsa.go.jp/taxonomy/jppfs/2018-03-31/jppfs_cor_2018-03-31.xsd#jppfs_cor_NetAssets" xlink:label="NetAssets" />
    <link:loc xlink:type="locator" xlink:href="http://disclosure.edinet-fsa.go.jp/taxonomy/jppfs/2018-03-31/jppfs_cor_2018-03-31.xsd#jppfs_cor_ShareholdersEquity" xlink:label="ShareholdersEquity_2" />
    <link:calculationArc xlink:type="arc" weight="1" xlink:arcrole="http://www.xbrl.org/2003/arcrole/summation-item" xlink:from="NetAssets" xlink:to="ShareholdersEquity_2" order="1.0" />
    <link:loc xlink:type="locator" xlink:href="http://disclosure.edinet-fsa.go.jp/taxonomy/jppfs/2018-03-31/jppfs_cor_2018-03-31.xsd#jppfs_cor_ShareholdersEquity" xlink:label="ShareholdersEquity" />
    <link:loc xlink:type="locator" xlink:href="http://disclosure.edinet-fsa.go.jp/taxonomy/jppfs/2018-03-31/jppfs_cor_2018-03-31.xsd#jppfs_cor_CapitalStock" xlink:label="CapitalStock" />
    <link:calculationArc xlink:type="arc" weight="1" xlink:arcrole="http://www.xbrl.org/2003/arcrole/summation-item" xlink:from="ShareholdersEquity" xlink:to="CapitalStock" order="1.0" />
    <link:loc xlink:type="locator" xlink:href="http://disclosure.edinet-fsa.go.jp/taxonomy/jppfs/2018-03-31/jppfs_cor_2018-03-31.xsd#jppfs_cor_CapitalSurplus" xlink:label="CapitalSurplus_2" />
    <link:calculationArc xlink:type="arc" weight="1" xlink:arcrole="http://www.xbrl.org/2003/arcrole/summation-item" xlink:from="ShareholdersEquity" xlink:to="CapitalSurplus_2" order="3.0" />
    <link:loc xlink:type="locator" xlink:href="http://disclosure.edinet-fsa.go.jp/taxonomy/jppfs/2018-03-31/jppfs_cor_2018-03-31.xsd#jppfs_cor_CapitalSurplus" xlink:label="CapitalSurplus" />
    <link:loc xlink:type="locator" xlink:href="http://disclosure.edinet-fsa.go.jp/taxonomy/jppfs/2018-03-31/jppfs_cor_2018-03-31.xsd#jppfs_cor_LegalCapitalSurplus" xlink:label="LegalCapitalSurplus" />
    <link:calculationArc xlink:type="arc" weight="1" xlink:arcrole="http://www.xbrl.org/2003/arcrole/summation-item" xlink:from="CapitalSurplus" xlink:to="LegalCapitalSurplus" order="1.0" />
    <link:loc xlink:type="locator" xlink:href="http://disclosure.edinet-fsa.go.jp/taxonomy/jppfs/2018-03-31/jppfs_cor_2018-03-31.xsd#jppfs_cor_RetainedEarnings" xlink:label="RetainedEarnings_2" />
    <link:calculationArc xlink:type="arc" weight="1" xlink:arcrole="http://www.xbrl.org/2003/arcrole/summation-item" xlink:from="ShareholdersEquity" xlink:to="RetainedEarnings_2" order="4.0" />
    <link:loc xlink:type="locator" xlink:href="http://disclosure.edinet-fsa.go.jp/taxonomy/jppfs/2018-03-31/jppfs_cor_2018-03-31.xsd#jppfs_cor_RetainedEarnings" xlink:label="RetainedEarnings" />
    <link:loc xlink:type="locator" xlink:href="http://disclosure.edinet-fsa.go.jp/taxonomy/jppfs/2018-03-31/jppfs_cor_2018-03-31.xsd#jppfs_cor_RetainedEarningsBroughtForward" xlink:label="RetainedEarningsBroughtForward" />
    <link:calculationArc xlink:type="arc" weight="1" xlink:arcrole="http://www.xbrl.org/2003/arcrole/summation-item" xlink:from="RetainedEarnings" xlink:to="RetainedEarningsBroughtForward" order="2.0" />
    <link:loc xlink:type="locator" xlink:href="http://disclosure.edinet-fsa.go.jp/taxonomy/jppfs/2018-03-31/jppfs_cor_2018-03-31.xsd#jppfs_cor_TreasuryStock" xlink:label="TreasuryStock" />
    <link:calculationArc xlink:type="arc" weight="1" xlink:arcrole="http://www.xbrl.org/2003/arcrole/summation-item" xlink:from="ShareholdersEquity" xlink:to="TreasuryStock" order="5.0" />
  </link:calculationLink>
  <link:calculationLink xlink:type="extended" xlink:role="http://disclosure.edinet-fsa.go.jp/role/jppfs/rol_StatementOfIncome">
    <link:loc xlink:type="locator" xlink:href="http://disclosure.edinet-fsa.go.jp/taxonomy/jppfs/2018-03-31/jppfs_cor_2018-03-31.xsd#jppfs_cor_ProfitLoss" xlink:label="ProfitLoss" />
    <link:loc xlink:type="locator" xlink:href="http://disclosure.edinet-fsa.go.jp/taxonomy/jppfs/2018-03-31/jppfs_cor_2018-03-31.xsd#jppfs_cor_IncomeBeforeIncomeTaxes" xlink:label="IncomeBeforeIncomeTaxes_2" />
    <link:calculationArc xlink:type="arc" weight="1" xlink:arcrole="http://www.xbrl.org/2003/arcrole/summation-item" xlink:from="ProfitLoss" xlink:to="IncomeBeforeIncomeTaxes_2" order="1.0" />
    <link:loc xlink:type="locator" xlink:href="http://disclosure.edinet-fsa.go.jp/taxonomy/jppfs/2018-03-31/jppfs_cor_2018-03-31.xsd#jppfs_cor_IncomeBeforeIncomeTaxes" xlink:label="IncomeBeforeIncomeTaxes" />
    <link:loc xlink:type="locator" xlink:href="http://disclosure.edinet-fsa.go.jp/taxonomy/jppfs/2018-03-31/jppfs_cor_2018-03-31.xsd#jppfs_cor_OrdinaryIncome" xlink:label="OrdinaryIncome_2" />
    <link:calculationArc xlink:type="arc" weight="1" xlink:arcrole="http://www.xbrl.org/2003/arcrole/summation-item" xlink:from="IncomeBeforeIncomeTaxes" xlink:to="OrdinaryIncome_2" order="1.0" />
    <link:loc xlink:type="locator" xlink:href="http://disclosure.edinet-fsa.go.jp/taxonomy/jppfs/2018-03-31/jppfs_cor_2018-03-31.xsd#jppfs_cor_OrdinaryIncome" xlink:label="OrdinaryIncome" />
    <link:loc xlink:type="locator" xlink:href="http://disclosure.edinet-fsa.go.jp/taxonomy/jppfs/2018-03-31/jppfs_cor_2018-03-31.xsd#jppfs_cor_OperatingIncome" xlink:label="OperatingIncome_2" />
    <link:calculationArc xlink:type="arc" weight="1" xlink:arcrole="http://www.xbrl.org/2003/arcrole/summation-item" xlink:from="OrdinaryIncome" xlink:to="OperatingIncome_2" order="1.0" />
    <link:loc xlink:type="locator" xlink:href="http://disclosure.edinet-fsa.go.jp/taxonomy/jppfs/2018-03-31/jppfs_cor_2018-03-31.xsd#jppfs_cor_OperatingIncome" xlink:label="OperatingIncome" />
    <link:loc xlink:type="locator" xlink:href="http://disclosure.edinet-fsa.go.jp/taxonomy/jppfs/2018-03-31/jppfs_cor_2018-03-31.xsd#jppfs_cor_GrossProfit" xlink:label="GrossProfit_2" />
    <link:calculationArc xlink:type="arc" weight="1" xlink:arcrole="http://www.xbrl.org/2003/arcrole/summation-item" xlink:from="OperatingIncome" xlink:to="GrossProfit_2" order="1.0" />
    <link:loc xlink:type="locator" xlink:href="http://disclosure.edinet-fsa.go.jp/taxonomy/jppfs/2018-03-31/jppfs_cor_2018-03-31.xsd#jppfs_cor_GrossProfit" xlink:label="GrossProfit" />
    <link:loc xlink:type="locator" xlink:href="http://disclosure.edinet-fsa.go.jp/taxonomy/jppfs/2018-03-31/jppfs_cor_2018-03-31.xsd#jppfs_cor_NetSales" xlink:label="NetSales" />
    <link:calculationArc xlink:type="arc" weight="1" xlink:arcrole="http://www.xbrl.org/2003/arcrole/summation-item" xlink:from="GrossProfit" xlink:to="NetSales" order="1.0" />
    <link:loc xlink:type="locator" xlink:href="http://disclosure.edinet-fsa.go.jp/taxonomy/jppfs/2018-03-31/jppfs_cor_2018-03-31.xsd#jppfs_cor_CostOfSales" xlink:label="CostOfSales_2" />
    <link:calculationArc xlink:type="arc" weight="-1" xlink:arcrole="http://www.xbrl.org/2003/arcrole/summation-item" xlink:from="GrossProfit" xlink:to="CostOfSales_2" order="8.0" />
    <link:loc xlink:type="locator" xlink:href="http://disclosure.edinet-fsa.go.jp/taxonomy/jppfs/2018-03-31/jppfs_cor_2018-03-31.xsd#jppfs_cor_CostOfSales" xlink:label="CostOfSales" />
    <link:loc xlink:type="locator" xlink:href="http://disclosure.edinet-fsa.go.jp/taxonomy/jppfs/2018-03-31/jppfs_cor_2018-03-31.xsd#jppfs_cor_TotalBeginningAndPurchaseOfGoods" xlink:label="TotalBeginningAndPurchaseOfGoods_2" />
    <link:calculationArc xlink:type="arc" weight="1" xlink:arcrole="http://www.xbrl.org/2003/arcrole/summation-item" xlink:from="CostOfSales" xlink:to="TotalBeginningAndPurchaseOfGoods_2" order="0.984375" />
    <link:loc xlink:type="locator" xlink:href="http://disclosure.edinet-fsa.go.jp/taxonomy/jppfs/2018-03-31/jppfs_cor_2018-03-31.xsd#jppfs_cor_TotalBeginningAndPurchaseOfGoods" xlink:label="TotalBeginningAndPurchaseOfGoods" />
    <link:loc xlink:type="locator" xlink:href="http://disclosure.edinet-fsa.go.jp/taxonomy/jppfs/2018-03-31/jppfs_cor_2018-03-31.xsd#jppfs_cor_BeginningGoodsCOS" xlink:label="BeginningGoodsCOS" />
    <link:calculationArc xlink:type="arc" weight="1" xlink:arcrole="http://www.xbrl.org/2003/arcrole/summation-item" xlink:from="TotalBeginningAndPurchaseOfGoods" xlink:to="BeginningGoodsCOS" order="1.0" />
    <link:loc xlink:type="locator" xlink:href="http://disclosure.edinet-fsa.go.jp/taxonomy/jppfs/2018-03-31/jppfs_cor_2018-03-31.xsd#jppfs_cor_CostOfPurchasedGoods" xlink:label="CostOfPurchasedGoods" />
    <link:calculationArc xlink:type="arc" weight="1" xlink:arcrole="http://www.xbrl.org/2003/arcrole/summation-item" xlink:from="TotalBeginningAndPurchaseOfGoods" xlink:to="CostOfPurchasedGoods" order="2.0" />
    <link:loc xlink:type="locator" xlink:href="http://disclosure.edinet-fsa.go.jp/taxonomy/jppfs/2018-03-31/jppfs_cor_2018-03-31.xsd#jppfs_cor_EndingGoodsCOS" xlink:label="EndingGoodsCOS" />
    <link:calculationArc xlink:type="arc" weight="-1" xlink:arcrole="http://www.xbrl.org/2003/arcrole/summation-item" xlink:from="CostOfSales" xlink:to="EndingGoodsCOS" order="1.984375" />
    <link:loc xlink:type="locator" xlink:href="http://disclosure.edinet-fsa.go.jp/taxonomy/jppfs/2018-03-31/jppfs_cor_2018-03-31.xsd#jppfs_cor_SellingGeneralAndAdministrativeExpenses" xlink:label="SellingGeneralAndAdministrativeExpenses" />
    <link:calculationArc xlink:type="arc" weight="-1" xlink:arcrole="http://www.xbrl.org/2003/arcrole/summation-item" xlink:from="OperatingIncome" xlink:to="SellingGeneralAndAdministrativeExpenses" order="3.0" />
    <link:loc xlink:type="locator" xlink:href="http://disclosure.edinet-fsa.go.jp/taxonomy/jppfs/2018-03-31/jppfs_cor_2018-03-31.xsd#jppfs_cor_NonOperatingIncome" xlink:label="NonOperatingIncome_2" />
    <link:calculationArc xlink:type="arc" weight="1" xlink:arcrole="http://www.xbrl.org/2003/arcrole/summation-item" xlink:from="OrdinaryIncome" xlink:to="NonOperatingIncome_2" order="2.0" />
    <link:loc xlink:type="locator" xlink:href="http://disclosure.edinet-fsa.go.jp/taxonomy/jppfs/2018-03-31/jppfs_cor_2018-03-31.xsd#jppfs_cor_NonOperatingIncome" xlink:label="NonOperatingIncome" />
    <link:loc xlink:type="locator" xlink:href="http://disclosure.edinet-fsa.go.jp/taxonomy/jppfs/2018-03-31/jppfs_cor_2018-03-31.xsd#jppfs_cor_InterestIncomeNOI" xlink:label="InterestIncomeNOI" />
    <link:calculationArc xlink:type="arc" weight="1" xlink:arcrole="http://www.xbrl.org/2003/arcrole/summation-item" xlink:from="NonOperatingIncome" xlink:to="InterestIncomeNOI" order="1.0" />
    <link:loc xlink:type="locator" xlink:href="http://disclosure.edinet-fsa.go.jp/taxonomy/jppfs/2018-03-31/jppfs_cor_2018-03-31.xsd#jppfs_cor_RentIncomeNOI" xlink:label="RentIncomeNOI" />
    <link:calculationArc xlink:type="arc" weight="1" xlink:arcrole="http://www.xbrl.org/2003/arcrole/summation-item" xlink:from="NonOperatingIncome" xlink:to="RentIncomeNOI" order="1.96575927734375" />
    <link:loc xlink:type="locator" xlink:href="http://disclosure.edinet-fsa.go.jp/taxonomy/jppfs/2018-03-31/jppfs_cor_2018-03-31.xsd#jppfs_cor_SubsidyIncomeNOIBounty" xlink:label="SubsidyIncomeNOIBounty" />
    <link:calculationArc xlink:type="arc" weight="1" xlink:arcrole="http://www.xbrl.org/2003/arcrole/summation-item" xlink:from="NonOperatingIncome" xlink:to="SubsidyIncomeNOIBounty" order="2.948638916015625" />
    <link:loc xlink:type="locator" xlink:href="http://disclosure.edinet-fsa.go.jp/taxonomy/jppfs/2018-03-31/jppfs_cor_2018-03-31.xsd#jppfs_cor_OtherNOI" xlink:label="OtherNOI" />
    <link:calculationArc xlink:type="arc" weight="1" xlink:arcrole="http://www.xbrl.org/2003/arcrole/summation-item" xlink:from="NonOperatingIncome" xlink:to="OtherNOI" order="3.948638916015625" />
    <link:loc xlink:type="locator" xlink:href="http://disclosure.edinet-fsa.go.jp/taxonomy/jppfs/2018-03-31/jppfs_cor_2018-03-31.xsd#jppfs_cor_NonOperatingExpenses" xlink:label="NonOperatingExpenses_2" />
    <link:calculationArc xlink:type="arc" weight="-1" xlink:arcrole="http://www.xbrl.org/2003/arcrole/summation-item" xlink:from="OrdinaryIncome" xlink:to="NonOperatingExpenses_2" order="3.0" />
    <link:loc xlink:type="locator" xlink:href="http://disclosure.edinet-fsa.go.jp/taxonomy/jppfs/2018-03-31/jppfs_cor_2018-03-31.xsd#jppfs_cor_NonOperatingExpenses" xlink:label="NonOperatingExpenses" />
    <link:loc xlink:type="locator" xlink:href="http://disclosure.edinet-fsa.go.jp/taxonomy/jppfs/2018-03-31/jppfs_cor_2018-03-31.xsd#jppfs_cor_InterestExpensesNOE" xlink:label="InterestExpensesNOE" />
    <link:calculationArc xlink:type="arc" weight="1" xlink:arcrole="http://www.xbrl.org/2003/arcrole/summation-item" xlink:from="NonOperatingExpenses" xlink:to="InterestExpensesNOE" order="1.0" />
    <link:loc xlink:type="locator" xlink:href="http://disclosure.edinet-fsa.go.jp/taxonomy/jppfs/2018-03-31/jppfs_cor_2018-03-31.xsd#jppfs_cor_RentExpensesNOE" xlink:label="RentExpensesNOE" />
    <link:calculationArc xlink:type="arc" weight="1" xlink:arcrole="http://www.xbrl.org/2003/arcrole/summation-item" xlink:from="NonOperatingExpenses" xlink:to="RentExpensesNOE" order="1.73046875" />
    <link:loc xlink:type="locator" xlink:href="http://disclosure.edinet-fsa.go.jp/taxonomy/jppfs/2018-03-31/jppfs_cor_2018-03-31.xsd#jppfs_cor_StockIssuanceCostNOE" xlink:label="StockIssuanceCostNOE" />
    <link:calculationArc xlink:type="arc" weight="1" xlink:arcrole="http://www.xbrl.org/2003/arcrole/summation-item" xlink:from="NonOperatingExpenses" xlink:to="StockIssuanceCostNOE" order="2.595703125" />
    <link:loc xlink:type="locator" xlink:href="http://disclosure.edinet-fsa.go.jp/taxonomy/jppfs/2018-03-31/jppfs_cor_2018-03-31.xsd#jppfs_cor_OtherNOE" xlink:label="OtherNOE" />
    <link:calculationArc xlink:type="arc" weight="1" xlink:arcrole="http://www.xbrl.org/2003/arcrole/summation-item" xlink:from="NonOperatingExpenses" xlink:to="OtherNOE" order="3.595703125" />
    <link:loc xlink:type="locator" xlink:href="http://disclosure.edinet-fsa.go.jp/taxonomy/jppfs/2018-03-31/jppfs_cor_2018-03-31.xsd#jppfs_cor_ExtraordinaryIncome" xlink:label="ExtraordinaryIncome_2" />
    <link:calculationArc xlink:type="arc" weight="1" xlink:arcrole="http://www.xbrl.org/2003/arcrole/summation-item" xlink:from="IncomeBeforeIncomeTaxes" xlink:to="ExtraordinaryIncome_2" order="2.0" />
    <link:loc xlink:type="locator" xlink:href="http://disclosure.edinet-fsa.go.jp/taxonomy/jppfs/2018-03-31/jppfs_cor_2018-03-31.xsd#jppfs_cor_ExtraordinaryIncome" xlink:label="ExtraordinaryIncome" />
    <link:loc xlink:type="locator" xlink:href="http://disclosure.edinet-fsa.go.jp/taxonomy/jppfs/2018-03-31/jppfs_cor_2018-03-31.xsd#jppfs_cor_GainOnSalesOfNoncurrentAssetsEI" xlink:label="GainOnSalesOfNoncurrentAssetsEI" />
    <link:calculationArc xlink:type="arc" weight="1" xlink:arcrole="http://www.xbrl.org/2003/arcrole/summation-item" xlink:from="ExtraordinaryIncome" xlink:to="GainOnSalesOfNoncurrentAssetsEI" order="1.0" />
    <link:loc xlink:type="locator" xlink:href="http://disclosure.edinet-fsa.go.jp/taxonomy/jppfs/2018-03-31/jppfs_cor_2018-03-31.xsd#jppfs_cor_ExtraordinaryLoss" xlink:label="ExtraordinaryLoss_2" />
    <link:calculationArc xlink:type="arc" weight="-1" xlink:arcrole="http://www.xbrl.org/2003/arcrole/summation-item" xlink:from="IncomeBeforeIncomeTaxes" xlink:to="ExtraordinaryLoss_2" order="3.0" />
    <link:loc xlink:type="locator" xlink:href="http://disclosure.edinet-fsa.go.jp/taxonomy/jppfs/2018-03-31/jppfs_cor_2018-03-31.xsd#jppfs_cor_ExtraordinaryLoss" xlink:label="ExtraordinaryLoss" />
    <link:loc xlink:type="locator" xlink:href="http://disclosure.edinet-fsa.go.jp/taxonomy/jppfs/2018-03-31/jppfs_cor_2018-03-31.xsd#jppfs_cor_LossOnDisasterEL" xlink:label="LossOnDisasterEL" />
    <link:calculationArc xlink:type="arc" weight="1" xlink:arcrole="http://www.xbrl.org/2003/arcrole/summation-item" xlink:from="ExtraordinaryLoss" xlink:to="LossOnDisasterEL" order="1.0" />
    <link:loc xlink:type="locator" xlink:href="http://disclosure.edinet-fsa.go.jp/taxonomy/jppfs/2018-03-31/jppfs_cor_2018-03-31.xsd#jppfs_cor_IncomeTaxes" xlink:label="IncomeTaxes_2" />
    <link:calculationArc xlink:type="arc" weight="-1" xlink:arcrole="http://www.xbrl.org/2003/arcrole/summation-item" xlink:from="ProfitLoss" xlink:to="IncomeTaxes_2" order="2.0" />
    <link:loc xlink:type="locator" xlink:href="http://disclosure.edinet-fsa.go.jp/taxonomy/jppfs/2018-03-31/jppfs_cor_2018-03-31.xsd#jppfs_cor_IncomeTaxes" xlink:label="IncomeTaxes" />
    <link:loc xlink:type="locator" xlink:href="http://disclosure.edinet-fsa.go.jp/taxonomy/jppfs/2018-03-31/jppfs_cor_2018-03-31.xsd#jppfs_cor_IncomeTaxesCurrent" xlink:label="IncomeTaxesCurrent" />
    <link:calculationArc xlink:type="arc" weight="1" xlink:arcrole="http://www.xbrl.org/2003/arcrole/summation-item" xlink:from="IncomeTaxes" xlink:to="IncomeTaxesCurrent" order="1.0" />
    <link:loc xlink:type="locator" xlink:href="http://disclosure.edinet-fsa.go.jp/taxonomy/jppfs/2018-03-31/jppfs_cor_2018-03-31.xsd#jppfs_cor_IncomeTaxesDeferred" xlink:label="IncomeTaxesDeferred" />
    <link:calculationArc xlink:type="arc" weight="1" xlink:arcrole="http://www.xbrl.org/2003/arcrole/summation-item" xlink:from="IncomeTaxes" xlink:to="IncomeTaxesDeferred" order="2.0" />
  </link:calculationLink>
  <link:calculationLink xlink:type="extended" xlink:role="http://disclosure.edinet-fsa.go.jp/role/jppfs/rol_StatementOfChangesInEquity">
    <link:loc xlink:type="locator" xlink:href="http://disclosure.edinet-fsa.go.jp/taxonomy/jppfs/2018-03-31/jppfs_cor_2018-03-31.xsd#jppfs_cor_TotalChangesOfItemsDuringThePeriod" xlink:label="TotalChangesOfItemsDuringThePeriod" />
    <link:loc xlink:type="locator" xlink:href="http://disclosure.edinet-fsa.go.jp/taxonomy/jppfs/2018-03-31/jppfs_cor_2018-03-31.xsd#jppfs_cor_IssuanceOfNewShares" xlink:label="IssuanceOfNewShares" />
    <link:calculationArc xlink:type="arc" weight="1" xlink:arcrole="http://www.xbrl.org/2003/arcrole/summation-item" xlink:from="TotalChangesOfItemsDuringThePeriod" xlink:to="IssuanceOfNewShares" order="0.5" />
    <link:loc xlink:type="locator" xlink:href="http://disclosure.edinet-fsa.go.jp/taxonomy/jppfs/2018-03-31/jppfs_cor_2018-03-31.xsd#jppfs_cor_ProfitLoss" xlink:label="ProfitLoss" />
    <link:calculationArc xlink:type="arc" weight="1" xlink:arcrole="http://www.xbrl.org/2003/arcrole/summation-item" xlink:from="TotalChangesOfItemsDuringThePeriod" xlink:to="ProfitLoss" order="1.0" />
    <link:loc xlink:type="locator" xlink:href="http://disclosure.edinet-fsa.go.jp/taxonomy/jppfs/2018-03-31/jppfs_cor_2018-03-31.xsd#jppfs_cor_PurchaseOfTreasuryStock" xlink:label="PurchaseOfTreasuryStock" />
    <link:calculationArc xlink:type="arc" weight="1" xlink:arcrole="http://www.xbrl.org/2003/arcrole/summation-item" xlink:from="TotalChangesOfItemsDuringThePeriod" xlink:to="PurchaseOfTreasuryStock" order="2.0" />
  </link:calculationLink>
  <link:calculationLink xlink:type="extended" xlink:role="http://disclosure.edinet-fsa.go.jp/role/jppfs/rol_ConsolidatedStatementOfCashFlows-indirect">
    <link:loc xlink:type="locator" xlink:href="http://disclosure.edinet-fsa.go.jp/taxonomy/jppfs/2018-03-31/jppfs_cor_2018-03-31.xsd#jppfs_cor_NetIncreaseDecreaseInCashAndCashEquivalents" xlink:label="NetIncreaseDecreaseInCashAndCashEquivalents" />
    <link:loc xlink:type="locator" xlink:href="http://disclosure.edinet-fsa.go.jp/taxonomy/jppfs/2018-03-31/jppfs_cor_2018-03-31.xsd#jppfs_cor_NetCashProvidedByUsedInOperatingActivities" xlink:label="NetCashProvidedByUsedInOperatingActivities_2" />
    <link:calculationArc xlink:type="arc" weight="1" xlink:arcrole="http://www.xbrl.org/2003/arcrole/summation-item" xlink:from="NetIncreaseDecreaseInCashAndCashEquivalents" xlink:to="NetCashProvidedByUsedInOperatingActivities_2" order="1.0" />
    <link:loc xlink:type="locator" xlink:href="http://disclosure.edinet-fsa.go.jp/taxonomy/jppfs/2018-03-31/jppfs_cor_2018-03-31.xsd#jppfs_cor_NetCashProvidedByUsedInOperatingActivities" xlink:label="NetCashProvidedByUsedInOperatingActivities" />
    <link:loc xlink:type="locator" xlink:href="http://disclosure.edinet-fsa.go.jp/taxonomy/jppfs/2018-03-31/jppfs_cor_2018-03-31.xsd#jppfs_cor_SubtotalOpeCF" xlink:label="SubtotalOpeCF_2" />
    <link:calculationArc xlink:type="arc" weight="1" xlink:arcrole="http://www.xbrl.org/2003/arcrole/summation-item" xlink:from="NetCashProvidedByUsedInOperatingActivities" xlink:to="SubtotalOpeCF_2" order="1.0" />
    <link:loc xlink:type="locator" xlink:href="http://disclosure.edinet-fsa.go.jp/taxonomy/jppfs/2018-03-31/jppfs_cor_2018-03-31.xsd#jppfs_cor_SubtotalOpeCF" xlink:label="SubtotalOpeCF" />
    <link:loc xlink:type="locator" xlink:href="http://disclosure.edinet-fsa.go.jp/taxonomy/jppfs/2018-03-31/jppfs_cor_2018-03-31.xsd#jppfs_cor_IncomeBeforeIncomeTaxes" xlink:label="IncomeBeforeIncomeTaxes" />
    <link:calculationArc xlink:type="arc" weight="1" xlink:arcrole="http://www.xbrl.org/2003/arcrole/summation-item" xlink:from="SubtotalOpeCF" xlink:to="IncomeBeforeIncomeTaxes" order="1.0" />
    <link:loc xlink:type="locator" xlink:href="http://disclosure.edinet-fsa.go.jp/taxonomy/jppfs/2018-03-31/jppfs_cor_2018-03-31.xsd#jppfs_cor_DepreciationAndAmortizationOpeCF" xlink:label="DepreciationAndAmortizationOpeCF" />
    <link:calculationArc xlink:type="arc" weight="1" xlink:arcrole="http://www.xbrl.org/2003/arcrole/summation-item" xlink:from="SubtotalOpeCF" xlink:to="DepreciationAndAmortizationOpeCF" order="2.0" />
    <link:loc xlink:type="locator" xlink:href="http://disclosure.edinet-fsa.go.jp/taxonomy/jppfs/2018-03-31/jppfs_cor_2018-03-31.xsd#jppfs_cor_AmortizationOfGoodwillOpeCF" xlink:label="AmortizationOfGoodwillOpeCF" />
    <link:calculationArc xlink:type="arc" weight="1" xlink:arcrole="http://www.xbrl.org/2003/arcrole/summation-item" xlink:from="SubtotalOpeCF" xlink:to="AmortizationOfGoodwillOpeCF" order="4.0" />
    <link:loc xlink:type="locator" xlink:href="http://disclosure.edinet-fsa.go.jp/taxonomy/jppfs/2018-03-31/jppfs_cor_2018-03-31.xsd#jppfs_cor_ShareBasedCompensationExpensesOpeCF" xlink:label="ShareBasedCompensationExpensesOpeCF" />
    <link:calculationArc xlink:type="arc" weight="1" xlink:arcrole="http://www.xbrl.org/2003/arcrole/summation-item" xlink:from="SubtotalOpeCF" xlink:to="ShareBasedCompensationExpensesOpeCF" order="4.5" />
    <link:loc xlink:type="locator" xlink:href="http://disclosure.edinet-fsa.go.jp/taxonomy/jppfs/2018-03-31/jppfs_cor_2018-03-31.xsd#jppfs_cor_IncreaseDecreaseInAllowanceForDoubtfulAccountsOpeCF" xlink:label="IncreaseDecreaseInAllowanceForDoubtfulAccountsOpeCF" />
    <link:calculationArc xlink:type="arc" weight="1" xlink:arcrole="http://www.xbrl.org/2003/arcrole/summation-item" xlink:from="SubtotalOpeCF" xlink:to="IncreaseDecreaseInAllowanceForDoubtfulAccountsOpeCF" order="5.0" />
    <link:loc xlink:type="locator" xlink:href="http://disclosure.edinet-fsa.go.jp/taxonomy/jppfs/2018-03-31/jppfs_cor_2018-03-31.xsd#jppfs_cor_IncreaseDecreaseInProvisionForBonusesOpeCF" xlink:label="IncreaseDecreaseInProvisionForBonusesOpeCF" />
    <link:calculationArc xlink:type="arc" weight="1" xlink:arcrole="http://www.xbrl.org/2003/arcrole/summation-item" xlink:from="SubtotalOpeCF" xlink:to="IncreaseDecreaseInProvisionForBonusesOpeCF" order="5.65625" />
    <link:loc xlink:type="locator" xlink:href="http://disclosure.edinet-fsa.go.jp/taxonomy/jppfs/2018-03-31/jppfs_cor_2018-03-31.xsd#jppfs_cor_InterestIncomeOpeCF" xlink:label="InterestIncomeOpeCF" />
    <link:calculationArc xlink:type="arc" weight="1" xlink:arcrole="http://www.xbrl.org/2003/arcrole/summation-item" xlink:from="SubtotalOpeCF" xlink:to="InterestIncomeOpeCF" order="6.328125" />
    <link:loc xlink:type="locator" xlink:href="http://disclosure.edinet-fsa.go.jp/taxonomy/jppfs/2018-03-31/jppfs_cor_2018-03-31.xsd#jppfs_cor_InterestExpensesOpeCF" xlink:label="InterestExpensesOpeCF" />
    <link:calculationArc xlink:type="arc" weight="1" xlink:arcrole="http://www.xbrl.org/2003/arcrole/summation-item" xlink:from="SubtotalOpeCF" xlink:to="InterestExpensesOpeCF" order="7.4140625" />
    <link:loc xlink:type="locator" xlink:href="http://disclosure.edinet-fsa.go.jp/taxonomy/jppfs/2018-03-31/jppfs_cor_2018-03-31.xsd#jppfs_cor_EquityInEarningsLossesOfAffiliatesOpeCF" xlink:label="EquityInEarningsLossesOfAffiliatesOpeCF" />
    <link:calculationArc xlink:type="arc" weight="1" xlink:arcrole="http://www.xbrl.org/2003/arcrole/summation-item" xlink:from="SubtotalOpeCF" xlink:to="EquityInEarningsLossesOfAffiliatesOpeCF" order="8.70703125" />
    <link:loc xlink:type="locator" xlink:href="http://disclosure.edinet-fsa.go.jp/taxonomy/jppfs/2018-03-31/jppfs_cor_2018-03-31.xsd#jppfs_cor_LossGainOnSalesOfPropertyPlantAndEquipmentOpeCF" xlink:label="LossGainOnSalesOfPropertyPlantAndEquipmentOpeCF" />
    <link:calculationArc xlink:type="arc" weight="1" xlink:arcrole="http://www.xbrl.org/2003/arcrole/summation-item" xlink:from="SubtotalOpeCF" xlink:to="LossGainOnSalesOfPropertyPlantAndEquipmentOpeCF" order="10.0" />
    <link:loc xlink:type="locator" xlink:href="http://disclosure.edinet-fsa.go.jp/taxonomy/jppfs/2018-03-31/jppfs_cor_2018-03-31.xsd#jppfs_cor_ForeignExchangeLossesGainsOpeCF" xlink:label="ForeignExchangeLossesGainsOpeCF" />
    <link:calculationArc xlink:type="arc" weight="1" xlink:arcrole="http://www.xbrl.org/2003/arcrole/summation-item" xlink:from="SubtotalOpeCF" xlink:to="ForeignExchangeLossesGainsOpeCF" order="11.0" />
    <link:loc xlink:type="locator" xlink:href="http://disclosure.edinet-fsa.go.jp/taxonomy/jppfs/2018-03-31/jppfs_cor_2018-03-31.xsd#jppfs_cor_DecreaseIncreaseInNotesAndAccountsReceivableTradeOpeCF" xlink:label="DecreaseIncreaseInNotesAndAccountsReceivableTradeOpeCF" />
    <link:calculationArc xlink:type="arc" weight="1" xlink:arcrole="http://www.xbrl.org/2003/arcrole/summation-item" xlink:from="SubtotalOpeCF" xlink:to="DecreaseIncreaseInNotesAndAccountsReceivableTradeOpeCF" order="12.0" />
    <link:loc xlink:type="locator" xlink:href="http://disclosure.edinet-fsa.go.jp/taxonomy/jppfs/2018-03-31/jppfs_cor_2018-03-31.xsd#jppfs_cor_IncreaseDecreaseInNotesAndAccountsPayableTradeOpeCF" xlink:label="IncreaseDecreaseInNotesAndAccountsPayableTradeOpeCF" />
    <link:calculationArc xlink:type="arc" weight="1" xlink:arcrole="http://www.xbrl.org/2003/arcrole/summation-item" xlink:from="SubtotalOpeCF" xlink:to="IncreaseDecreaseInNotesAndAccountsPayableTradeOpeCF" order="14.0" />
    <link:loc xlink:type="locator" xlink:href="http://disclosure.edinet-fsa.go.jp/taxonomy/jppfs/2018-03-31/jppfs_cor_2018-03-31.xsd#jppfs_cor_IncreaseDecreaseInAccountsPayableOtherOpeCF" xlink:label="IncreaseDecreaseInAccountsPayableOtherOpeCF" />
    <link:calculationArc xlink:type="arc" weight="1" xlink:arcrole="http://www.xbrl.org/2003/arcrole/summation-item" xlink:from="SubtotalOpeCF" xlink:to="IncreaseDecreaseInAccountsPayableOtherOpeCF" order="14.5" />
    <link:loc xlink:type="locator" xlink:href="http://disclosure.edinet-fsa.go.jp/taxonomy/jppfs/2018-03-31/jppfs_cor_2018-03-31.xsd#jppfs_cor_OtherNetOpeCF" xlink:label="OtherNetOpeCF" />
    <link:calculationArc xlink:type="arc" weight="1" xlink:arcrole="http://www.xbrl.org/2003/arcrole/summation-item" xlink:from="SubtotalOpeCF" xlink:to="OtherNetOpeCF" order="15.0" />
    <link:loc xlink:type="locator" xlink:href="http://disclosure.edinet-fsa.go.jp/taxonomy/jppfs/2018-03-31/jppfs_cor_2018-03-31.xsd#jppfs_cor_InterestAndDividendsIncomeReceivedOpeCFInvCF" xlink:label="InterestAndDividendsIncomeReceivedOpeCFInvCF" />
    <link:calculationArc xlink:type="arc" weight="1" xlink:arcrole="http://www.xbrl.org/2003/arcrole/summation-item" xlink:from="NetCashProvidedByUsedInOperatingActivities" xlink:to="InterestAndDividendsIncomeReceivedOpeCFInvCF" order="2.25" />
    <link:loc xlink:type="locator" xlink:href="http://disclosure.edinet-fsa.go.jp/taxonomy/jppfs/2018-03-31/jppfs_cor_2018-03-31.xsd#jppfs_cor_InterestExpensesPaidOpeCFFinCF" xlink:label="InterestExpensesPaidOpeCFFinCF" />
    <link:calculationArc xlink:type="arc" weight="1" xlink:arcrole="http://www.xbrl.org/2003/arcrole/summation-item" xlink:from="NetCashProvidedByUsedInOperatingActivities" xlink:to="InterestExpensesPaidOpeCFFinCF" order="3.5" />
    <link:loc xlink:type="locator" xlink:href="http://disclosure.edinet-fsa.go.jp/taxonomy/jppfs/2018-03-31/jppfs_cor_2018-03-31.xsd#jppfs_cor_IncomeTaxesRefundOpeCF" xlink:label="IncomeTaxesRefundOpeCF" />
    <link:calculationArc xlink:type="arc" weight="1" xlink:arcrole="http://www.xbrl.org/2003/arcrole/summation-item" xlink:from="NetCashProvidedByUsedInOperatingActivities" xlink:to="IncomeTaxesRefundOpeCF" order="5.25" />
    <link:loc xlink:type="locator" xlink:href="http://disclosure.edinet-fsa.go.jp/taxonomy/jppfs/2018-03-31/jppfs_cor_2018-03-31.xsd#jppfs_cor_IncomeTaxesPaidOpeCF" xlink:label="IncomeTaxesPaidOpeCF" />
    <link:calculationArc xlink:type="arc" weight="1" xlink:arcrole="http://www.xbrl.org/2003/arcrole/summation-item" xlink:from="NetCashProvidedByUsedInOperatingActivities" xlink:to="IncomeTaxesPaidOpeCF" order="7.0" />
    <link:loc xlink:type="locator" xlink:href="http://disclosure.edinet-fsa.go.jp/taxonomy/jppfs/2018-03-31/jppfs_cor_2018-03-31.xsd#jppfs_cor_NetCashProvidedByUsedInInvestmentActivities" xlink:label="NetCashProvidedByUsedInInvestmentActivities_2" />
    <link:calculationArc xlink:type="arc" weight="1" xlink:arcrole="http://www.xbrl.org/2003/arcrole/summation-item" xlink:from="NetIncreaseDecreaseInCashAndCashEquivalents" xlink:to="NetCashProvidedByUsedInInvestmentActivities_2" order="2.0" />
    <link:loc xlink:type="locator" xlink:href="http://disclosure.edinet-fsa.go.jp/taxonomy/jppfs/2018-03-31/jppfs_cor_2018-03-31.xsd#jppfs_cor_NetCashProvidedByUsedInInvestmentActivities" xlink:label="NetCashProvidedByUsedInInvestmentActivities" />
    <link:loc xlink:type="locator" xlink:href="http://disclosure.edinet-fsa.go.jp/taxonomy/jppfs/2018-03-31/jppfs_cor_2018-03-31.xsd#jppfs_cor_PurchaseOfPropertyPlantAndEquipmentInvCF" xlink:label="PurchaseOfPropertyPlantAndEquipmentInvCF" />
    <link:calculationArc xlink:type="arc" weight="1" xlink:arcrole="http://www.xbrl.org/2003/arcrole/summation-item" xlink:from="NetCashProvidedByUsedInInvestmentActivities" xlink:to="PurchaseOfPropertyPlantAndEquipmentInvCF" order="3.0" />
    <link:loc xlink:type="locator" xlink:href="http://disclosure.edinet-fsa.go.jp/taxonomy/jppfs/2018-03-31/jppfs_cor_2018-03-31.xsd#jppfs_cor_PurchaseOfIntangibleAssetsInvCF" xlink:label="PurchaseOfIntangibleAssetsInvCF" />
    <link:calculationArc xlink:type="arc" weight="1" xlink:arcrole="http://www.xbrl.org/2003/arcrole/summation-item" xlink:from="NetCashProvidedByUsedInInvestmentActivities" xlink:to="PurchaseOfIntangibleAssetsInvCF" order="3.375" />
    <link:loc xlink:type="locator" xlink:href="http://disclosure.edinet-fsa.go.jp/taxonomy/jppfs/2018-03-31/jppfs_cor_2018-03-31.xsd#jppfs_cor_PaymentsForLeaseAndGuaranteeDepositsInvCF" xlink:label="PaymentsForLeaseAndGuaranteeDepositsInvCF" />
    <link:calculationArc xlink:type="arc" weight="1" xlink:arcrole="http://www.xbrl.org/2003/arcrole/summation-item" xlink:from="NetCashProvidedByUsedInInvestmentActivities" xlink:to="PaymentsForLeaseAndGuaranteeDepositsInvCF" order="4.375" />
    <link:loc xlink:type="locator" xlink:href="http://disclosure.edinet-fsa.go.jp/taxonomy/jppfs/2018-03-31/jppfs_cor_2018-03-31.xsd#jppfs_cor_ProceedsFromCollectionOfLeaseAndGuaranteeDepositsInvCF" xlink:label="ProceedsFromCollectionOfLeaseAndGuaranteeDepositsInvCF" />
    <link:calculationArc xlink:type="arc" weight="1" xlink:arcrole="http://www.xbrl.org/2003/arcrole/summation-item" xlink:from="NetCashProvidedByUsedInInvestmentActivities" xlink:to="ProceedsFromCollectionOfLeaseAndGuaranteeDepositsInvCF" order="5.1875" />
    <link:loc xlink:type="locator" xlink:href="http://disclosure.edinet-fsa.go.jp/taxonomy/jppfs/2018-03-31/jppfs_cor_2018-03-31.xsd#jppfs_cor_OtherNetInvCF" xlink:label="OtherNetInvCF" />
    <link:calculationArc xlink:type="arc" weight="1" xlink:arcrole="http://www.xbrl.org/2003/arcrole/summation-item" xlink:from="NetCashProvidedByUsedInInvestmentActivities" xlink:to="OtherNetInvCF" order="6.0" />
    <link:loc xlink:type="locator" xlink:href="http://disclosure.edinet-fsa.go.jp/taxonomy/jppfs/2018-03-31/jppfs_cor_2018-03-31.xsd#jppfs_cor_NetCashProvidedByUsedInFinancingActivities" xlink:label="NetCashProvidedByUsedInFinancingActivities_2" />
    <link:calculationArc xlink:type="arc" weight="1" xlink:arcrole="http://www.xbrl.org/2003/arcrole/summation-item" xlink:from="NetIncreaseDecreaseInCashAndCashEquivalents" xlink:to="NetCashProvidedByUsedInFinancingActivities_2" order="3.0" />
    <link:loc xlink:type="locator" xlink:href="http://disclosure.edinet-fsa.go.jp/taxonomy/jppfs/2018-03-31/jppfs_cor_2018-03-31.xsd#jppfs_cor_NetCashProvidedByUsedInFinancingActivities" xlink:label="NetCashProvidedByUsedInFinancingActivities" />
    <link:loc xlink:type="locator" xlink:href="http://disclosure.edinet-fsa.go.jp/taxonomy/jppfs/2018-03-31/jppfs_cor_2018-03-31.xsd#jppfs_cor_ProceedsFromLongTermLoansPayableFinCF" xlink:label="ProceedsFromLongTermLoansPayableFinCF" />
    <link:calculationArc xlink:type="arc" weight="1" xlink:arcrole="http://www.xbrl.org/2003/arcrole/summation-item" xlink:from="NetCashProvidedByUsedInFinancingActivities" xlink:to="ProceedsFromLongTermLoansPayableFinCF" order="3.0" />
    <link:loc xlink:type="locator" xlink:href="http://disclosure.edinet-fsa.go.jp/taxonomy/jppfs/2018-03-31/jppfs_cor_2018-03-31.xsd#jppfs_cor_RepaymentOfLongTermLoansPayableFinCF" xlink:label="RepaymentOfLongTermLoansPayableFinCF" />
    <link:calculationArc xlink:type="arc" weight="1" xlink:arcrole="http://www.xbrl.org/2003/arcrole/summation-item" xlink:from="NetCashProvidedByUsedInFinancingActivities" xlink:to="RepaymentOfLongTermLoansPayableFinCF" order="4.0" />
    <link:loc xlink:type="locator" xlink:href="http://disclosure.edinet-fsa.go.jp/taxonomy/jppfs/2018-03-31/jppfs_cor_2018-03-31.xsd#jppfs_cor_PurchaseOfTreasuryStockFinCF" xlink:label="PurchaseOfTreasuryStockFinCF" />
    <link:calculationArc xlink:type="arc" weight="1" xlink:arcrole="http://www.xbrl.org/2003/arcrole/summation-item" xlink:from="NetCashProvidedByUsedInFinancingActivities" xlink:to="PurchaseOfTreasuryStockFinCF" order="5.5" />
    <link:loc xlink:type="locator" xlink:href="http://disclosure.edinet-fsa.go.jp/taxonomy/jppfs/2018-03-31/jppfs_cor_2018-03-31.xsd#jppfs_cor_OtherNetFinCF" xlink:label="OtherNetFinCF" />
    <link:calculationArc xlink:type="arc" weight="1" xlink:arcrole="http://www.xbrl.org/2003/arcrole/summation-item" xlink:from="NetCashProvidedByUsedInFinancingActivities" xlink:to="OtherNetFinCF" order="6.5" />
    <link:loc xlink:type="locator" xlink:href="http://disclosure.edinet-fsa.go.jp/taxonomy/jppfs/2018-03-31/jppfs_cor_2018-03-31.xsd#jppfs_cor_EffectOfExchangeRateChangeOnCashAndCashEquivalents" xlink:label="EffectOfExchangeRateChangeOnCashAndCashEquivalents" />
    <link:calculationArc xlink:type="arc" weight="1" xlink:arcrole="http://www.xbrl.org/2003/arcrole/summation-item" xlink:from="NetIncreaseDecreaseInCashAndCashEquivalents" xlink:to="EffectOfExchangeRateChangeOnCashAndCashEquivalents" order="4.0" />
  </link:calculationLink>
  <link:calculationLink xlink:type="extended" xlink:role="http://disclosure.edinet-fsa.go.jp/role/jppfs/rol_ConsolidatedStatementOfComprehensiveIncome">
    <link:loc xlink:type="locator" xlink:href="http://disclosure.edinet-fsa.go.jp/taxonomy/jppfs/2018-03-31/jppfs_cor_2018-03-31.xsd#jppfs_cor_ComprehensiveIncome" xlink:label="ComprehensiveIncome" />
    <link:loc xlink:type="locator" xlink:href="http://disclosure.edinet-fsa.go.jp/taxonomy/jppfs/2018-03-31/jppfs_cor_2018-03-31.xsd#jppfs_cor_ProfitLoss" xlink:label="ProfitLoss" />
    <link:calculationArc xlink:type="arc" weight="1" xlink:arcrole="http://www.xbrl.org/2003/arcrole/summation-item" xlink:from="ComprehensiveIncome" xlink:to="ProfitLoss" order="1.0" />
    <link:loc xlink:type="locator" xlink:href="http://disclosure.edinet-fsa.go.jp/taxonomy/jppfs/2018-03-31/jppfs_cor_2018-03-31.xsd#jppfs_cor_OtherComprehensiveIncome" xlink:label="OtherComprehensiveIncome_2" />
    <link:calculationArc xlink:type="arc" weight="1" xlink:arcrole="http://www.xbrl.org/2003/arcrole/summation-item" xlink:from="ComprehensiveIncome" xlink:to="OtherComprehensiveIncome_2" order="2.0" />
    <link:loc xlink:type="locator" xlink:href="http://disclosure.edinet-fsa.go.jp/taxonomy/jppfs/2018-03-31/jppfs_cor_2018-03-31.xsd#jppfs_cor_OtherComprehensiveIncome" xlink:label="OtherComprehensiveIncome" />
    <link:loc xlink:type="locator" xlink:href="http://disclosure.edinet-fsa.go.jp/taxonomy/jppfs/2018-03-31/jppfs_cor_2018-03-31.xsd#jppfs_cor_ForeignCurrencyTranslationAdjustmentNetOfTaxOCI" xlink:label="ForeignCurrencyTranslationAdjustmentNetOfTaxOCI" />
    <link:calculationArc xlink:type="arc" weight="1" xlink:arcrole="http://www.xbrl.org/2003/arcrole/summation-item" xlink:from="OtherComprehensiveIncome" xlink:to="ForeignCurrencyTranslationAdjustmentNetOfTaxOCI" order="3.0" />
  </link:calculationLink>
</link:linkbase>