<?xml version="1.0" encoding="utf-8"?>
<!-- Generated by PRONEXUS WORKS -->
<link:linkbase xmlns:link="http://www.xbrl.org/2003/linkbase" xmlns:xsi="http://www.w3.org/2001/XMLSchema-instance" xmlns:xbrli="http://www.xbrl.org/2003/instance" xmlns:xlink="http://www.w3.org/1999/xlink">
  <link:labelLink xlink:type="extended" xlink:role="http://www.xbrl.org/2003/role/link">
    <link:loc xlink:type="locator" xlink:href="jpcrp030000-asr-001_E03074-000_2019-08-31_01_2019-11-29.xsd#jpcrp030000-asr_E03074-000_InformationAboutEmployeesOfReportingCompanyTable" xlink:label="InformationAboutEmployeesOfReportingCompanyTable" />
    <link:loc xlink:type="locator" xlink:href="jpcrp030000-asr-001_E03074-000_2019-08-31_01_2019-11-29.xsd#jpcrp030000-asr_E03074-000_InformationAboutEmployeesOfReportingCompanyLineItems" xlink:label="InformationAboutEmployeesOfReportingCompanyLineItems" />
    <link:loc xlink:type="locator" xlink:href="jpcrp030000-asr-001_E03074-000_2019-08-31_01_2019-11-29.xsd#jpcrp030000-asr_E03074-000_BusinessRestructuringReserves" xlink:label="BusinessRestructuringReserves" />
    <link:loc xlink:type="locator" xlink:href="jpcrp030000-asr-001_E03074-000_2019-08-31_01_2019-11-29.xsd#jpcrp030000-asr_E03074-000_ChangesInTheAmountOfBusinessStructureImprovementAllowanceDecreaseOpeCF" xlink:label="ChangesInTheAmountOfBusinessStructureImprovementAllowanceDecreaseOpeCF" />
    <link:loc xlink:type="locator" xlink:href="jpcrp030000-asr-001_E03074-000_2019-08-31_01_2019-11-29.xsd#jpcrp030000-asr_E03074-000_GainOnReversalOfAssetRetirementObligationsOpeCF" xlink:label="GainOnReversalOfAssetRetirementObligationsOpeCF" />
    <link:loc xlink:type="locator" xlink:href="jpcrp030000-asr-001_E03074-000_2019-08-31_01_2019-11-29.xsd#jpcrp030000-asr_E03074-000_GrossOperatingProfit" xlink:label="GrossOperatingProfit" />
    <link:loc xlink:type="locator" xlink:href="jpcrp030000-asr-001_E03074-000_2019-08-31_01_2019-11-29.xsd#jpcrp030000-asr_E03074-000_VendingMachineCommissionNOI" xlink:label="VendingMachineCommissionNOI" />
    <link:loc xlink:type="locator" xlink:href="jpcrp030000-asr-001_E03074-000_2019-08-31_01_2019-11-29.xsd#jpcrp030000-asr_E03074-000_RentalPaymentsNOE" xlink:label="RentalPaymentsNOE" />
    <link:loc xlink:type="locator" xlink:href="jpcrp030000-asr-001_E03074-000_2019-08-31_01_2019-11-29.xsd#jpcrp030000-asr_E03074-000_GainOnReversalOfAssetRetirementObligationsEL" xlink:label="GainOnReversalOfAssetRetirementObligationsEL" />
    <link:loc xlink:type="locator" xlink:href="jpcrp030000-asr-001_E03074-000_2019-08-31_01_2019-11-29.xsd#jpcrp030000-asr_E03074-000_BusinessStructuralReformRelatedExpensesEL" xlink:label="BusinessStructuralReformRelatedExpensesEL" />
    <link:loc xlink:type="locator" xlink:href="jpcrp030000-asr-001_E03074-000_2019-08-31_01_2019-11-29.xsd#jpcrp030000-asr_E03074-000_NotesRegardingBusinessStructuralReformRelatedExpensesTextBlock" xlink:label="NotesRegardingBusinessStructuralReformRelatedExpensesTextBlock" />
    <link:loc xlink:type="locator" xlink:href="jpcrp030000-asr-001_E03074-000_2019-08-31_01_2019-11-29.xsd#jpcrp030000-asr_E03074-000_NotesRegardingTransferToOtherAccountTextBlock" xlink:label="NotesRegardingTransferToOtherAccountTextBlock" />
    <link:loc xlink:type="locator" xlink:href="jpcrp030000-asr-001_E03074-000_2019-08-31_01_2019-11-29.xsd#jpcrp030000-asr_E03074-000_NotesRegardingLossOnDisposalOfNonCurrentAssetsTextBlock" xlink:label="NotesRegardingLossOnDisposalOfNonCurrentAssetsTextBlock" />
    <link:loc xlink:type="locator" xlink:href="jpcrp030000-asr-001_E03074-000_2019-08-31_01_2019-11-29.xsd#jpcrp030000-asr_E03074-000_ManagementAnalysisOfFinancialPositionOperatingResultsAndCashFlowsHeading" xlink:label="ManagementAnalysisOfFinancialPositionOperatingResultsAndCashFlowsHeading" />
    <link:loc xlink:type="locator" xlink:href="jpcrp030000-asr-001_E03074-000_2019-08-31_01_2019-11-29.xsd#jpcrp030000-asr_E03074-000_ManagementAnalysisOfFinancialPositionOperatingResultsAndCashFlowsTextBlock" xlink:label="ManagementAnalysisOfFinancialPositionOperatingResultsAndCashFlowsTextBlock" />
    <link:loc xlink:type="locator" xlink:href="jpcrp030000-asr-001_E03074-000_2019-08-31_01_2019-11-29.xsd#jpcrp030000-asr_E03074-000_OtherInformationAboutShareAcquisitionRightsHeading" xlink:label="OtherInformationAboutShareAcquisitionRightsHeading" />
    <link:loc xlink:type="locator" xlink:href="jpcrp030000-asr-001_E03074-000_2019-08-31_01_2019-11-29.xsd#jpcrp030000-asr_E03074-000_OtherInformationAboutShareAcquisitionRightsTextBlock" xlink:label="OtherInformationAboutShareAcquisitionRightsTextBlock" />
    <link:loc xlink:type="locator" xlink:href="jpcrp030000-asr-001_E03074-000_2019-08-31_01_2019-11-29.xsd#jpcrp030000-asr_E03074-000_OverviewOfCorporateGovernanceHeading" xlink:label="OverviewOfCorporateGovernanceHeading" />
    <link:loc xlink:type="locator" xlink:href="jpcrp030000-asr-001_E03074-000_2019-08-31_01_2019-11-29.xsd#jpcrp030000-asr_E03074-000_OverviewOfCorporateGovernanceTextBlock" xlink:label="OverviewOfCorporateGovernanceTextBlock" />
    <link:loc xlink:type="locator" xlink:href="jpcrp030000-asr-001_E03074-000_2019-08-31_01_2019-11-29.xsd#jpcrp030000-asr_E03074-000_OutsideDirectorsAndOutsideCorporateAuditorsInformationAboutDirectorsAndOtherOfficersTextBlock" xlink:label="OutsideDirectorsAndOutsideCorporateAuditorsInformationAboutDirectorsAndOtherOfficersTextBlock" />
    <link:loc xlink:type="locator" xlink:href="jpcrp030000-asr-001_E03074-000_2019-08-31_01_2019-11-29.xsd#jpcrp030000-asr_E03074-000_InformationAboutAuditsHeading" xlink:label="InformationAboutAuditsHeading" />
    <link:loc xlink:type="locator" xlink:href="jpcrp030000-asr-001_E03074-000_2019-08-31_01_2019-11-29.xsd#jpcrp030000-asr_E03074-000_InformationAboutAuditsTextBlock" xlink:label="InformationAboutAuditsTextBlock" />
    <link:loc xlink:type="locator" xlink:href="jpcrp030000-asr-001_E03074-000_2019-08-31_01_2019-11-29.xsd#jpcrp030000-asr_E03074-000_RemunerationForDirectorsAndOtherOfficersHeading" xlink:label="RemunerationForDirectorsAndOtherOfficersHeading" />
    <link:loc xlink:type="locator" xlink:href="jpcrp030000-asr-001_E03074-000_2019-08-31_01_2019-11-29.xsd#jpcrp030000-asr_E03074-000_RemunerationForDirectorsAndOtherOfficersTextBlock" xlink:label="RemunerationForDirectorsAndOtherOfficersTextBlock" />
    <link:loc xlink:type="locator" xlink:href="jpcrp030000-asr-001_E03074-000_2019-08-31_01_2019-11-29.xsd#jpcrp030000-asr_E03074-000_EquitySecuritiesHeldHeading" xlink:label="EquitySecuritiesHeldHeading" />
    <link:loc xlink:type="locator" xlink:href="jpcrp030000-asr-001_E03074-000_2019-08-31_01_2019-11-29.xsd#jpcrp030000-asr_E03074-000_EquitySecuritiesHeldTextBlock" xlink:label="EquitySecuritiesHeldTextBlock" />
    <link:loc xlink:type="locator" xlink:href="jpcrp030000-asr-001_E03074-000_2019-08-31_01_2019-11-29.xsd#jpcrp030000-asr_E03074-000_TotalShareholderReturn" xlink:label="TotalShareholderReturn" />
    <link:loc xlink:type="locator" xlink:href="jpcrp030000-asr-001_E03074-000_2019-08-31_01_2019-11-29.xsd#jpcrp030000-asr_E03074-000_TotalReturnOnSharePriceIndex" xlink:label="TotalReturnOnSharePriceIndex" />
    <link:loc xlink:type="locator" xlink:href="jpcrp030000-asr-001_E03074-000_2019-08-31_01_2019-11-29.xsd#jpcrp030000-asr_E03074-000_OfficialTitleOrPositionInformationAboutDirectorsAndCorporateAuditors" xlink:label="OfficialTitleOrPositionInformationAboutDirectorsAndCorporateAuditors" />
    <link:loc xlink:type="locator" xlink:href="jpcrp030000-asr-001_E03074-000_2019-08-31_01_2019-11-29.xsd#jpcrp030000-asr_E03074-000_EquitySecuritiesNotListedInvestmentEquitySecuritiesHeldForPurposesOtherThanPureInvestmentReportingCompanyAbstract" xlink:label="EquitySecuritiesNotListedInvestmentEquitySecuritiesHeldForPurposesOtherThanPureInvestmentReportingCompanyAbstract" />
    <link:loc xlink:type="locator" xlink:href="jpcrp030000-asr-001_E03074-000_2019-08-31_01_2019-11-29.xsd#jpcrp030000-asr_E03074-000_NumberOfNamesOfSecuritiesEquitySecuritiesNotListedInvestmentEquitySecuritiesHeldForPurposesOtherThanPureInvestmentReportingCompany" xlink:label="NumberOfNamesOfSecuritiesEquitySecuritiesNotListedInvestmentEquitySecuritiesHeldForPurposesOtherThanPureInvestmentReportingCompany" />
    <link:loc xlink:type="locator" xlink:href="jpcrp030000-asr-001_E03074-000_2019-08-31_01_2019-11-29.xsd#jpcrp030000-asr_E03074-000_BookValueEquitySecuritiesNotListedInvestmentEquitySecuritiesHeldForPurposesOtherThanPureInvestmentReportingCompany" xlink:label="BookValueEquitySecuritiesNotListedInvestmentEquitySecuritiesHeldForPurposesOtherThanPureInvestmentReportingCompany" />
    <link:loc xlink:type="locator" xlink:href="jpcrp030000-asr-001_E03074-000_2019-08-31_01_2019-11-29.xsd#jpcrp030000-asr_E03074-000_EquitySecuritiesOtherThanThoseNotListedInvestmentEquitySecuritiesHeldForPurposesOtherThanPureInvestmentReportingCompanyAbstract" xlink:label="EquitySecuritiesOtherThanThoseNotListedInvestmentEquitySecuritiesHeldForPurposesOtherThanPureInvestmentReportingCompanyAbstract" />
    <link:loc xlink:type="locator" xlink:href="jpcrp030000-asr-001_E03074-000_2019-08-31_01_2019-11-29.xsd#jpcrp030000-asr_E03074-000_NumberOfNamesOfSecuritiesEquitySecuritiesOtherThanThoseNotListedInvestmentEquitySecuritiesHeldForPurposesOtherThanPureInvestmentReportingCompany" xlink:label="NumberOfNamesOfSecuritiesEquitySecuritiesOtherThanThoseNotListedInvestmentEquitySecuritiesHeldForPurposesOtherThanPureInvestmentReportingCompany" />
    <link:loc xlink:type="locator" xlink:href="jpcrp030000-asr-001_E03074-000_2019-08-31_01_2019-11-29.xsd#jpcrp030000-asr_E03074-000_BookValueEquitySecuritiesOtherThanThoseNotListedInvestmentEquitySecuritiesHeldForPurposesOtherThanPureInvestmentReportingCompany" xlink:label="BookValueEquitySecuritiesOtherThanThoseNotListedInvestmentEquitySecuritiesHeldForPurposesOtherThanPureInvestmentReportingCompany" />
    <link:loc xlink:type="locator" xlink:href="jpcrp030000-asr-001_E03074-000_2019-08-31_01_2019-11-29.xsd#jpcrp030000-asr_E03074-000_WhetherIssuerOfAforementionedSharesHoldsReportingCompanysSharesDetailsOfSpecifiedInvestmentEquitySecuritiesHeldForPurposesOtherThanPureInvestmentReportingCompany" xlink:label="WhetherIssuerOfAforementionedSharesHoldsReportingCompanysSharesDetailsOfSpecifiedInvestmentEquitySecuritiesHeldForPurposesOtherThanPureInvestmentReportingCompany" />
    <link:loc xlink:type="locator" xlink:href="jpcrp030000-asr-001_E03074-000_2019-08-31_01_2019-11-29.xsd#jpcrp030000-asr_E03074-000_IMAIHIKARIMember" xlink:label="IMAIHIKARIMember" />
    <link:loc xlink:type="locator" xlink:href="jpcrp030000-asr-001_E03074-000_2019-08-31_01_2019-11-29.xsd#jpcrp030000-asr_E03074-000_NISIKAWAHIDEHIKOMember" xlink:label="NISIKAWAHIDEHIKOMember" />
    <link:loc xlink:type="locator" xlink:href="jpcrp030000-asr-001_E03074-000_2019-08-31_01_2019-11-29.xsd#jpcrp030000-asr_E03074-000_OKANOTAKAAKIMember" xlink:label="OKANOTAKAAKIMember" />
    <link:loc xlink:type="locator" xlink:href="jpcrp030000-asr-001_E03074-000_2019-08-31_01_2019-11-29.xsd#jpcrp030000-asr_E03074-000_KUSIDASIGEYUKIMember" xlink:label="KUSIDASIGEYUKIMember" />
    <link:loc xlink:type="locator" xlink:href="jpcrp030000-asr-001_E03074-000_2019-08-31_01_2019-11-29.xsd#jpcrp030000-asr_E03074-000_OOSIMAKOUITIROUMember" xlink:label="OOSIMAKOUITIROUMember" />
    <link:loc xlink:type="locator" xlink:href="jpcrp030000-asr-001_E03074-000_2019-08-31_01_2019-11-29.xsd#jpcrp030000-asr_E03074-000_HOSOKAWATADAHIROMember" xlink:label="HOSOKAWATADAHIROMember" />
    <link:loc xlink:type="locator" xlink:href="jpcrp030000-asr-001_E03074-000_2019-08-31_01_2019-11-29.xsd#jpcrp030000-asr_E03074-000_ORIMOTOKAZUYAMember" xlink:label="ORIMOTOKAZUYAMember" />
    <link:loc xlink:type="locator" xlink:href="jpcrp030000-asr-001_E03074-000_2019-08-31_01_2019-11-29.xsd#jpcrp030000-asr_E03074-000_KUBOMURAYASUSIMember" xlink:label="KUBOMURAYASUSIMember" />
    <link:loc xlink:type="locator" xlink:href="jpcrp030000-asr-001_E03074-000_2019-08-31_01_2019-11-29.xsd#jpcrp030000-asr_E03074-000_TAJIMAKOUJIMember" xlink:label="TAJIMAKOUJIMember" />
    <link:label xlink:type="resource" xlink:label="label_InformationAboutEmployeesOfReportingCompanyTable" xml:lang="en" xlink:role="http://www.xbrl.org/2003/role/label" id="label_InformationAboutEmployeesOfReportingCompanyTable">Information about employees of reporting company</link:label>
    <link:labelArc xlink:type="arc" xlink:arcrole="http://www.xbrl.org/2003/arcrole/concept-label" xlink:from="InformationAboutEmployeesOfReportingCompanyTable" xlink:to="label_InformationAboutEmployeesOfReportingCompanyTable" />
    <link:label xlink:type="resource" xlink:label="label_InformationAboutEmployeesOfReportingCompanyTable_2" xml:lang="en" xlink:role="http://www.xbrl.org/2003/role/verboseLabel" id="label_InformationAboutEmployeesOfReportingCompanyTable_2">Information about employees of reporting company [table]</link:label>
    <link:labelArc xlink:type="arc" xlink:arcrole="http://www.xbrl.org/2003/arcrole/concept-label" xlink:from="InformationAboutEmployeesOfReportingCompanyTable" xlink:to="label_InformationAboutEmployeesOfReportingCompanyTable_2" />
    <link:label xlink:type="resource" xlink:label="label_InformationAboutEmployeesOfReportingCompanyLineItems" xml:lang="en" xlink:role="http://www.xbrl.org/2003/role/label" id="label_InformationAboutEmployeesOfReportingCompanyLineItems">Information about employees of reporting company</link:label>
    <link:labelArc xlink:type="arc" xlink:arcrole="http://www.xbrl.org/2003/arcrole/concept-label" xlink:from="InformationAboutEmployeesOfReportingCompanyLineItems" xlink:to="label_InformationAboutEmployeesOfReportingCompanyLineItems" />
    <link:label xlink:type="resource" xlink:label="label_InformationAboutEmployeesOfReportingCompanyLineItems_2" xml:lang="en" xlink:role="http://www.xbrl.org/2003/role/verboseLabel" id="label_InformationAboutEmployeesOfReportingCompanyLineItems_2">Information about employees of reporting company [line items]</link:label>
    <link:labelArc xlink:type="arc" xlink:arcrole="http://www.xbrl.org/2003/arcrole/concept-label" xlink:from="InformationAboutEmployeesOfReportingCompanyLineItems" xlink:to="label_InformationAboutEmployeesOfReportingCompanyLineItems_2" />
    <link:label xlink:type="resource" xlink:label="label_NotesRegardingBusinessStructuralReformRelatedExpensesTextBlock" xml:lang="en" xlink:role="http://www.xbrl.org/2003/role/label" id="label_NotesRegardingBusinessStructuralReformRelatedExpensesTextBlock">Notes regarding business structural reform-related expenses</link:label>
    <link:labelArc xlink:type="arc" xlink:arcrole="http://www.xbrl.org/2003/arcrole/concept-label" xlink:from="NotesRegardingBusinessStructuralReformRelatedExpensesTextBlock" xlink:to="label_NotesRegardingBusinessStructuralReformRelatedExpensesTextBlock" />
    <link:label xlink:type="resource" xlink:label="label_NotesRegardingBusinessStructuralReformRelatedExpensesTextBlock_2" xml:lang="en" xlink:role="http://www.xbrl.org/2003/role/verboseLabel" id="label_NotesRegardingBusinessStructuralReformRelatedExpensesTextBlock_2">Notes regarding business structural reform-related expenses [text block]</link:label>
    <link:labelArc xlink:type="arc" xlink:arcrole="http://www.xbrl.org/2003/arcrole/concept-label" xlink:from="NotesRegardingBusinessStructuralReformRelatedExpensesTextBlock" xlink:to="label_NotesRegardingBusinessStructuralReformRelatedExpensesTextBlock_2" />
    <link:label xlink:type="resource" xlink:label="label_NotesRegardingTransferToOtherAccountTextBlock" xml:lang="en" xlink:role="http://www.xbrl.org/2003/role/label" id="label_NotesRegardingTransferToOtherAccountTextBlock">Notes regarding transfer to other account</link:label>
    <link:labelArc xlink:type="arc" xlink:arcrole="http://www.xbrl.org/2003/arcrole/concept-label" xlink:from="NotesRegardingTransferToOtherAccountTextBlock" xlink:to="label_NotesRegardingTransferToOtherAccountTextBlock" />
    <link:label xlink:type="resource" xlink:label="label_NotesRegardingTransferToOtherAccountTextBlock_2" xml:lang="en" xlink:role="http://www.xbrl.org/2003/role/verboseLabel" id="label_NotesRegardingTransferToOtherAccountTextBlock_2">Notes regarding transfer to other account [text block]</link:label>
    <link:labelArc xlink:type="arc" xlink:arcrole="http://www.xbrl.org/2003/arcrole/concept-label" xlink:from="NotesRegardingTransferToOtherAccountTextBlock" xlink:to="label_NotesRegardingTransferToOtherAccountTextBlock_2" />
    <link:label xlink:type="resource" xlink:label="label_NotesRegardingLossOnDisposalOfNonCurrentAssetsTextBlock" xml:lang="en" xlink:role="http://www.xbrl.org/2003/role/label" id="label_NotesRegardingLossOnDisposalOfNonCurrentAssetsTextBlock">Notes regarding loss on disposal of non-current assets</link:label>
    <link:labelArc xlink:type="arc" xlink:arcrole="http://www.xbrl.org/2003/arcrole/concept-label" xlink:from="NotesRegardingLossOnDisposalOfNonCurrentAssetsTextBlock" xlink:to="label_NotesRegardingLossOnDisposalOfNonCurrentAssetsTextBlock" />
    <link:label xlink:type="resource" xlink:label="label_NotesRegardingLossOnDisposalOfNonCurrentAssetsTextBlock_2" xml:lang="en" xlink:role="http://www.xbrl.org/2003/role/verboseLabel" id="label_NotesRegardingLossOnDisposalOfNonCurrentAssetsTextBlock_2">Notes regarding loss on disposal of non-current assets [text block]</link:label>
    <link:labelArc xlink:type="arc" xlink:arcrole="http://www.xbrl.org/2003/arcrole/concept-label" xlink:from="NotesRegardingLossOnDisposalOfNonCurrentAssetsTextBlock" xlink:to="label_NotesRegardingLossOnDisposalOfNonCurrentAssetsTextBlock_2" />
    <link:label xlink:type="resource" xlink:label="label_TotalShareholderReturn" xml:lang="en" xlink:role="http://www.xbrl.org/2003/role/label" id="label_TotalShareholderReturn">Total shareholder return</link:label>
    <link:labelArc xlink:type="arc" xlink:arcrole="http://www.xbrl.org/2003/arcrole/concept-label" xlink:from="TotalShareholderReturn" xlink:to="label_TotalShareholderReturn" />
    <link:label xlink:type="resource" xlink:label="label_TotalShareholderReturn_2" xml:lang="en" xlink:role="http://www.xbrl.org/2003/role/verboseLabel" id="label_TotalShareholderReturn_2">Total shareholder return</link:label>
    <link:labelArc xlink:type="arc" xlink:arcrole="http://www.xbrl.org/2003/arcrole/concept-label" xlink:from="TotalShareholderReturn" xlink:to="label_TotalShareholderReturn_2" />
    <link:label xlink:type="resource" xlink:label="label_TotalReturnOnSharePriceIndex" xml:lang="en" xlink:role="http://www.xbrl.org/2003/role/label" id="label_TotalReturnOnSharePriceIndex">Total return on share price index</link:label>
    <link:labelArc xlink:type="arc" xlink:arcrole="http://www.xbrl.org/2003/arcrole/concept-label" xlink:from="TotalReturnOnSharePriceIndex" xlink:to="label_TotalReturnOnSharePriceIndex" />
    <link:label xlink:type="resource" xlink:label="label_TotalReturnOnSharePriceIndex_2" xml:lang="en" xlink:role="http://www.xbrl.org/2003/role/verboseLabel" id="label_TotalReturnOnSharePriceIndex_2">Total return on share price index</link:label>
    <link:labelArc xlink:type="arc" xlink:arcrole="http://www.xbrl.org/2003/arcrole/concept-label" xlink:from="TotalReturnOnSharePriceIndex" xlink:to="label_TotalReturnOnSharePriceIndex_2" />
    <link:label xlink:type="resource" xlink:label="label_EquitySecuritiesNotListedInvestmentEquitySecuritiesHeldForPurposesOtherThanPureInvestmentReportingCompanyAbstract" xml:lang="en" xlink:role="http://www.xbrl.org/2003/role/label" id="label_EquitySecuritiesNotListedInvestmentEquitySecuritiesHeldForPurposesOtherThanPureInvestmentReportingCompanyAbstract">Equity securities not listed</link:label>
    <link:labelArc xlink:type="arc" xlink:arcrole="http://www.xbrl.org/2003/arcrole/concept-label" xlink:from="EquitySecuritiesNotListedInvestmentEquitySecuritiesHeldForPurposesOtherThanPureInvestmentReportingCompanyAbstract" xlink:to="label_EquitySecuritiesNotListedInvestmentEquitySecuritiesHeldForPurposesOtherThanPureInvestmentReportingCompanyAbstract" />
    <link:label xlink:type="resource" xlink:label="label_EquitySecuritiesNotListedInvestmentEquitySecuritiesHeldForPurposesOtherThanPureInvestmentReportingCompanyAbstract_2" xml:lang="en" xlink:role="http://www.xbrl.org/2003/role/verboseLabel" id="label_EquitySecuritiesNotListedInvestmentEquitySecuritiesHeldForPurposesOtherThanPureInvestmentReportingCompanyAbstract_2">Equity securities not listed, Investment equity securities held for purposes other than pure investment, Reporting company [abstract]</link:label>
    <link:labelArc xlink:type="arc" xlink:arcrole="http://www.xbrl.org/2003/arcrole/concept-label" xlink:from="EquitySecuritiesNotListedInvestmentEquitySecuritiesHeldForPurposesOtherThanPureInvestmentReportingCompanyAbstract" xlink:to="label_EquitySecuritiesNotListedInvestmentEquitySecuritiesHeldForPurposesOtherThanPureInvestmentReportingCompanyAbstract_2" />
    <link:label xlink:type="resource" xlink:label="label_NumberOfNamesOfSecuritiesEquitySecuritiesNotListedInvestmentEquitySecuritiesHeldForPurposesOtherThanPureInvestmentReportingCompany" xml:lang="en" xlink:role="http://www.xbrl.org/2003/role/label" id="label_NumberOfNamesOfSecuritiesEquitySecuritiesNotListedInvestmentEquitySecuritiesHeldForPurposesOtherThanPureInvestmentReportingCompany">Number of names of securities</link:label>
    <link:labelArc xlink:type="arc" xlink:arcrole="http://www.xbrl.org/2003/arcrole/concept-label" xlink:from="NumberOfNamesOfSecuritiesEquitySecuritiesNotListedInvestmentEquitySecuritiesHeldForPurposesOtherThanPureInvestmentReportingCompany" xlink:to="label_NumberOfNamesOfSecuritiesEquitySecuritiesNotListedInvestmentEquitySecuritiesHeldForPurposesOtherThanPureInvestmentReportingCompany" />
    <link:label xlink:type="resource" xlink:label="label_NumberOfNamesOfSecuritiesEquitySecuritiesNotListedInvestmentEquitySecuritiesHeldForPurposesOtherThanPureInvestmentReportingCompany_2" xml:lang="en" xlink:role="http://www.xbrl.org/2003/role/verboseLabel" id="label_NumberOfNamesOfSecuritiesEquitySecuritiesNotListedInvestmentEquitySecuritiesHeldForPurposesOtherThanPureInvestmentReportingCompany_2">Number of names of securities, Equity securities not listed, Investment equity securities held for purposes other than pure investment, Reporting company</link:label>
    <link:labelArc xlink:type="arc" xlink:arcrole="http://www.xbrl.org/2003/arcrole/concept-label" xlink:from="NumberOfNamesOfSecuritiesEquitySecuritiesNotListedInvestmentEquitySecuritiesHeldForPurposesOtherThanPureInvestmentReportingCompany" xlink:to="label_NumberOfNamesOfSecuritiesEquitySecuritiesNotListedInvestmentEquitySecuritiesHeldForPurposesOtherThanPureInvestmentReportingCompany_2" />
    <link:label xlink:type="resource" xlink:label="label_BookValueEquitySecuritiesNotListedInvestmentEquitySecuritiesHeldForPurposesOtherThanPureInvestmentReportingCompany" xml:lang="en" xlink:role="http://www.xbrl.org/2003/role/label" id="label_BookValueEquitySecuritiesNotListedInvestmentEquitySecuritiesHeldForPurposesOtherThanPureInvestmentReportingCompany">Book value</link:label>
    <link:labelArc xlink:type="arc" xlink:arcrole="http://www.xbrl.org/2003/arcrole/concept-label" xlink:from="BookValueEquitySecuritiesNotListedInvestmentEquitySecuritiesHeldForPurposesOtherThanPureInvestmentReportingCompany" xlink:to="label_BookValueEquitySecuritiesNotListedInvestmentEquitySecuritiesHeldForPurposesOtherThanPureInvestmentReportingCompany" />
    <link:label xlink:type="resource" xlink:label="label_BookValueEquitySecuritiesNotListedInvestmentEquitySecuritiesHeldForPurposesOtherThanPureInvestmentReportingCompany_2" xml:lang="en" xlink:role="http://www.xbrl.org/2003/role/verboseLabel" id="label_BookValueEquitySecuritiesNotListedInvestmentEquitySecuritiesHeldForPurposesOtherThanPureInvestmentReportingCompany_2">Book value, Equity securities not listed, Investment equity securities held for purposes other than pure investment, Reporting company</link:label>
    <link:labelArc xlink:type="arc" xlink:arcrole="http://www.xbrl.org/2003/arcrole/concept-label" xlink:from="BookValueEquitySecuritiesNotListedInvestmentEquitySecuritiesHeldForPurposesOtherThanPureInvestmentReportingCompany" xlink:to="label_BookValueEquitySecuritiesNotListedInvestmentEquitySecuritiesHeldForPurposesOtherThanPureInvestmentReportingCompany_2" />
    <link:label xlink:type="resource" xlink:label="label_EquitySecuritiesOtherThanThoseNotListedInvestmentEquitySecuritiesHeldForPurposesOtherThanPureInvestmentReportingCompanyAbstract" xml:lang="en" xlink:role="http://www.xbrl.org/2003/role/label" id="label_EquitySecuritiesOtherThanThoseNotListedInvestmentEquitySecuritiesHeldForPurposesOtherThanPureInvestmentReportingCompanyAbstract">Equity securities other than those not listed</link:label>
    <link:labelArc xlink:type="arc" xlink:arcrole="http://www.xbrl.org/2003/arcrole/concept-label" xlink:from="EquitySecuritiesOtherThanThoseNotListedInvestmentEquitySecuritiesHeldForPurposesOtherThanPureInvestmentReportingCompanyAbstract" xlink:to="label_EquitySecuritiesOtherThanThoseNotListedInvestmentEquitySecuritiesHeldForPurposesOtherThanPureInvestmentReportingCompanyAbstract" />
    <link:label xlink:type="resource" xlink:label="label_EquitySecuritiesOtherThanThoseNotListedInvestmentEquitySecuritiesHeldForPurposesOtherThanPureInvestmentReportingCompanyAbstract_2" xml:lang="en" xlink:role="http://www.xbrl.org/2003/role/verboseLabel" id="label_EquitySecuritiesOtherThanThoseNotListedInvestmentEquitySecuritiesHeldForPurposesOtherThanPureInvestmentReportingCompanyAbstract_2">Equity securities other than those not listed, Investment equity securities held for purposes other than pure investment, Reporting company [abstract]</link:label>
    <link:labelArc xlink:type="arc" xlink:arcrole="http://www.xbrl.org/2003/arcrole/concept-label" xlink:from="EquitySecuritiesOtherThanThoseNotListedInvestmentEquitySecuritiesHeldForPurposesOtherThanPureInvestmentReportingCompanyAbstract" xlink:to="label_EquitySecuritiesOtherThanThoseNotListedInvestmentEquitySecuritiesHeldForPurposesOtherThanPureInvestmentReportingCompanyAbstract_2" />
    <link:label xlink:type="resource" xlink:label="label_NumberOfNamesOfSecuritiesEquitySecuritiesOtherThanThoseNotListedInvestmentEquitySecuritiesHeldForPurposesOtherThanPureInvestmentReportingCompany" xml:lang="en" xlink:role="http://www.xbrl.org/2003/role/label" id="label_NumberOfNamesOfSecuritiesEquitySecuritiesOtherThanThoseNotListedInvestmentEquitySecuritiesHeldForPurposesOtherThanPureInvestmentReportingCompany">Number of names of securities</link:label>
    <link:labelArc xlink:type="arc" xlink:arcrole="http://www.xbrl.org/2003/arcrole/concept-label" xlink:from="NumberOfNamesOfSecuritiesEquitySecuritiesOtherThanThoseNotListedInvestmentEquitySecuritiesHeldForPurposesOtherThanPureInvestmentReportingCompany" xlink:to="label_NumberOfNamesOfSecuritiesEquitySecuritiesOtherThanThoseNotListedInvestmentEquitySecuritiesHeldForPurposesOtherThanPureInvestmentReportingCompany" />
    <link:label xlink:type="resource" xlink:label="label_NumberOfNamesOfSecuritiesEquitySecuritiesOtherThanThoseNotListedInvestmentEquitySecuritiesHeldForPurposesOtherThanPureInvestmentReportingCompany_2" xml:lang="en" xlink:role="http://www.xbrl.org/2003/role/verboseLabel" id="label_NumberOfNamesOfSecuritiesEquitySecuritiesOtherThanThoseNotListedInvestmentEquitySecuritiesHeldForPurposesOtherThanPureInvestmentReportingCompany_2">Number of names of securities, Equity securities other than those not listed, Investment equity securities held for purposes other than pure investment, Reporting company</link:label>
    <link:labelArc xlink:type="arc" xlink:arcrole="http://www.xbrl.org/2003/arcrole/concept-label" xlink:from="NumberOfNamesOfSecuritiesEquitySecuritiesOtherThanThoseNotListedInvestmentEquitySecuritiesHeldForPurposesOtherThanPureInvestmentReportingCompany" xlink:to="label_NumberOfNamesOfSecuritiesEquitySecuritiesOtherThanThoseNotListedInvestmentEquitySecuritiesHeldForPurposesOtherThanPureInvestmentReportingCompany_2" />
    <link:label xlink:type="resource" xlink:label="label_BookValueEquitySecuritiesOtherThanThoseNotListedInvestmentEquitySecuritiesHeldForPurposesOtherThanPureInvestmentReportingCompany" xml:lang="en" xlink:role="http://www.xbrl.org/2003/role/label" id="label_BookValueEquitySecuritiesOtherThanThoseNotListedInvestmentEquitySecuritiesHeldForPurposesOtherThanPureInvestmentReportingCompany">Book value</link:label>
    <link:labelArc xlink:type="arc" xlink:arcrole="http://www.xbrl.org/2003/arcrole/concept-label" xlink:from="BookValueEquitySecuritiesOtherThanThoseNotListedInvestmentEquitySecuritiesHeldForPurposesOtherThanPureInvestmentReportingCompany" xlink:to="label_BookValueEquitySecuritiesOtherThanThoseNotListedInvestmentEquitySecuritiesHeldForPurposesOtherThanPureInvestmentReportingCompany" />
    <link:label xlink:type="resource" xlink:label="label_BookValueEquitySecuritiesOtherThanThoseNotListedInvestmentEquitySecuritiesHeldForPurposesOtherThanPureInvestmentReportingCompany_2" xml:lang="en" xlink:role="http://www.xbrl.org/2003/role/verboseLabel" id="label_BookValueEquitySecuritiesOtherThanThoseNotListedInvestmentEquitySecuritiesHeldForPurposesOtherThanPureInvestmentReportingCompany_2">Book value, Equity securities other than those not listed, Investment equity securities held for purposes other than pure investment, Reporting company</link:label>
    <link:labelArc xlink:type="arc" xlink:arcrole="http://www.xbrl.org/2003/arcrole/concept-label" xlink:from="BookValueEquitySecuritiesOtherThanThoseNotListedInvestmentEquitySecuritiesHeldForPurposesOtherThanPureInvestmentReportingCompany" xlink:to="label_BookValueEquitySecuritiesOtherThanThoseNotListedInvestmentEquitySecuritiesHeldForPurposesOtherThanPureInvestmentReportingCompany_2" />
    <link:label xlink:type="resource" xlink:label="label_GrossOperatingProfit" xml:lang="en" xlink:role="http://www.xbrl.org/2003/role/label" id="label_GrossOperatingProfit">Gross operating profit</link:label>
    <link:labelArc xlink:type="arc" xlink:arcrole="http://www.xbrl.org/2003/arcrole/concept-label" xlink:from="GrossOperatingProfit" xlink:to="label_GrossOperatingProfit" />
    <link:label xlink:type="resource" xlink:label="label_GrossOperatingProfit_2" xml:lang="en" xlink:role="http://www.xbrl.org/2003/role/verboseLabel" id="label_GrossOperatingProfit_2">Gross operating profit</link:label>
    <link:labelArc xlink:type="arc" xlink:arcrole="http://www.xbrl.org/2003/arcrole/concept-label" xlink:from="GrossOperatingProfit" xlink:to="label_GrossOperatingProfit_2" />
    <link:label xlink:type="resource" xlink:label="label_VendingMachineCommissionNOI" xml:lang="en" xlink:role="http://www.xbrl.org/2003/role/label" id="label_VendingMachineCommissionNOI">Vending machine commission</link:label>
    <link:labelArc xlink:type="arc" xlink:arcrole="http://www.xbrl.org/2003/arcrole/concept-label" xlink:from="VendingMachineCommissionNOI" xlink:to="label_VendingMachineCommissionNOI" />
    <link:label xlink:type="resource" xlink:label="label_VendingMachineCommissionNOI_2" xml:lang="en" xlink:role="http://www.xbrl.org/2003/role/verboseLabel" id="label_VendingMachineCommissionNOI_2">Vending machine commission-NOI</link:label>
    <link:labelArc xlink:type="arc" xlink:arcrole="http://www.xbrl.org/2003/arcrole/concept-label" xlink:from="VendingMachineCommissionNOI" xlink:to="label_VendingMachineCommissionNOI_2" />
    <link:label xlink:type="resource" xlink:label="label_RentalPaymentsNOE" xml:lang="en" xlink:role="http://www.xbrl.org/2003/role/label" id="label_RentalPaymentsNOE">Rental payments</link:label>
    <link:labelArc xlink:type="arc" xlink:arcrole="http://www.xbrl.org/2003/arcrole/concept-label" xlink:from="RentalPaymentsNOE" xlink:to="label_RentalPaymentsNOE" />
    <link:label xlink:type="resource" xlink:label="label_RentalPaymentsNOE_2" xml:lang="en" xlink:role="http://www.xbrl.org/2003/role/verboseLabel" id="label_RentalPaymentsNOE_2">Rental payments-NOE</link:label>
    <link:labelArc xlink:type="arc" xlink:arcrole="http://www.xbrl.org/2003/arcrole/concept-label" xlink:from="RentalPaymentsNOE" xlink:to="label_RentalPaymentsNOE_2" />
    <link:label xlink:type="resource" xlink:label="label_GainOnReversalOfAssetRetirementObligationsEL" xml:lang="en" xlink:role="http://www.xbrl.org/2003/role/label" id="label_GainOnReversalOfAssetRetirementObligationsEL">Gain on reversal of asset retirement obligations</link:label>
    <link:labelArc xlink:type="arc" xlink:arcrole="http://www.xbrl.org/2003/arcrole/concept-label" xlink:from="GainOnReversalOfAssetRetirementObligationsEL" xlink:to="label_GainOnReversalOfAssetRetirementObligationsEL" />
    <link:label xlink:type="resource" xlink:label="label_GainOnReversalOfAssetRetirementObligationsEL_2" xml:lang="en" xlink:role="http://www.xbrl.org/2003/role/verboseLabel" id="label_GainOnReversalOfAssetRetirementObligationsEL_2">Gain on reversal of asset retirement obligations-EL</link:label>
    <link:labelArc xlink:type="arc" xlink:arcrole="http://www.xbrl.org/2003/arcrole/concept-label" xlink:from="GainOnReversalOfAssetRetirementObligationsEL" xlink:to="label_GainOnReversalOfAssetRetirementObligationsEL_2" />
    <link:label xlink:type="resource" xlink:label="label_BusinessStructuralReformRelatedExpensesEL" xml:lang="en" xlink:role="http://www.xbrl.org/2003/role/label" id="label_BusinessStructuralReformRelatedExpensesEL">Business structural reform-related expenses</link:label>
    <link:labelArc xlink:type="arc" xlink:arcrole="http://www.xbrl.org/2003/arcrole/concept-label" xlink:from="BusinessStructuralReformRelatedExpensesEL" xlink:to="label_BusinessStructuralReformRelatedExpensesEL" />
    <link:label xlink:type="resource" xlink:label="label_BusinessStructuralReformRelatedExpensesEL_2" xml:lang="en" xlink:role="http://www.xbrl.org/2003/role/verboseLabel" id="label_BusinessStructuralReformRelatedExpensesEL_2">Business structural reform-related expenses-EL</link:label>
    <link:labelArc xlink:type="arc" xlink:arcrole="http://www.xbrl.org/2003/arcrole/concept-label" xlink:from="BusinessStructuralReformRelatedExpensesEL" xlink:to="label_BusinessStructuralReformRelatedExpensesEL_2" />
    <link:label xlink:type="resource" xlink:label="label_WhetherIssuerOfAforementionedSharesHoldsReportingCompanysSharesDetailsOfSpecifiedInvestmentEquitySecuritiesHeldForPurposesOtherThanPureInvestmentReportingCompany" xml:lang="en" xlink:role="http://www.xbrl.org/2003/role/label" id="label_WhetherIssuerOfAforementionedSharesHoldsReportingCompanysSharesDetailsOfSpecifiedInvestmentEquitySecuritiesHeldForPurposesOtherThanPureInvestmentReportingCompany">Whether issuer of aforementioned shares holds reporting company's shares</link:label>
    <link:labelArc xlink:type="arc" xlink:arcrole="http://www.xbrl.org/2003/arcrole/concept-label" xlink:from="WhetherIssuerOfAforementionedSharesHoldsReportingCompanysSharesDetailsOfSpecifiedInvestmentEquitySecuritiesHeldForPurposesOtherThanPureInvestmentReportingCompany" xlink:to="label_WhetherIssuerOfAforementionedSharesHoldsReportingCompanysSharesDetailsOfSpecifiedInvestmentEquitySecuritiesHeldForPurposesOtherThanPureInvestmentReportingCompany" />
    <link:label xlink:type="resource" xlink:label="label_WhetherIssuerOfAforementionedSharesHoldsReportingCompanysSharesDetailsOfSpecifiedInvestmentEquitySecuritiesHeldForPurposesOtherThanPureInvestmentReportingCompany_2" xml:lang="en" xlink:role="http://www.xbrl.org/2003/role/verboseLabel" id="label_WhetherIssuerOfAforementionedSharesHoldsReportingCompanysSharesDetailsOfSpecifiedInvestmentEquitySecuritiesHeldForPurposesOtherThanPureInvestmentReportingCompany_2">Whether issuer of aforementioned shares holds reporting company's shares, Details of specified investment equity securities held for purposes other than pure investment, Reporting company</link:label>
    <link:labelArc xlink:type="arc" xlink:arcrole="http://www.xbrl.org/2003/arcrole/concept-label" xlink:from="WhetherIssuerOfAforementionedSharesHoldsReportingCompanysSharesDetailsOfSpecifiedInvestmentEquitySecuritiesHeldForPurposesOtherThanPureInvestmentReportingCompany" xlink:to="label_WhetherIssuerOfAforementionedSharesHoldsReportingCompanysSharesDetailsOfSpecifiedInvestmentEquitySecuritiesHeldForPurposesOtherThanPureInvestmentReportingCompany_2" />
    <link:label xlink:type="resource" xlink:label="label_ManagementAnalysisOfFinancialPositionOperatingResultsAndCashFlowsHeading" xml:lang="en" xlink:role="http://www.xbrl.org/2003/role/label" id="label_ManagementAnalysisOfFinancialPositionOperatingResultsAndCashFlowsHeading">Management analysis of financial position, operating results and cash flows</link:label>
    <link:labelArc xlink:type="arc" xlink:arcrole="http://www.xbrl.org/2003/arcrole/concept-label" xlink:from="ManagementAnalysisOfFinancialPositionOperatingResultsAndCashFlowsHeading" xlink:to="label_ManagementAnalysisOfFinancialPositionOperatingResultsAndCashFlowsHeading" />
    <link:label xlink:type="resource" xlink:label="label_ManagementAnalysisOfFinancialPositionOperatingResultsAndCashFlowsHeading_2" xml:lang="en" xlink:role="http://www.xbrl.org/2003/role/verboseLabel" id="label_ManagementAnalysisOfFinancialPositionOperatingResultsAndCashFlowsHeading_2">Management analysis of financial position, operating results and cash flows [heading]</link:label>
    <link:labelArc xlink:type="arc" xlink:arcrole="http://www.xbrl.org/2003/arcrole/concept-label" xlink:from="ManagementAnalysisOfFinancialPositionOperatingResultsAndCashFlowsHeading" xlink:to="label_ManagementAnalysisOfFinancialPositionOperatingResultsAndCashFlowsHeading_2" />
    <link:label xlink:type="resource" xlink:label="label_ManagementAnalysisOfFinancialPositionOperatingResultsAndCashFlowsTextBlock" xml:lang="en" xlink:role="http://www.xbrl.org/2003/role/label" id="label_ManagementAnalysisOfFinancialPositionOperatingResultsAndCashFlowsTextBlock">Management analysis of financial position, operating results and cash flows</link:label>
    <link:labelArc xlink:type="arc" xlink:arcrole="http://www.xbrl.org/2003/arcrole/concept-label" xlink:from="ManagementAnalysisOfFinancialPositionOperatingResultsAndCashFlowsTextBlock" xlink:to="label_ManagementAnalysisOfFinancialPositionOperatingResultsAndCashFlowsTextBlock" />
    <link:label xlink:type="resource" xlink:label="label_ManagementAnalysisOfFinancialPositionOperatingResultsAndCashFlowsTextBlock_2" xml:lang="en" xlink:role="http://www.xbrl.org/2003/role/verboseLabel" id="label_ManagementAnalysisOfFinancialPositionOperatingResultsAndCashFlowsTextBlock_2">Management analysis of financial position, operating results and cash flows [text block]</link:label>
    <link:labelArc xlink:type="arc" xlink:arcrole="http://www.xbrl.org/2003/arcrole/concept-label" xlink:from="ManagementAnalysisOfFinancialPositionOperatingResultsAndCashFlowsTextBlock" xlink:to="label_ManagementAnalysisOfFinancialPositionOperatingResultsAndCashFlowsTextBlock_2" />
    <link:label xlink:type="resource" xlink:label="label_OtherInformationAboutShareAcquisitionRightsHeading" xml:lang="en" xlink:role="http://www.xbrl.org/2003/role/label" id="label_OtherInformationAboutShareAcquisitionRightsHeading">Other information about share acquisition rights</link:label>
    <link:labelArc xlink:type="arc" xlink:arcrole="http://www.xbrl.org/2003/arcrole/concept-label" xlink:from="OtherInformationAboutShareAcquisitionRightsHeading" xlink:to="label_OtherInformationAboutShareAcquisitionRightsHeading" />
    <link:label xlink:type="resource" xlink:label="label_OtherInformationAboutShareAcquisitionRightsHeading_2" xml:lang="en" xlink:role="http://www.xbrl.org/2003/role/verboseLabel" id="label_OtherInformationAboutShareAcquisitionRightsHeading_2">Other information about share acquisition rights [heading]</link:label>
    <link:labelArc xlink:type="arc" xlink:arcrole="http://www.xbrl.org/2003/arcrole/concept-label" xlink:from="OtherInformationAboutShareAcquisitionRightsHeading" xlink:to="label_OtherInformationAboutShareAcquisitionRightsHeading_2" />
    <link:label xlink:type="resource" xlink:label="label_OtherInformationAboutShareAcquisitionRightsTextBlock" xml:lang="en" xlink:role="http://www.xbrl.org/2003/role/label" id="label_OtherInformationAboutShareAcquisitionRightsTextBlock">Other information about share acquisition rights</link:label>
    <link:labelArc xlink:type="arc" xlink:arcrole="http://www.xbrl.org/2003/arcrole/concept-label" xlink:from="OtherInformationAboutShareAcquisitionRightsTextBlock" xlink:to="label_OtherInformationAboutShareAcquisitionRightsTextBlock" />
    <link:label xlink:type="resource" xlink:label="label_OtherInformationAboutShareAcquisitionRightsTextBlock_2" xml:lang="en" xlink:role="http://www.xbrl.org/2003/role/verboseLabel" id="label_OtherInformationAboutShareAcquisitionRightsTextBlock_2">Other information about share acquisition rights [text block]</link:label>
    <link:labelArc xlink:type="arc" xlink:arcrole="http://www.xbrl.org/2003/arcrole/concept-label" xlink:from="OtherInformationAboutShareAcquisitionRightsTextBlock" xlink:to="label_OtherInformationAboutShareAcquisitionRightsTextBlock_2" />
    <link:label xlink:type="resource" xlink:label="label_OverviewOfCorporateGovernanceTextBlock" xml:lang="en" xlink:role="http://www.xbrl.org/2003/role/label" id="label_OverviewOfCorporateGovernanceTextBlock">Overview of corporate governance</link:label>
    <link:labelArc xlink:type="arc" xlink:arcrole="http://www.xbrl.org/2003/arcrole/concept-label" xlink:from="OverviewOfCorporateGovernanceTextBlock" xlink:to="label_OverviewOfCorporateGovernanceTextBlock" />
    <link:label xlink:type="resource" xlink:label="label_OverviewOfCorporateGovernanceTextBlock_2" xml:lang="en" xlink:role="http://www.xbrl.org/2003/role/verboseLabel" id="label_OverviewOfCorporateGovernanceTextBlock_2">Overview of corporate governance [text block]</link:label>
    <link:labelArc xlink:type="arc" xlink:arcrole="http://www.xbrl.org/2003/arcrole/concept-label" xlink:from="OverviewOfCorporateGovernanceTextBlock" xlink:to="label_OverviewOfCorporateGovernanceTextBlock_2" />
    <link:label xlink:type="resource" xlink:label="label_OutsideDirectorsAndOutsideCorporateAuditorsInformationAboutDirectorsAndOtherOfficersTextBlock" xml:lang="en" xlink:role="http://www.xbrl.org/2003/role/label" id="label_OutsideDirectorsAndOutsideCorporateAuditorsInformationAboutDirectorsAndOtherOfficersTextBlock">Outside directors (and outside corporate auditors)</link:label>
    <link:labelArc xlink:type="arc" xlink:arcrole="http://www.xbrl.org/2003/arcrole/concept-label" xlink:from="OutsideDirectorsAndOutsideCorporateAuditorsInformationAboutDirectorsAndOtherOfficersTextBlock" xlink:to="label_OutsideDirectorsAndOutsideCorporateAuditorsInformationAboutDirectorsAndOtherOfficersTextBlock" />
    <link:label xlink:type="resource" xlink:label="label_OutsideDirectorsAndOutsideCorporateAuditorsInformationAboutDirectorsAndOtherOfficersTextBlock_2" xml:lang="en" xlink:role="http://www.xbrl.org/2003/role/verboseLabel" id="label_OutsideDirectorsAndOutsideCorporateAuditorsInformationAboutDirectorsAndOtherOfficersTextBlock_2">Outside directors (and outside corporate auditors), Information about directors (and other officers) [text block]</link:label>
    <link:labelArc xlink:type="arc" xlink:arcrole="http://www.xbrl.org/2003/arcrole/concept-label" xlink:from="OutsideDirectorsAndOutsideCorporateAuditorsInformationAboutDirectorsAndOtherOfficersTextBlock" xlink:to="label_OutsideDirectorsAndOutsideCorporateAuditorsInformationAboutDirectorsAndOtherOfficersTextBlock_2" />
    <link:label xlink:type="resource" xlink:label="label_InformationAboutAuditsTextBlock" xml:lang="en" xlink:role="http://www.xbrl.org/2003/role/label" id="label_InformationAboutAuditsTextBlock">Information about audits</link:label>
    <link:labelArc xlink:type="arc" xlink:arcrole="http://www.xbrl.org/2003/arcrole/concept-label" xlink:from="InformationAboutAuditsTextBlock" xlink:to="label_InformationAboutAuditsTextBlock" />
    <link:label xlink:type="resource" xlink:label="label_InformationAboutAuditsTextBlock_2" xml:lang="en" xlink:role="http://www.xbrl.org/2003/role/verboseLabel" id="label_InformationAboutAuditsTextBlock_2">Information about audits [text block]</link:label>
    <link:labelArc xlink:type="arc" xlink:arcrole="http://www.xbrl.org/2003/arcrole/concept-label" xlink:from="InformationAboutAuditsTextBlock" xlink:to="label_InformationAboutAuditsTextBlock_2" />
    <link:label xlink:type="resource" xlink:label="label_RemunerationForDirectorsAndOtherOfficersTextBlock" xml:lang="en" xlink:role="http://www.xbrl.org/2003/role/label" id="label_RemunerationForDirectorsAndOtherOfficersTextBlock">Remuneration for directors (and other officers)</link:label>
    <link:labelArc xlink:type="arc" xlink:arcrole="http://www.xbrl.org/2003/arcrole/concept-label" xlink:from="RemunerationForDirectorsAndOtherOfficersTextBlock" xlink:to="label_RemunerationForDirectorsAndOtherOfficersTextBlock" />
    <link:label xlink:type="resource" xlink:label="label_RemunerationForDirectorsAndOtherOfficersTextBlock_2" xml:lang="en" xlink:role="http://www.xbrl.org/2003/role/verboseLabel" id="label_RemunerationForDirectorsAndOtherOfficersTextBlock_2">Remuneration for directors (and other officers) [text block]</link:label>
    <link:labelArc xlink:type="arc" xlink:arcrole="http://www.xbrl.org/2003/arcrole/concept-label" xlink:from="RemunerationForDirectorsAndOtherOfficersTextBlock" xlink:to="label_RemunerationForDirectorsAndOtherOfficersTextBlock_2" />
    <link:label xlink:type="resource" xlink:label="label_EquitySecuritiesHeldTextBlock" xml:lang="en" xlink:role="http://www.xbrl.org/2003/role/label" id="label_EquitySecuritiesHeldTextBlock">Equity securities held</link:label>
    <link:labelArc xlink:type="arc" xlink:arcrole="http://www.xbrl.org/2003/arcrole/concept-label" xlink:from="EquitySecuritiesHeldTextBlock" xlink:to="label_EquitySecuritiesHeldTextBlock" />
    <link:label xlink:type="resource" xlink:label="label_EquitySecuritiesHeldTextBlock_2" xml:lang="en" xlink:role="http://www.xbrl.org/2003/role/verboseLabel" id="label_EquitySecuritiesHeldTextBlock_2">Equity securities held [text block]</link:label>
    <link:labelArc xlink:type="arc" xlink:arcrole="http://www.xbrl.org/2003/arcrole/concept-label" xlink:from="EquitySecuritiesHeldTextBlock" xlink:to="label_EquitySecuritiesHeldTextBlock_2" />
    <link:label xlink:type="resource" xlink:label="label_OverviewOfCorporateGovernanceHeading" xml:lang="en" xlink:role="http://www.xbrl.org/2003/role/label" id="label_OverviewOfCorporateGovernanceHeading">Overview of corporate governance</link:label>
    <link:labelArc xlink:type="arc" xlink:arcrole="http://www.xbrl.org/2003/arcrole/concept-label" xlink:from="OverviewOfCorporateGovernanceHeading" xlink:to="label_OverviewOfCorporateGovernanceHeading" />
    <link:label xlink:type="resource" xlink:label="label_OverviewOfCorporateGovernanceHeading_2" xml:lang="en" xlink:role="http://www.xbrl.org/2003/role/verboseLabel" id="label_OverviewOfCorporateGovernanceHeading_2">Overview of corporate governance [heading]</link:label>
    <link:labelArc xlink:type="arc" xlink:arcrole="http://www.xbrl.org/2003/arcrole/concept-label" xlink:from="OverviewOfCorporateGovernanceHeading" xlink:to="label_OverviewOfCorporateGovernanceHeading_2" />
    <link:label xlink:type="resource" xlink:label="label_EquitySecuritiesHeldHeading" xml:lang="en" xlink:role="http://www.xbrl.org/2003/role/label" id="label_EquitySecuritiesHeldHeading">Equity securities held</link:label>
    <link:labelArc xlink:type="arc" xlink:arcrole="http://www.xbrl.org/2003/arcrole/concept-label" xlink:from="EquitySecuritiesHeldHeading" xlink:to="label_EquitySecuritiesHeldHeading" />
    <link:label xlink:type="resource" xlink:label="label_EquitySecuritiesHeldHeading_2" xml:lang="en" xlink:role="http://www.xbrl.org/2003/role/verboseLabel" id="label_EquitySecuritiesHeldHeading_2">Equity securities held [heading]</link:label>
    <link:labelArc xlink:type="arc" xlink:arcrole="http://www.xbrl.org/2003/arcrole/concept-label" xlink:from="EquitySecuritiesHeldHeading" xlink:to="label_EquitySecuritiesHeldHeading_2" />
    <link:label xlink:type="resource" xlink:label="label_OfficialTitleOrPositionInformationAboutDirectorsAndCorporateAuditors" xml:lang="en" xlink:role="http://www.xbrl.org/2003/role/label" id="label_OfficialTitleOrPositionInformationAboutDirectorsAndCorporateAuditors">Official title or position</link:label>
    <link:labelArc xlink:type="arc" xlink:arcrole="http://www.xbrl.org/2003/arcrole/concept-label" xlink:from="OfficialTitleOrPositionInformationAboutDirectorsAndCorporateAuditors" xlink:to="label_OfficialTitleOrPositionInformationAboutDirectorsAndCorporateAuditors" />
    <link:label xlink:type="resource" xlink:label="label_OfficialTitleOrPositionInformationAboutDirectorsAndCorporateAuditors_2" xml:lang="en" xlink:role="http://www.xbrl.org/2003/role/verboseLabel" id="label_OfficialTitleOrPositionInformationAboutDirectorsAndCorporateAuditors_2">Official title or position, Information about directors (and corporate auditors)</link:label>
    <link:labelArc xlink:type="arc" xlink:arcrole="http://www.xbrl.org/2003/arcrole/concept-label" xlink:from="OfficialTitleOrPositionInformationAboutDirectorsAndCorporateAuditors" xlink:to="label_OfficialTitleOrPositionInformationAboutDirectorsAndCorporateAuditors_2" />
    <link:label xlink:type="resource" xlink:label="label_ChangesInTheAmountOfBusinessStructureImprovementAllowanceDecreaseOpeCF" xml:lang="en" xlink:role="http://www.xbrl.org/2003/role/label" id="label_ChangesInTheAmountOfBusinessStructureImprovementAllowanceDecreaseOpeCF">Changes in the amount of business structure improvement allowance ( decrease)</link:label>
    <link:labelArc xlink:type="arc" xlink:arcrole="http://www.xbrl.org/2003/arcrole/concept-label" xlink:from="ChangesInTheAmountOfBusinessStructureImprovementAllowanceDecreaseOpeCF" xlink:to="label_ChangesInTheAmountOfBusinessStructureImprovementAllowanceDecreaseOpeCF" />
    <link:label xlink:type="resource" xlink:label="label_ChangesInTheAmountOfBusinessStructureImprovementAllowanceDecreaseOpeCF_2" xml:lang="en" xlink:role="http://www.xbrl.org/2003/role/verboseLabel" id="label_ChangesInTheAmountOfBusinessStructureImprovementAllowanceDecreaseOpeCF_2">Changes in the amount of business structure improvement allowance ( decrease)-OpeCF</link:label>
    <link:labelArc xlink:type="arc" xlink:arcrole="http://www.xbrl.org/2003/arcrole/concept-label" xlink:from="ChangesInTheAmountOfBusinessStructureImprovementAllowanceDecreaseOpeCF" xlink:to="label_ChangesInTheAmountOfBusinessStructureImprovementAllowanceDecreaseOpeCF_2" />
    <link:label xlink:type="resource" xlink:label="label_GainOnReversalOfAssetRetirementObligationsOpeCF" xml:lang="en" xlink:role="http://www.xbrl.org/2003/role/label" id="label_GainOnReversalOfAssetRetirementObligationsOpeCF">Gain on reversal of asset retirement obligations</link:label>
    <link:labelArc xlink:type="arc" xlink:arcrole="http://www.xbrl.org/2003/arcrole/concept-label" xlink:from="GainOnReversalOfAssetRetirementObligationsOpeCF" xlink:to="label_GainOnReversalOfAssetRetirementObligationsOpeCF" />
    <link:label xlink:type="resource" xlink:label="label_GainOnReversalOfAssetRetirementObligationsOpeCF_2" xml:lang="en" xlink:role="http://www.xbrl.org/2003/role/verboseLabel" id="label_GainOnReversalOfAssetRetirementObligationsOpeCF_2">Gain on reversal of asset retirement obligations-OpeCF</link:label>
    <link:labelArc xlink:type="arc" xlink:arcrole="http://www.xbrl.org/2003/arcrole/concept-label" xlink:from="GainOnReversalOfAssetRetirementObligationsOpeCF" xlink:to="label_GainOnReversalOfAssetRetirementObligationsOpeCF_2" />
    <link:label xlink:type="resource" xlink:label="label_BusinessRestructuringReserves" xml:lang="en" xlink:role="http://www.xbrl.org/2003/role/label" id="label_BusinessRestructuringReserves">Business restructuring reserves</link:label>
    <link:labelArc xlink:type="arc" xlink:arcrole="http://www.xbrl.org/2003/arcrole/concept-label" xlink:from="BusinessRestructuringReserves" xlink:to="label_BusinessRestructuringReserves" />
    <link:label xlink:type="resource" xlink:label="label_BusinessRestructuringReserves_2" xml:lang="en" xlink:role="http://www.xbrl.org/2003/role/verboseLabel" id="label_BusinessRestructuringReserves_2">Business restructuring reserves</link:label>
    <link:labelArc xlink:type="arc" xlink:arcrole="http://www.xbrl.org/2003/arcrole/concept-label" xlink:from="BusinessRestructuringReserves" xlink:to="label_BusinessRestructuringReserves_2" />
    <link:label xlink:type="resource" xlink:label="label_InformationAboutAuditsHeading" xml:lang="en" xlink:role="http://www.xbrl.org/2003/role/label" id="label_InformationAboutAuditsHeading">Information about audits</link:label>
    <link:labelArc xlink:type="arc" xlink:arcrole="http://www.xbrl.org/2003/arcrole/concept-label" xlink:from="InformationAboutAuditsHeading" xlink:to="label_InformationAboutAuditsHeading" />
    <link:label xlink:type="resource" xlink:label="label_InformationAboutAuditsHeading_2" xml:lang="en" xlink:role="http://www.xbrl.org/2003/role/verboseLabel" id="label_InformationAboutAuditsHeading_2">Information about audits [heading]</link:label>
    <link:labelArc xlink:type="arc" xlink:arcrole="http://www.xbrl.org/2003/arcrole/concept-label" xlink:from="InformationAboutAuditsHeading" xlink:to="label_InformationAboutAuditsHeading_2" />
    <link:label xlink:type="resource" xlink:label="label_IMAIHIKARIMember" xml:lang="en" xlink:role="http://www.xbrl.org/2003/role/verboseLabel" id="label_IMAIHIKARIMember">IMAI HIKARI[member]</link:label>
    <link:labelArc xlink:type="arc" xlink:arcrole="http://www.xbrl.org/2003/arcrole/concept-label" xlink:from="IMAIHIKARIMember" xlink:to="label_IMAIHIKARIMember" />
    <link:label xlink:type="resource" xlink:label="label_IMAIHIKARIMember_2" xml:lang="en" xlink:role="http://www.xbrl.org/2003/role/label" id="label_IMAIHIKARIMember_2">IMAI HIKARI</link:label>
    <link:labelArc xlink:type="arc" xlink:arcrole="http://www.xbrl.org/2003/arcrole/concept-label" xlink:from="IMAIHIKARIMember" xlink:to="label_IMAIHIKARIMember_2" />
    <link:label xlink:type="resource" xlink:label="label_NISIKAWAHIDEHIKOMember" xml:lang="en" xlink:role="http://www.xbrl.org/2003/role/verboseLabel" id="label_NISIKAWAHIDEHIKOMember">NISIKAWA HIDEHIKO[member]</link:label>
    <link:labelArc xlink:type="arc" xlink:arcrole="http://www.xbrl.org/2003/arcrole/concept-label" xlink:from="NISIKAWAHIDEHIKOMember" xlink:to="label_NISIKAWAHIDEHIKOMember" />
    <link:label xlink:type="resource" xlink:label="label_NISIKAWAHIDEHIKOMember_2" xml:lang="en" xlink:role="http://www.xbrl.org/2003/role/label" id="label_NISIKAWAHIDEHIKOMember_2">NISIKAWA HIDEHIKO</link:label>
    <link:labelArc xlink:type="arc" xlink:arcrole="http://www.xbrl.org/2003/arcrole/concept-label" xlink:from="NISIKAWAHIDEHIKOMember" xlink:to="label_NISIKAWAHIDEHIKOMember_2" />
    <link:label xlink:type="resource" xlink:label="label_OKANOTAKAAKIMember" xml:lang="en" xlink:role="http://www.xbrl.org/2003/role/verboseLabel" id="label_OKANOTAKAAKIMember">OKANO TAKAAKI [member]</link:label>
    <link:labelArc xlink:type="arc" xlink:arcrole="http://www.xbrl.org/2003/arcrole/concept-label" xlink:from="OKANOTAKAAKIMember" xlink:to="label_OKANOTAKAAKIMember" />
    <link:label xlink:type="resource" xlink:label="label_OKANOTAKAAKIMember_2" xml:lang="en" xlink:role="http://www.xbrl.org/2003/role/label" id="label_OKANOTAKAAKIMember_2">OKANO TAKAAKI</link:label>
    <link:labelArc xlink:type="arc" xlink:arcrole="http://www.xbrl.org/2003/arcrole/concept-label" xlink:from="OKANOTAKAAKIMember" xlink:to="label_OKANOTAKAAKIMember_2" />
    <link:label xlink:type="resource" xlink:label="label_KUSIDASIGEYUKIMember" xml:lang="en" xlink:role="http://www.xbrl.org/2003/role/verboseLabel" id="label_KUSIDASIGEYUKIMember">KUSIDA SIGEYUKI[member]</link:label>
    <link:labelArc xlink:type="arc" xlink:arcrole="http://www.xbrl.org/2003/arcrole/concept-label" xlink:from="KUSIDASIGEYUKIMember" xlink:to="label_KUSIDASIGEYUKIMember" />
    <link:label xlink:type="resource" xlink:label="label_KUSIDASIGEYUKIMember_2" xml:lang="en" xlink:role="http://www.xbrl.org/2003/role/label" id="label_KUSIDASIGEYUKIMember_2">KUSIDA SIGEYUKI</link:label>
    <link:labelArc xlink:type="arc" xlink:arcrole="http://www.xbrl.org/2003/arcrole/concept-label" xlink:from="KUSIDASIGEYUKIMember" xlink:to="label_KUSIDASIGEYUKIMember_2" />
    <link:label xlink:type="resource" xlink:label="label_OOSIMAKOUITIROUMember" xml:lang="en" xlink:role="http://www.xbrl.org/2003/role/verboseLabel" id="label_OOSIMAKOUITIROUMember">OOSIMA KOUITIROU [member]</link:label>
    <link:labelArc xlink:type="arc" xlink:arcrole="http://www.xbrl.org/2003/arcrole/concept-label" xlink:from="OOSIMAKOUITIROUMember" xlink:to="label_OOSIMAKOUITIROUMember" />
    <link:label xlink:type="resource" xlink:label="label_OOSIMAKOUITIROUMember_2" xml:lang="en" xlink:role="http://www.xbrl.org/2003/role/label" id="label_OOSIMAKOUITIROUMember_2">OOSIMA KOUITIROU</link:label>
    <link:labelArc xlink:type="arc" xlink:arcrole="http://www.xbrl.org/2003/arcrole/concept-label" xlink:from="OOSIMAKOUITIROUMember" xlink:to="label_OOSIMAKOUITIROUMember_2" />
    <link:label xlink:type="resource" xlink:label="label_HOSOKAWATADAHIROMember" xml:lang="en" xlink:role="http://www.xbrl.org/2003/role/verboseLabel" id="label_HOSOKAWATADAHIROMember">HOSOKAWA TADAHIRO [member]</link:label>
    <link:labelArc xlink:type="arc" xlink:arcrole="http://www.xbrl.org/2003/arcrole/concept-label" xlink:from="HOSOKAWATADAHIROMember" xlink:to="label_HOSOKAWATADAHIROMember" />
    <link:label xlink:type="resource" xlink:label="label_HOSOKAWATADAHIROMember_2" xml:lang="en" xlink:role="http://www.xbrl.org/2003/role/label" id="label_HOSOKAWATADAHIROMember_2">HOSOKAWA TADAHIRO</link:label>
    <link:labelArc xlink:type="arc" xlink:arcrole="http://www.xbrl.org/2003/arcrole/concept-label" xlink:from="HOSOKAWATADAHIROMember" xlink:to="label_HOSOKAWATADAHIROMember_2" />
    <link:label xlink:type="resource" xlink:label="label_ORIMOTOKAZUYAMember" xml:lang="en" xlink:role="http://www.xbrl.org/2003/role/verboseLabel" id="label_ORIMOTOKAZUYAMember">ORIMOTO KAZUYA [member]</link:label>
    <link:labelArc xlink:type="arc" xlink:arcrole="http://www.xbrl.org/2003/arcrole/concept-label" xlink:from="ORIMOTOKAZUYAMember" xlink:to="label_ORIMOTOKAZUYAMember" />
    <link:label xlink:type="resource" xlink:label="label_ORIMOTOKAZUYAMember_2" xml:lang="en" xlink:role="http://www.xbrl.org/2003/role/label" id="label_ORIMOTOKAZUYAMember_2">ORIMOTO KAZUYA</link:label>
    <link:labelArc xlink:type="arc" xlink:arcrole="http://www.xbrl.org/2003/arcrole/concept-label" xlink:from="ORIMOTOKAZUYAMember" xlink:to="label_ORIMOTOKAZUYAMember_2" />
    <link:label xlink:type="resource" xlink:label="label_KUBOMURAYASUSIMember" xml:lang="en" xlink:role="http://www.xbrl.org/2003/role/verboseLabel" id="label_KUBOMURAYASUSIMember">KUBOMURA YASUSI [member]</link:label>
    <link:labelArc xlink:type="arc" xlink:arcrole="http://www.xbrl.org/2003/arcrole/concept-label" xlink:from="KUBOMURAYASUSIMember" xlink:to="label_KUBOMURAYASUSIMember" />
    <link:label xlink:type="resource" xlink:label="label_KUBOMURAYASUSIMember_2" xml:lang="en" xlink:role="http://www.xbrl.org/2003/role/label" id="label_KUBOMURAYASUSIMember_2">KUBOMURA YASUSI</link:label>
    <link:labelArc xlink:type="arc" xlink:arcrole="http://www.xbrl.org/2003/arcrole/concept-label" xlink:from="KUBOMURAYASUSIMember" xlink:to="label_KUBOMURAYASUSIMember_2" />
    <link:label xlink:type="resource" xlink:label="label_TAJIMAKOUJIMember" xml:lang="en" xlink:role="http://www.xbrl.org/2003/role/verboseLabel" id="label_TAJIMAKOUJIMember">TAJIMA KOUJI[member]</link:label>
    <link:labelArc xlink:type="arc" xlink:arcrole="http://www.xbrl.org/2003/arcrole/concept-label" xlink:from="TAJIMAKOUJIMember" xlink:to="label_TAJIMAKOUJIMember" />
    <link:label xlink:type="resource" xlink:label="label_TAJIMAKOUJIMember_2" xml:lang="en" xlink:role="http://www.xbrl.org/2003/role/label" id="label_TAJIMAKOUJIMember_2">TAJIMA KOUJI</link:label>
    <link:labelArc xlink:type="arc" xlink:arcrole="http://www.xbrl.org/2003/arcrole/concept-label" xlink:from="TAJIMAKOUJIMember" xlink:to="label_TAJIMAKOUJIMember_2" />
    <link:label xlink:type="resource" xlink:label="label_RemunerationForDirectorsAndOtherOfficersHeading" xml:lang="en" xlink:role="http://www.xbrl.org/2003/role/label" id="label_RemunerationForDirectorsAndOtherOfficersHeading">Remuneration for directors (and other officers)</link:label>
    <link:labelArc xlink:type="arc" xlink:arcrole="http://www.xbrl.org/2003/arcrole/concept-label" xlink:from="RemunerationForDirectorsAndOtherOfficersHeading" xlink:to="label_RemunerationForDirectorsAndOtherOfficersHeading" />
    <link:label xlink:type="resource" xlink:label="label_RemunerationForDirectorsAndOtherOfficersHeading_2" xml:lang="en" xlink:role="http://www.xbrl.org/2003/role/verboseLabel" id="label_RemunerationForDirectorsAndOtherOfficersHeading_2">Remuneration for directors (and other officers) [heading]</link:label>
    <link:labelArc xlink:type="arc" xlink:arcrole="http://www.xbrl.org/2003/arcrole/concept-label" xlink:from="RemunerationForDirectorsAndOtherOfficersHeading" xlink:to="label_RemunerationForDirectorsAndOtherOfficersHeading_2" />
  </link:labelLink>
</link:linkbase>