<?xml version="1.0" encoding="utf-8"?>
<!-- Generated by PRONEXUS WORKS -->
<link:linkbase xmlns:link="http://www.xbrl.org/2003/linkbase" xmlns:xsi="http://www.w3.org/2001/XMLSchema-instance" xmlns:xbrli="http://www.xbrl.org/2003/instance" xmlns:xlink="http://www.w3.org/1999/xlink">
  <link:labelLink xlink:type="extended" xlink:role="http://www.xbrl.org/2003/role/link">
    <link:loc xlink:type="locator" xlink:href="jpcrp030000-asr-001_E03074-000_2019-08-31_01_2019-11-29.xsd#jpcrp030000-asr_E03074-000_InformationAboutEmployeesOfReportingCompanyTable" xlink:label="InformationAboutEmployeesOfReportingCompanyTable" />
    <link:loc xlink:type="locator" xlink:href="jpcrp030000-asr-001_E03074-000_2019-08-31_01_2019-11-29.xsd#jpcrp030000-asr_E03074-000_InformationAboutEmployeesOfReportingCompanyLineItems" xlink:label="InformationAboutEmployeesOfReportingCompanyLineItems" />
    <link:loc xlink:type="locator" xlink:href="jpcrp030000-asr-001_E03074-000_2019-08-31_01_2019-11-29.xsd#jpcrp030000-asr_E03074-000_BusinessRestructuringReserves" xlink:label="BusinessRestructuringReserves" />
    <link:loc xlink:type="locator" xlink:href="jpcrp030000-asr-001_E03074-000_2019-08-31_01_2019-11-29.xsd#jpcrp030000-asr_E03074-000_ChangesInTheAmountOfBusinessStructureImprovementAllowanceDecreaseOpeCF" xlink:label="ChangesInTheAmountOfBusinessStructureImprovementAllowanceDecreaseOpeCF" />
    <link:loc xlink:type="locator" xlink:href="jpcrp030000-asr-001_E03074-000_2019-08-31_01_2019-11-29.xsd#jpcrp030000-asr_E03074-000_GainOnReversalOfAssetRetirementObligationsOpeCF" xlink:label="GainOnReversalOfAssetRetirementObligationsOpeCF" />
    <link:loc xlink:type="locator" xlink:href="jpcrp030000-asr-001_E03074-000_2019-08-31_01_2019-11-29.xsd#jpcrp030000-asr_E03074-000_GrossOperatingProfit" xlink:label="GrossOperatingProfit" />
    <link:loc xlink:type="locator" xlink:href="jpcrp030000-asr-001_E03074-000_2019-08-31_01_2019-11-29.xsd#jpcrp030000-asr_E03074-000_VendingMachineCommissionNOI" xlink:label="VendingMachineCommissionNOI" />
    <link:loc xlink:type="locator" xlink:href="jpcrp030000-asr-001_E03074-000_2019-08-31_01_2019-11-29.xsd#jpcrp030000-asr_E03074-000_RentalPaymentsNOE" xlink:label="RentalPaymentsNOE" />
    <link:loc xlink:type="locator" xlink:href="jpcrp030000-asr-001_E03074-000_2019-08-31_01_2019-11-29.xsd#jpcrp030000-asr_E03074-000_GainOnReversalOfAssetRetirementObligationsEL" xlink:label="GainOnReversalOfAssetRetirementObligationsEL" />
    <link:loc xlink:type="locator" xlink:href="jpcrp030000-asr-001_E03074-000_2019-08-31_01_2019-11-29.xsd#jpcrp030000-asr_E03074-000_BusinessStructuralReformRelatedExpensesEL" xlink:label="BusinessStructuralReformRelatedExpensesEL" />
    <link:loc xlink:type="locator" xlink:href="jpcrp030000-asr-001_E03074-000_2019-08-31_01_2019-11-29.xsd#jpcrp030000-asr_E03074-000_NotesRegardingBusinessStructuralReformRelatedExpensesTextBlock" xlink:label="NotesRegardingBusinessStructuralReformRelatedExpensesTextBlock" />
    <link:loc xlink:type="locator" xlink:href="jpcrp030000-asr-001_E03074-000_2019-08-31_01_2019-11-29.xsd#jpcrp030000-asr_E03074-000_NotesRegardingTransferToOtherAccountTextBlock" xlink:label="NotesRegardingTransferToOtherAccountTextBlock" />
    <link:loc xlink:type="locator" xlink:href="jpcrp030000-asr-001_E03074-000_2019-08-31_01_2019-11-29.xsd#jpcrp030000-asr_E03074-000_NotesRegardingLossOnDisposalOfNonCurrentAssetsTextBlock" xlink:label="NotesRegardingLossOnDisposalOfNonCurrentAssetsTextBlock" />
    <link:loc xlink:type="locator" xlink:href="jpcrp030000-asr-001_E03074-000_2019-08-31_01_2019-11-29.xsd#jpcrp030000-asr_E03074-000_ManagementAnalysisOfFinancialPositionOperatingResultsAndCashFlowsHeading" xlink:label="ManagementAnalysisOfFinancialPositionOperatingResultsAndCashFlowsHeading" />
    <link:loc xlink:type="locator" xlink:href="jpcrp030000-asr-001_E03074-000_2019-08-31_01_2019-11-29.xsd#jpcrp030000-asr_E03074-000_ManagementAnalysisOfFinancialPositionOperatingResultsAndCashFlowsTextBlock" xlink:label="ManagementAnalysisOfFinancialPositionOperatingResultsAndCashFlowsTextBlock" />
    <link:loc xlink:type="locator" xlink:href="jpcrp030000-asr-001_E03074-000_2019-08-31_01_2019-11-29.xsd#jpcrp030000-asr_E03074-000_OtherInformationAboutShareAcquisitionRightsHeading" xlink:label="OtherInformationAboutShareAcquisitionRightsHeading" />
    <link:loc xlink:type="locator" xlink:href="jpcrp030000-asr-001_E03074-000_2019-08-31_01_2019-11-29.xsd#jpcrp030000-asr_E03074-000_OtherInformationAboutShareAcquisitionRightsTextBlock" xlink:label="OtherInformationAboutShareAcquisitionRightsTextBlock" />
    <link:loc xlink:type="locator" xlink:href="jpcrp030000-asr-001_E03074-000_2019-08-31_01_2019-11-29.xsd#jpcrp030000-asr_E03074-000_OverviewOfCorporateGovernanceHeading" xlink:label="OverviewOfCorporateGovernanceHeading" />
    <link:loc xlink:type="locator" xlink:href="jpcrp030000-asr-001_E03074-000_2019-08-31_01_2019-11-29.xsd#jpcrp030000-asr_E03074-000_OverviewOfCorporateGovernanceTextBlock" xlink:label="OverviewOfCorporateGovernanceTextBlock" />
    <link:loc xlink:type="locator" xlink:href="jpcrp030000-asr-001_E03074-000_2019-08-31_01_2019-11-29.xsd#jpcrp030000-asr_E03074-000_OutsideDirectorsAndOutsideCorporateAuditorsInformationAboutDirectorsAndOtherOfficersTextBlock" xlink:label="OutsideDirectorsAndOutsideCorporateAuditorsInformationAboutDirectorsAndOtherOfficersTextBlock" />
    <link:loc xlink:type="locator" xlink:href="jpcrp030000-asr-001_E03074-000_2019-08-31_01_2019-11-29.xsd#jpcrp030000-asr_E03074-000_InformationAboutAuditsHeading" xlink:label="InformationAboutAuditsHeading" />
    <link:loc xlink:type="locator" xlink:href="jpcrp030000-asr-001_E03074-000_2019-08-31_01_2019-11-29.xsd#jpcrp030000-asr_E03074-000_InformationAboutAuditsTextBlock" xlink:label="InformationAboutAuditsTextBlock" />
    <link:loc xlink:type="locator" xlink:href="jpcrp030000-asr-001_E03074-000_2019-08-31_01_2019-11-29.xsd#jpcrp030000-asr_E03074-000_RemunerationForDirectorsAndOtherOfficersHeading" xlink:label="RemunerationForDirectorsAndOtherOfficersHeading" />
    <link:loc xlink:type="locator" xlink:href="jpcrp030000-asr-001_E03074-000_2019-08-31_01_2019-11-29.xsd#jpcrp030000-asr_E03074-000_RemunerationForDirectorsAndOtherOfficersTextBlock" xlink:label="RemunerationForDirectorsAndOtherOfficersTextBlock" />
    <link:loc xlink:type="locator" xlink:href="jpcrp030000-asr-001_E03074-000_2019-08-31_01_2019-11-29.xsd#jpcrp030000-asr_E03074-000_EquitySecuritiesHeldHeading" xlink:label="EquitySecuritiesHeldHeading" />
    <link:loc xlink:type="locator" xlink:href="jpcrp030000-asr-001_E03074-000_2019-08-31_01_2019-11-29.xsd#jpcrp030000-asr_E03074-000_EquitySecuritiesHeldTextBlock" xlink:label="EquitySecuritiesHeldTextBlock" />
    <link:loc xlink:type="locator" xlink:href="jpcrp030000-asr-001_E03074-000_2019-08-31_01_2019-11-29.xsd#jpcrp030000-asr_E03074-000_TotalShareholderReturn" xlink:label="TotalShareholderReturn" />
    <link:loc xlink:type="locator" xlink:href="jpcrp030000-asr-001_E03074-000_2019-08-31_01_2019-11-29.xsd#jpcrp030000-asr_E03074-000_TotalReturnOnSharePriceIndex" xlink:label="TotalReturnOnSharePriceIndex" />
    <link:loc xlink:type="locator" xlink:href="jpcrp030000-asr-001_E03074-000_2019-08-31_01_2019-11-29.xsd#jpcrp030000-asr_E03074-000_OfficialTitleOrPositionInformationAboutDirectorsAndCorporateAuditors" xlink:label="OfficialTitleOrPositionInformationAboutDirectorsAndCorporateAuditors" />
    <link:loc xlink:type="locator" xlink:href="jpcrp030000-asr-001_E03074-000_2019-08-31_01_2019-11-29.xsd#jpcrp030000-asr_E03074-000_EquitySecuritiesNotListedInvestmentEquitySecuritiesHeldForPurposesOtherThanPureInvestmentReportingCompanyAbstract" xlink:label="EquitySecuritiesNotListedInvestmentEquitySecuritiesHeldForPurposesOtherThanPureInvestmentReportingCompanyAbstract" />
    <link:loc xlink:type="locator" xlink:href="jpcrp030000-asr-001_E03074-000_2019-08-31_01_2019-11-29.xsd#jpcrp030000-asr_E03074-000_NumberOfNamesOfSecuritiesEquitySecuritiesNotListedInvestmentEquitySecuritiesHeldForPurposesOtherThanPureInvestmentReportingCompany" xlink:label="NumberOfNamesOfSecuritiesEquitySecuritiesNotListedInvestmentEquitySecuritiesHeldForPurposesOtherThanPureInvestmentReportingCompany" />
    <link:loc xlink:type="locator" xlink:href="jpcrp030000-asr-001_E03074-000_2019-08-31_01_2019-11-29.xsd#jpcrp030000-asr_E03074-000_BookValueEquitySecuritiesNotListedInvestmentEquitySecuritiesHeldForPurposesOtherThanPureInvestmentReportingCompany" xlink:label="BookValueEquitySecuritiesNotListedInvestmentEquitySecuritiesHeldForPurposesOtherThanPureInvestmentReportingCompany" />
    <link:loc xlink:type="locator" xlink:href="jpcrp030000-asr-001_E03074-000_2019-08-31_01_2019-11-29.xsd#jpcrp030000-asr_E03074-000_EquitySecuritiesOtherThanThoseNotListedInvestmentEquitySecuritiesHeldForPurposesOtherThanPureInvestmentReportingCompanyAbstract" xlink:label="EquitySecuritiesOtherThanThoseNotListedInvestmentEquitySecuritiesHeldForPurposesOtherThanPureInvestmentReportingCompanyAbstract" />
    <link:loc xlink:type="locator" xlink:href="jpcrp030000-asr-001_E03074-000_2019-08-31_01_2019-11-29.xsd#jpcrp030000-asr_E03074-000_NumberOfNamesOfSecuritiesEquitySecuritiesOtherThanThoseNotListedInvestmentEquitySecuritiesHeldForPurposesOtherThanPureInvestmentReportingCompany" xlink:label="NumberOfNamesOfSecuritiesEquitySecuritiesOtherThanThoseNotListedInvestmentEquitySecuritiesHeldForPurposesOtherThanPureInvestmentReportingCompany" />
    <link:loc xlink:type="locator" xlink:href="jpcrp030000-asr-001_E03074-000_2019-08-31_01_2019-11-29.xsd#jpcrp030000-asr_E03074-000_BookValueEquitySecuritiesOtherThanThoseNotListedInvestmentEquitySecuritiesHeldForPurposesOtherThanPureInvestmentReportingCompany" xlink:label="BookValueEquitySecuritiesOtherThanThoseNotListedInvestmentEquitySecuritiesHeldForPurposesOtherThanPureInvestmentReportingCompany" />
    <link:loc xlink:type="locator" xlink:href="jpcrp030000-asr-001_E03074-000_2019-08-31_01_2019-11-29.xsd#jpcrp030000-asr_E03074-000_WhetherIssuerOfAforementionedSharesHoldsReportingCompanysSharesDetailsOfSpecifiedInvestmentEquitySecuritiesHeldForPurposesOtherThanPureInvestmentReportingCompany" xlink:label="WhetherIssuerOfAforementionedSharesHoldsReportingCompanysSharesDetailsOfSpecifiedInvestmentEquitySecuritiesHeldForPurposesOtherThanPureInvestmentReportingCompany" />
    <link:loc xlink:type="locator" xlink:href="jpcrp030000-asr-001_E03074-000_2019-08-31_01_2019-11-29.xsd#jpcrp030000-asr_E03074-000_IMAIHIKARIMember" xlink:label="IMAIHIKARIMember" />
    <link:loc xlink:type="locator" xlink:href="jpcrp030000-asr-001_E03074-000_2019-08-31_01_2019-11-29.xsd#jpcrp030000-asr_E03074-000_NISIKAWAHIDEHIKOMember" xlink:label="NISIKAWAHIDEHIKOMember" />
    <link:loc xlink:type="locator" xlink:href="jpcrp030000-asr-001_E03074-000_2019-08-31_01_2019-11-29.xsd#jpcrp030000-asr_E03074-000_OKANOTAKAAKIMember" xlink:label="OKANOTAKAAKIMember" />
    <link:loc xlink:type="locator" xlink:href="jpcrp030000-asr-001_E03074-000_2019-08-31_01_2019-11-29.xsd#jpcrp030000-asr_E03074-000_KUSIDASIGEYUKIMember" xlink:label="KUSIDASIGEYUKIMember" />
    <link:loc xlink:type="locator" xlink:href="jpcrp030000-asr-001_E03074-000_2019-08-31_01_2019-11-29.xsd#jpcrp030000-asr_E03074-000_OOSIMAKOUITIROUMember" xlink:label="OOSIMAKOUITIROUMember" />
    <link:loc xlink:type="locator" xlink:href="jpcrp030000-asr-001_E03074-000_2019-08-31_01_2019-11-29.xsd#jpcrp030000-asr_E03074-000_HOSOKAWATADAHIROMember" xlink:label="HOSOKAWATADAHIROMember" />
    <link:loc xlink:type="locator" xlink:href="jpcrp030000-asr-001_E03074-000_2019-08-31_01_2019-11-29.xsd#jpcrp030000-asr_E03074-000_ORIMOTOKAZUYAMember" xlink:label="ORIMOTOKAZUYAMember" />
    <link:loc xlink:type="locator" xlink:href="jpcrp030000-asr-001_E03074-000_2019-08-31_01_2019-11-29.xsd#jpcrp030000-asr_E03074-000_KUBOMURAYASUSIMember" xlink:label="KUBOMURAYASUSIMember" />
    <link:loc xlink:type="locator" xlink:href="jpcrp030000-asr-001_E03074-000_2019-08-31_01_2019-11-29.xsd#jpcrp030000-asr_E03074-000_TAJIMAKOUJIMember" xlink:label="TAJIMAKOUJIMember" />
    <link:label xlink:type="resource" xlink:label="label_InformationAboutEmployeesOfReportingCompanyTable" xml:lang="ja" xlink:role="http://www.xbrl.org/2003/role/label" id="label_InformationAboutEmployeesOfReportingCompanyTable">提出会社の従業員の状況</link:label>
    <link:labelArc xlink:type="arc" xlink:arcrole="http://www.xbrl.org/2003/arcrole/concept-label" xlink:from="InformationAboutEmployeesOfReportingCompanyTable" xlink:to="label_InformationAboutEmployeesOfReportingCompanyTable" />
    <link:label xlink:type="resource" xlink:label="label_InformationAboutEmployeesOfReportingCompanyTable_2" xml:lang="ja" xlink:role="http://www.xbrl.org/2003/role/verboseLabel" id="label_InformationAboutEmployeesOfReportingCompanyTable_2">提出会社の従業員の状況 [表]</link:label>
    <link:labelArc xlink:type="arc" xlink:arcrole="http://www.xbrl.org/2003/arcrole/concept-label" xlink:from="InformationAboutEmployeesOfReportingCompanyTable" xlink:to="label_InformationAboutEmployeesOfReportingCompanyTable_2" />
    <link:label xlink:type="resource" xlink:label="label_InformationAboutEmployeesOfReportingCompanyLineItems" xml:lang="ja" xlink:role="http://www.xbrl.org/2003/role/label" id="label_InformationAboutEmployeesOfReportingCompanyLineItems">提出会社の従業員の状況</link:label>
    <link:labelArc xlink:type="arc" xlink:arcrole="http://www.xbrl.org/2003/arcrole/concept-label" xlink:from="InformationAboutEmployeesOfReportingCompanyLineItems" xlink:to="label_InformationAboutEmployeesOfReportingCompanyLineItems" />
    <link:label xlink:type="resource" xlink:label="label_InformationAboutEmployeesOfReportingCompanyLineItems_2" xml:lang="ja" xlink:role="http://www.xbrl.org/2003/role/verboseLabel" id="label_InformationAboutEmployeesOfReportingCompanyLineItems_2">提出会社の従業員の状況 [表示項目]</link:label>
    <link:labelArc xlink:type="arc" xlink:arcrole="http://www.xbrl.org/2003/arcrole/concept-label" xlink:from="InformationAboutEmployeesOfReportingCompanyLineItems" xlink:to="label_InformationAboutEmployeesOfReportingCompanyLineItems_2" />
    <link:label xlink:type="resource" xlink:label="label_NotesRegardingBusinessStructuralReformRelatedExpensesTextBlock" xml:lang="ja" xlink:role="http://www.xbrl.org/2003/role/label" id="label_NotesRegardingBusinessStructuralReformRelatedExpensesTextBlock">事業構造改革関連費用に関する注記</link:label>
    <link:labelArc xlink:type="arc" xlink:arcrole="http://www.xbrl.org/2003/arcrole/concept-label" xlink:from="NotesRegardingBusinessStructuralReformRelatedExpensesTextBlock" xlink:to="label_NotesRegardingBusinessStructuralReformRelatedExpensesTextBlock" />
    <link:label xlink:type="resource" xlink:label="label_NotesRegardingBusinessStructuralReformRelatedExpensesTextBlock_2" xml:lang="ja" xlink:role="http://www.xbrl.org/2003/role/verboseLabel" id="label_NotesRegardingBusinessStructuralReformRelatedExpensesTextBlock_2">事業構造改革関連費用に関する注記 [テキストブロック]</link:label>
    <link:labelArc xlink:type="arc" xlink:arcrole="http://www.xbrl.org/2003/arcrole/concept-label" xlink:from="NotesRegardingBusinessStructuralReformRelatedExpensesTextBlock" xlink:to="label_NotesRegardingBusinessStructuralReformRelatedExpensesTextBlock_2" />
    <link:label xlink:type="resource" xlink:label="label_NotesRegardingTransferToOtherAccountTextBlock" xml:lang="ja" xlink:role="http://www.xbrl.org/2003/role/label" id="label_NotesRegardingTransferToOtherAccountTextBlock">他勘定振替高に関する注記</link:label>
    <link:labelArc xlink:type="arc" xlink:arcrole="http://www.xbrl.org/2003/arcrole/concept-label" xlink:from="NotesRegardingTransferToOtherAccountTextBlock" xlink:to="label_NotesRegardingTransferToOtherAccountTextBlock" />
    <link:label xlink:type="resource" xlink:label="label_NotesRegardingTransferToOtherAccountTextBlock_2" xml:lang="ja" xlink:role="http://www.xbrl.org/2003/role/verboseLabel" id="label_NotesRegardingTransferToOtherAccountTextBlock_2">他勘定振替高に関する注記 [テキストブロック]</link:label>
    <link:labelArc xlink:type="arc" xlink:arcrole="http://www.xbrl.org/2003/arcrole/concept-label" xlink:from="NotesRegardingTransferToOtherAccountTextBlock" xlink:to="label_NotesRegardingTransferToOtherAccountTextBlock_2" />
    <link:label xlink:type="resource" xlink:label="label_NotesRegardingLossOnDisposalOfNonCurrentAssetsTextBlock" xml:lang="ja" xlink:role="http://www.xbrl.org/2003/role/label" id="label_NotesRegardingLossOnDisposalOfNonCurrentAssetsTextBlock">固定資産処分損に関する注記</link:label>
    <link:labelArc xlink:type="arc" xlink:arcrole="http://www.xbrl.org/2003/arcrole/concept-label" xlink:from="NotesRegardingLossOnDisposalOfNonCurrentAssetsTextBlock" xlink:to="label_NotesRegardingLossOnDisposalOfNonCurrentAssetsTextBlock" />
    <link:label xlink:type="resource" xlink:label="label_NotesRegardingLossOnDisposalOfNonCurrentAssetsTextBlock_2" xml:lang="ja" xlink:role="http://www.xbrl.org/2003/role/verboseLabel" id="label_NotesRegardingLossOnDisposalOfNonCurrentAssetsTextBlock_2">固定資産処分損に関する注記 [テキストブロック]</link:label>
    <link:labelArc xlink:type="arc" xlink:arcrole="http://www.xbrl.org/2003/arcrole/concept-label" xlink:from="NotesRegardingLossOnDisposalOfNonCurrentAssetsTextBlock" xlink:to="label_NotesRegardingLossOnDisposalOfNonCurrentAssetsTextBlock_2" />
    <link:label xlink:type="resource" xlink:label="label_TotalShareholderReturn" xml:lang="ja" xlink:role="http://www.xbrl.org/2003/role/label" id="label_TotalShareholderReturn">株主総利回り</link:label>
    <link:labelArc xlink:type="arc" xlink:arcrole="http://www.xbrl.org/2003/arcrole/concept-label" xlink:from="TotalShareholderReturn" xlink:to="label_TotalShareholderReturn" />
    <link:label xlink:type="resource" xlink:label="label_TotalShareholderReturn_2" xml:lang="ja" xlink:role="http://www.xbrl.org/2003/role/verboseLabel" id="label_TotalShareholderReturn_2">株主総利回り</link:label>
    <link:labelArc xlink:type="arc" xlink:arcrole="http://www.xbrl.org/2003/arcrole/concept-label" xlink:from="TotalShareholderReturn" xlink:to="label_TotalShareholderReturn_2" />
    <link:label xlink:type="resource" xlink:label="label_TotalReturnOnSharePriceIndex" xml:lang="ja" xlink:role="http://www.xbrl.org/2003/role/label" id="label_TotalReturnOnSharePriceIndex">株価指数における総利回り</link:label>
    <link:labelArc xlink:type="arc" xlink:arcrole="http://www.xbrl.org/2003/arcrole/concept-label" xlink:from="TotalReturnOnSharePriceIndex" xlink:to="label_TotalReturnOnSharePriceIndex" />
    <link:label xlink:type="resource" xlink:label="label_TotalReturnOnSharePriceIndex_2" xml:lang="ja" xlink:role="http://www.xbrl.org/2003/role/verboseLabel" id="label_TotalReturnOnSharePriceIndex_2">株価指数における総利回り</link:label>
    <link:labelArc xlink:type="arc" xlink:arcrole="http://www.xbrl.org/2003/arcrole/concept-label" xlink:from="TotalReturnOnSharePriceIndex" xlink:to="label_TotalReturnOnSharePriceIndex_2" />
    <link:label xlink:type="resource" xlink:label="label_EquitySecuritiesNotListedInvestmentEquitySecuritiesHeldForPurposesOtherThanPureInvestmentReportingCompanyAbstract" xml:lang="ja" xlink:role="http://www.xbrl.org/2003/role/label" id="label_EquitySecuritiesNotListedInvestmentEquitySecuritiesHeldForPurposesOtherThanPureInvestmentReportingCompanyAbstract">非上場株式</link:label>
    <link:labelArc xlink:type="arc" xlink:arcrole="http://www.xbrl.org/2003/arcrole/concept-label" xlink:from="EquitySecuritiesNotListedInvestmentEquitySecuritiesHeldForPurposesOtherThanPureInvestmentReportingCompanyAbstract" xlink:to="label_EquitySecuritiesNotListedInvestmentEquitySecuritiesHeldForPurposesOtherThanPureInvestmentReportingCompanyAbstract" />
    <link:label xlink:type="resource" xlink:label="label_EquitySecuritiesNotListedInvestmentEquitySecuritiesHeldForPurposesOtherThanPureInvestmentReportingCompanyAbstract_2" xml:lang="ja" xlink:role="http://www.xbrl.org/2003/role/verboseLabel" id="label_EquitySecuritiesNotListedInvestmentEquitySecuritiesHeldForPurposesOtherThanPureInvestmentReportingCompanyAbstract_2">非上場株式、保有目的が純投資目的以外の目的である投資株式、提出会社 [タイトル項目]</link:label>
    <link:labelArc xlink:type="arc" xlink:arcrole="http://www.xbrl.org/2003/arcrole/concept-label" xlink:from="EquitySecuritiesNotListedInvestmentEquitySecuritiesHeldForPurposesOtherThanPureInvestmentReportingCompanyAbstract" xlink:to="label_EquitySecuritiesNotListedInvestmentEquitySecuritiesHeldForPurposesOtherThanPureInvestmentReportingCompanyAbstract_2" />
    <link:label xlink:type="resource" xlink:label="label_NumberOfNamesOfSecuritiesEquitySecuritiesNotListedInvestmentEquitySecuritiesHeldForPurposesOtherThanPureInvestmentReportingCompany" xml:lang="ja" xlink:role="http://www.xbrl.org/2003/role/label" id="label_NumberOfNamesOfSecuritiesEquitySecuritiesNotListedInvestmentEquitySecuritiesHeldForPurposesOtherThanPureInvestmentReportingCompany">銘柄数</link:label>
    <link:labelArc xlink:type="arc" xlink:arcrole="http://www.xbrl.org/2003/arcrole/concept-label" xlink:from="NumberOfNamesOfSecuritiesEquitySecuritiesNotListedInvestmentEquitySecuritiesHeldForPurposesOtherThanPureInvestmentReportingCompany" xlink:to="label_NumberOfNamesOfSecuritiesEquitySecuritiesNotListedInvestmentEquitySecuritiesHeldForPurposesOtherThanPureInvestmentReportingCompany" />
    <link:label xlink:type="resource" xlink:label="label_NumberOfNamesOfSecuritiesEquitySecuritiesNotListedInvestmentEquitySecuritiesHeldForPurposesOtherThanPureInvestmentReportingCompany_2" xml:lang="ja" xlink:role="http://www.xbrl.org/2003/role/verboseLabel" id="label_NumberOfNamesOfSecuritiesEquitySecuritiesNotListedInvestmentEquitySecuritiesHeldForPurposesOtherThanPureInvestmentReportingCompany_2">銘柄数、非上場株式、保有目的が純投資目的以外の目的である投資株式、提出会社</link:label>
    <link:labelArc xlink:type="arc" xlink:arcrole="http://www.xbrl.org/2003/arcrole/concept-label" xlink:from="NumberOfNamesOfSecuritiesEquitySecuritiesNotListedInvestmentEquitySecuritiesHeldForPurposesOtherThanPureInvestmentReportingCompany" xlink:to="label_NumberOfNamesOfSecuritiesEquitySecuritiesNotListedInvestmentEquitySecuritiesHeldForPurposesOtherThanPureInvestmentReportingCompany_2" />
    <link:label xlink:type="resource" xlink:label="label_BookValueEquitySecuritiesNotListedInvestmentEquitySecuritiesHeldForPurposesOtherThanPureInvestmentReportingCompany" xml:lang="ja" xlink:role="http://www.xbrl.org/2003/role/label" id="label_BookValueEquitySecuritiesNotListedInvestmentEquitySecuritiesHeldForPurposesOtherThanPureInvestmentReportingCompany">貸借対照表計上額</link:label>
    <link:labelArc xlink:type="arc" xlink:arcrole="http://www.xbrl.org/2003/arcrole/concept-label" xlink:from="BookValueEquitySecuritiesNotListedInvestmentEquitySecuritiesHeldForPurposesOtherThanPureInvestmentReportingCompany" xlink:to="label_BookValueEquitySecuritiesNotListedInvestmentEquitySecuritiesHeldForPurposesOtherThanPureInvestmentReportingCompany" />
    <link:label xlink:type="resource" xlink:label="label_BookValueEquitySecuritiesNotListedInvestmentEquitySecuritiesHeldForPurposesOtherThanPureInvestmentReportingCompany_2" xml:lang="ja" xlink:role="http://www.xbrl.org/2003/role/verboseLabel" id="label_BookValueEquitySecuritiesNotListedInvestmentEquitySecuritiesHeldForPurposesOtherThanPureInvestmentReportingCompany_2">貸借対照表計上額、非上場株式、保有目的が純投資目的以外の目的である投資株式、提出会社</link:label>
    <link:labelArc xlink:type="arc" xlink:arcrole="http://www.xbrl.org/2003/arcrole/concept-label" xlink:from="BookValueEquitySecuritiesNotListedInvestmentEquitySecuritiesHeldForPurposesOtherThanPureInvestmentReportingCompany" xlink:to="label_BookValueEquitySecuritiesNotListedInvestmentEquitySecuritiesHeldForPurposesOtherThanPureInvestmentReportingCompany_2" />
    <link:label xlink:type="resource" xlink:label="label_EquitySecuritiesOtherThanThoseNotListedInvestmentEquitySecuritiesHeldForPurposesOtherThanPureInvestmentReportingCompanyAbstract" xml:lang="ja" xlink:role="http://www.xbrl.org/2003/role/label" id="label_EquitySecuritiesOtherThanThoseNotListedInvestmentEquitySecuritiesHeldForPurposesOtherThanPureInvestmentReportingCompanyAbstract">非上場株式以外の株式</link:label>
    <link:labelArc xlink:type="arc" xlink:arcrole="http://www.xbrl.org/2003/arcrole/concept-label" xlink:from="EquitySecuritiesOtherThanThoseNotListedInvestmentEquitySecuritiesHeldForPurposesOtherThanPureInvestmentReportingCompanyAbstract" xlink:to="label_EquitySecuritiesOtherThanThoseNotListedInvestmentEquitySecuritiesHeldForPurposesOtherThanPureInvestmentReportingCompanyAbstract" />
    <link:label xlink:type="resource" xlink:label="label_EquitySecuritiesOtherThanThoseNotListedInvestmentEquitySecuritiesHeldForPurposesOtherThanPureInvestmentReportingCompanyAbstract_2" xml:lang="ja" xlink:role="http://www.xbrl.org/2003/role/verboseLabel" id="label_EquitySecuritiesOtherThanThoseNotListedInvestmentEquitySecuritiesHeldForPurposesOtherThanPureInvestmentReportingCompanyAbstract_2">非上場株式以外の株式、保有目的が純投資目的以外の目的である投資株式、提出会社 [タイトル項目]</link:label>
    <link:labelArc xlink:type="arc" xlink:arcrole="http://www.xbrl.org/2003/arcrole/concept-label" xlink:from="EquitySecuritiesOtherThanThoseNotListedInvestmentEquitySecuritiesHeldForPurposesOtherThanPureInvestmentReportingCompanyAbstract" xlink:to="label_EquitySecuritiesOtherThanThoseNotListedInvestmentEquitySecuritiesHeldForPurposesOtherThanPureInvestmentReportingCompanyAbstract_2" />
    <link:label xlink:type="resource" xlink:label="label_NumberOfNamesOfSecuritiesEquitySecuritiesOtherThanThoseNotListedInvestmentEquitySecuritiesHeldForPurposesOtherThanPureInvestmentReportingCompany" xml:lang="ja" xlink:role="http://www.xbrl.org/2003/role/label" id="label_NumberOfNamesOfSecuritiesEquitySecuritiesOtherThanThoseNotListedInvestmentEquitySecuritiesHeldForPurposesOtherThanPureInvestmentReportingCompany">銘柄数</link:label>
    <link:labelArc xlink:type="arc" xlink:arcrole="http://www.xbrl.org/2003/arcrole/concept-label" xlink:from="NumberOfNamesOfSecuritiesEquitySecuritiesOtherThanThoseNotListedInvestmentEquitySecuritiesHeldForPurposesOtherThanPureInvestmentReportingCompany" xlink:to="label_NumberOfNamesOfSecuritiesEquitySecuritiesOtherThanThoseNotListedInvestmentEquitySecuritiesHeldForPurposesOtherThanPureInvestmentReportingCompany" />
    <link:label xlink:type="resource" xlink:label="label_NumberOfNamesOfSecuritiesEquitySecuritiesOtherThanThoseNotListedInvestmentEquitySecuritiesHeldForPurposesOtherThanPureInvestmentReportingCompany_2" xml:lang="ja" xlink:role="http://www.xbrl.org/2003/role/verboseLabel" id="label_NumberOfNamesOfSecuritiesEquitySecuritiesOtherThanThoseNotListedInvestmentEquitySecuritiesHeldForPurposesOtherThanPureInvestmentReportingCompany_2">銘柄数、非上場株式以外の株式、保有目的が純投資目的以外の目的である投資株式、提出会社</link:label>
    <link:labelArc xlink:type="arc" xlink:arcrole="http://www.xbrl.org/2003/arcrole/concept-label" xlink:from="NumberOfNamesOfSecuritiesEquitySecuritiesOtherThanThoseNotListedInvestmentEquitySecuritiesHeldForPurposesOtherThanPureInvestmentReportingCompany" xlink:to="label_NumberOfNamesOfSecuritiesEquitySecuritiesOtherThanThoseNotListedInvestmentEquitySecuritiesHeldForPurposesOtherThanPureInvestmentReportingCompany_2" />
    <link:label xlink:type="resource" xlink:label="label_BookValueEquitySecuritiesOtherThanThoseNotListedInvestmentEquitySecuritiesHeldForPurposesOtherThanPureInvestmentReportingCompany" xml:lang="ja" xlink:role="http://www.xbrl.org/2003/role/label" id="label_BookValueEquitySecuritiesOtherThanThoseNotListedInvestmentEquitySecuritiesHeldForPurposesOtherThanPureInvestmentReportingCompany">貸借対照表計上額</link:label>
    <link:labelArc xlink:type="arc" xlink:arcrole="http://www.xbrl.org/2003/arcrole/concept-label" xlink:from="BookValueEquitySecuritiesOtherThanThoseNotListedInvestmentEquitySecuritiesHeldForPurposesOtherThanPureInvestmentReportingCompany" xlink:to="label_BookValueEquitySecuritiesOtherThanThoseNotListedInvestmentEquitySecuritiesHeldForPurposesOtherThanPureInvestmentReportingCompany" />
    <link:label xlink:type="resource" xlink:label="label_BookValueEquitySecuritiesOtherThanThoseNotListedInvestmentEquitySecuritiesHeldForPurposesOtherThanPureInvestmentReportingCompany_2" xml:lang="ja" xlink:role="http://www.xbrl.org/2003/role/verboseLabel" id="label_BookValueEquitySecuritiesOtherThanThoseNotListedInvestmentEquitySecuritiesHeldForPurposesOtherThanPureInvestmentReportingCompany_2">貸借対照表計上額、非上場株式以外の株式、保有目的が純投資目的以外の目的である投資株式、提出会社</link:label>
    <link:labelArc xlink:type="arc" xlink:arcrole="http://www.xbrl.org/2003/arcrole/concept-label" xlink:from="BookValueEquitySecuritiesOtherThanThoseNotListedInvestmentEquitySecuritiesHeldForPurposesOtherThanPureInvestmentReportingCompany" xlink:to="label_BookValueEquitySecuritiesOtherThanThoseNotListedInvestmentEquitySecuritiesHeldForPurposesOtherThanPureInvestmentReportingCompany_2" />
    <link:label xlink:type="resource" xlink:label="label_GrossOperatingProfit" xml:lang="ja" xlink:role="http://www.xbrl.org/2003/role/label" id="label_GrossOperatingProfit">営業総利益</link:label>
    <link:labelArc xlink:type="arc" xlink:arcrole="http://www.xbrl.org/2003/arcrole/concept-label" xlink:from="GrossOperatingProfit" xlink:to="label_GrossOperatingProfit" />
    <link:label xlink:type="resource" xlink:label="label_GrossOperatingProfit_2" xml:lang="ja" xlink:role="http://www.xbrl.org/2003/role/verboseLabel" id="label_GrossOperatingProfit_2">営業総利益</link:label>
    <link:labelArc xlink:type="arc" xlink:arcrole="http://www.xbrl.org/2003/arcrole/concept-label" xlink:from="GrossOperatingProfit" xlink:to="label_GrossOperatingProfit_2" />
    <link:label xlink:type="resource" xlink:label="label_VendingMachineCommissionNOI" xml:lang="ja" xlink:role="http://www.xbrl.org/2003/role/label" id="label_VendingMachineCommissionNOI">自動販売機手数料</link:label>
    <link:labelArc xlink:type="arc" xlink:arcrole="http://www.xbrl.org/2003/arcrole/concept-label" xlink:from="VendingMachineCommissionNOI" xlink:to="label_VendingMachineCommissionNOI" />
    <link:label xlink:type="resource" xlink:label="label_VendingMachineCommissionNOI_2" xml:lang="ja" xlink:role="http://www.xbrl.org/2003/role/verboseLabel" id="label_VendingMachineCommissionNOI_2">自動販売機手数料、営業外収益</link:label>
    <link:labelArc xlink:type="arc" xlink:arcrole="http://www.xbrl.org/2003/arcrole/concept-label" xlink:from="VendingMachineCommissionNOI" xlink:to="label_VendingMachineCommissionNOI_2" />
    <link:label xlink:type="resource" xlink:label="label_RentalPaymentsNOE" xml:lang="ja" xlink:role="http://www.xbrl.org/2003/role/label" id="label_RentalPaymentsNOE">支払賃借料</link:label>
    <link:labelArc xlink:type="arc" xlink:arcrole="http://www.xbrl.org/2003/arcrole/concept-label" xlink:from="RentalPaymentsNOE" xlink:to="label_RentalPaymentsNOE" />
    <link:label xlink:type="resource" xlink:label="label_RentalPaymentsNOE_2" xml:lang="ja" xlink:role="http://www.xbrl.org/2003/role/verboseLabel" id="label_RentalPaymentsNOE_2">支払賃借料、営業外費用</link:label>
    <link:labelArc xlink:type="arc" xlink:arcrole="http://www.xbrl.org/2003/arcrole/concept-label" xlink:from="RentalPaymentsNOE" xlink:to="label_RentalPaymentsNOE_2" />
    <link:label xlink:type="resource" xlink:label="label_GainOnReversalOfAssetRetirementObligationsEL" xml:lang="ja" xlink:role="http://www.xbrl.org/2003/role/label" id="label_GainOnReversalOfAssetRetirementObligationsEL">資産除去債務戻入益</link:label>
    <link:labelArc xlink:type="arc" xlink:arcrole="http://www.xbrl.org/2003/arcrole/concept-label" xlink:from="GainOnReversalOfAssetRetirementObligationsEL" xlink:to="label_GainOnReversalOfAssetRetirementObligationsEL" />
    <link:label xlink:type="resource" xlink:label="label_GainOnReversalOfAssetRetirementObligationsEL_2" xml:lang="ja" xlink:role="http://www.xbrl.org/2003/role/verboseLabel" id="label_GainOnReversalOfAssetRetirementObligationsEL_2">資産除去債務戻入益、特別利益</link:label>
    <link:labelArc xlink:type="arc" xlink:arcrole="http://www.xbrl.org/2003/arcrole/concept-label" xlink:from="GainOnReversalOfAssetRetirementObligationsEL" xlink:to="label_GainOnReversalOfAssetRetirementObligationsEL_2" />
    <link:label xlink:type="resource" xlink:label="label_BusinessStructuralReformRelatedExpensesEL" xml:lang="ja" xlink:role="http://www.xbrl.org/2003/role/label" id="label_BusinessStructuralReformRelatedExpensesEL">事業構造改革関連費用</link:label>
    <link:labelArc xlink:type="arc" xlink:arcrole="http://www.xbrl.org/2003/arcrole/concept-label" xlink:from="BusinessStructuralReformRelatedExpensesEL" xlink:to="label_BusinessStructuralReformRelatedExpensesEL" />
    <link:label xlink:type="resource" xlink:label="label_BusinessStructuralReformRelatedExpensesEL_2" xml:lang="ja" xlink:role="http://www.xbrl.org/2003/role/verboseLabel" id="label_BusinessStructuralReformRelatedExpensesEL_2">事業構造改革関連費用、特別損失</link:label>
    <link:labelArc xlink:type="arc" xlink:arcrole="http://www.xbrl.org/2003/arcrole/concept-label" xlink:from="BusinessStructuralReformRelatedExpensesEL" xlink:to="label_BusinessStructuralReformRelatedExpensesEL_2" />
    <link:label xlink:type="resource" xlink:label="label_WhetherIssuerOfAforementionedSharesHoldsReportingCompanysSharesDetailsOfSpecifiedInvestmentEquitySecuritiesHeldForPurposesOtherThanPureInvestmentReportingCompany" xml:lang="ja" xlink:role="http://www.xbrl.org/2003/role/label" id="label_WhetherIssuerOfAforementionedSharesHoldsReportingCompanysSharesDetailsOfSpecifiedInvestmentEquitySecuritiesHeldForPurposesOtherThanPureInvestmentReportingCompany">当該株式の発行者による提出会社の株式の保有の有無</link:label>
    <link:labelArc xlink:type="arc" xlink:arcrole="http://www.xbrl.org/2003/arcrole/concept-label" xlink:from="WhetherIssuerOfAforementionedSharesHoldsReportingCompanysSharesDetailsOfSpecifiedInvestmentEquitySecuritiesHeldForPurposesOtherThanPureInvestmentReportingCompany" xlink:to="label_WhetherIssuerOfAforementionedSharesHoldsReportingCompanysSharesDetailsOfSpecifiedInvestmentEquitySecuritiesHeldForPurposesOtherThanPureInvestmentReportingCompany" />
    <link:label xlink:type="resource" xlink:label="label_WhetherIssuerOfAforementionedSharesHoldsReportingCompanysSharesDetailsOfSpecifiedInvestmentEquitySecuritiesHeldForPurposesOtherThanPureInvestmentReportingCompany_2" xml:lang="ja" xlink:role="http://www.xbrl.org/2003/role/verboseLabel" id="label_WhetherIssuerOfAforementionedSharesHoldsReportingCompanysSharesDetailsOfSpecifiedInvestmentEquitySecuritiesHeldForPurposesOtherThanPureInvestmentReportingCompany_2">当該株式の発行者による提出会社の株式の保有の有無、保有目的が純投資目的以外の目的である特定投資株式の明細、提出会社</link:label>
    <link:labelArc xlink:type="arc" xlink:arcrole="http://www.xbrl.org/2003/arcrole/concept-label" xlink:from="WhetherIssuerOfAforementionedSharesHoldsReportingCompanysSharesDetailsOfSpecifiedInvestmentEquitySecuritiesHeldForPurposesOtherThanPureInvestmentReportingCompany" xlink:to="label_WhetherIssuerOfAforementionedSharesHoldsReportingCompanysSharesDetailsOfSpecifiedInvestmentEquitySecuritiesHeldForPurposesOtherThanPureInvestmentReportingCompany_2" />
    <link:label xlink:type="resource" xlink:label="label_ManagementAnalysisOfFinancialPositionOperatingResultsAndCashFlowsHeading" xml:lang="ja" xlink:role="http://www.xbrl.org/2003/role/label" id="label_ManagementAnalysisOfFinancialPositionOperatingResultsAndCashFlowsHeading">経営者による財政状態、経営成績及びキャッシュ・フローの状況の分析</link:label>
    <link:labelArc xlink:type="arc" xlink:arcrole="http://www.xbrl.org/2003/arcrole/concept-label" xlink:from="ManagementAnalysisOfFinancialPositionOperatingResultsAndCashFlowsHeading" xlink:to="label_ManagementAnalysisOfFinancialPositionOperatingResultsAndCashFlowsHeading" />
    <link:label xlink:type="resource" xlink:label="label_ManagementAnalysisOfFinancialPositionOperatingResultsAndCashFlowsHeading_2" xml:lang="ja" xlink:role="http://www.xbrl.org/2003/role/verboseLabel" id="label_ManagementAnalysisOfFinancialPositionOperatingResultsAndCashFlowsHeading_2">経営者による財政状態、経営成績及びキャッシュ・フローの状況の分析 [目次項目]</link:label>
    <link:labelArc xlink:type="arc" xlink:arcrole="http://www.xbrl.org/2003/arcrole/concept-label" xlink:from="ManagementAnalysisOfFinancialPositionOperatingResultsAndCashFlowsHeading" xlink:to="label_ManagementAnalysisOfFinancialPositionOperatingResultsAndCashFlowsHeading_2" />
    <link:label xlink:type="resource" xlink:label="label_ManagementAnalysisOfFinancialPositionOperatingResultsAndCashFlowsTextBlock" xml:lang="ja" xlink:role="http://www.xbrl.org/2003/role/label" id="label_ManagementAnalysisOfFinancialPositionOperatingResultsAndCashFlowsTextBlock">経営者による財政状態、経営成績及びキャッシュ・フローの状況の分析</link:label>
    <link:labelArc xlink:type="arc" xlink:arcrole="http://www.xbrl.org/2003/arcrole/concept-label" xlink:from="ManagementAnalysisOfFinancialPositionOperatingResultsAndCashFlowsTextBlock" xlink:to="label_ManagementAnalysisOfFinancialPositionOperatingResultsAndCashFlowsTextBlock" />
    <link:label xlink:type="resource" xlink:label="label_ManagementAnalysisOfFinancialPositionOperatingResultsAndCashFlowsTextBlock_2" xml:lang="ja" xlink:role="http://www.xbrl.org/2003/role/verboseLabel" id="label_ManagementAnalysisOfFinancialPositionOperatingResultsAndCashFlowsTextBlock_2">経営者による財政状態、経営成績及びキャッシュ・フローの状況の分析 [テキストブロック]</link:label>
    <link:labelArc xlink:type="arc" xlink:arcrole="http://www.xbrl.org/2003/arcrole/concept-label" xlink:from="ManagementAnalysisOfFinancialPositionOperatingResultsAndCashFlowsTextBlock" xlink:to="label_ManagementAnalysisOfFinancialPositionOperatingResultsAndCashFlowsTextBlock_2" />
    <link:label xlink:type="resource" xlink:label="label_OtherInformationAboutShareAcquisitionRightsHeading" xml:lang="ja" xlink:role="http://www.xbrl.org/2003/role/label" id="label_OtherInformationAboutShareAcquisitionRightsHeading">その他の新株予約権等の状況</link:label>
    <link:labelArc xlink:type="arc" xlink:arcrole="http://www.xbrl.org/2003/arcrole/concept-label" xlink:from="OtherInformationAboutShareAcquisitionRightsHeading" xlink:to="label_OtherInformationAboutShareAcquisitionRightsHeading" />
    <link:label xlink:type="resource" xlink:label="label_OtherInformationAboutShareAcquisitionRightsHeading_2" xml:lang="ja" xlink:role="http://www.xbrl.org/2003/role/verboseLabel" id="label_OtherInformationAboutShareAcquisitionRightsHeading_2">その他の新株予約権等の状況 [目次項目]</link:label>
    <link:labelArc xlink:type="arc" xlink:arcrole="http://www.xbrl.org/2003/arcrole/concept-label" xlink:from="OtherInformationAboutShareAcquisitionRightsHeading" xlink:to="label_OtherInformationAboutShareAcquisitionRightsHeading_2" />
    <link:label xlink:type="resource" xlink:label="label_OtherInformationAboutShareAcquisitionRightsTextBlock" xml:lang="ja" xlink:role="http://www.xbrl.org/2003/role/label" id="label_OtherInformationAboutShareAcquisitionRightsTextBlock">その他の新株予約権等の状況</link:label>
    <link:labelArc xlink:type="arc" xlink:arcrole="http://www.xbrl.org/2003/arcrole/concept-label" xlink:from="OtherInformationAboutShareAcquisitionRightsTextBlock" xlink:to="label_OtherInformationAboutShareAcquisitionRightsTextBlock" />
    <link:label xlink:type="resource" xlink:label="label_OtherInformationAboutShareAcquisitionRightsTextBlock_2" xml:lang="ja" xlink:role="http://www.xbrl.org/2003/role/verboseLabel" id="label_OtherInformationAboutShareAcquisitionRightsTextBlock_2">その他の新株予約権等の状況 [テキストブロック]</link:label>
    <link:labelArc xlink:type="arc" xlink:arcrole="http://www.xbrl.org/2003/arcrole/concept-label" xlink:from="OtherInformationAboutShareAcquisitionRightsTextBlock" xlink:to="label_OtherInformationAboutShareAcquisitionRightsTextBlock_2" />
    <link:label xlink:type="resource" xlink:label="label_OverviewOfCorporateGovernanceTextBlock" xml:lang="ja" xlink:role="http://www.xbrl.org/2003/role/label" id="label_OverviewOfCorporateGovernanceTextBlock">コーポレート・ガバナンスの概要</link:label>
    <link:labelArc xlink:type="arc" xlink:arcrole="http://www.xbrl.org/2003/arcrole/concept-label" xlink:from="OverviewOfCorporateGovernanceTextBlock" xlink:to="label_OverviewOfCorporateGovernanceTextBlock" />
    <link:label xlink:type="resource" xlink:label="label_OverviewOfCorporateGovernanceTextBlock_2" xml:lang="ja" xlink:role="http://www.xbrl.org/2003/role/verboseLabel" id="label_OverviewOfCorporateGovernanceTextBlock_2">コーポレート・ガバナンスの概要 [テキストブロック]</link:label>
    <link:labelArc xlink:type="arc" xlink:arcrole="http://www.xbrl.org/2003/arcrole/concept-label" xlink:from="OverviewOfCorporateGovernanceTextBlock" xlink:to="label_OverviewOfCorporateGovernanceTextBlock_2" />
    <link:label xlink:type="resource" xlink:label="label_OutsideDirectorsAndOutsideCorporateAuditorsInformationAboutDirectorsAndOtherOfficersTextBlock" xml:lang="ja" xlink:role="http://www.xbrl.org/2003/role/label" id="label_OutsideDirectorsAndOutsideCorporateAuditorsInformationAboutDirectorsAndOtherOfficersTextBlock">社外取締役（及び社外監査役）</link:label>
    <link:labelArc xlink:type="arc" xlink:arcrole="http://www.xbrl.org/2003/arcrole/concept-label" xlink:from="OutsideDirectorsAndOutsideCorporateAuditorsInformationAboutDirectorsAndOtherOfficersTextBlock" xlink:to="label_OutsideDirectorsAndOutsideCorporateAuditorsInformationAboutDirectorsAndOtherOfficersTextBlock" />
    <link:label xlink:type="resource" xlink:label="label_OutsideDirectorsAndOutsideCorporateAuditorsInformationAboutDirectorsAndOtherOfficersTextBlock_2" xml:lang="ja" xlink:role="http://www.xbrl.org/2003/role/verboseLabel" id="label_OutsideDirectorsAndOutsideCorporateAuditorsInformationAboutDirectorsAndOtherOfficersTextBlock_2">社外取締役（及び社外監査役）、役員の状況 [テキストブロック]</link:label>
    <link:labelArc xlink:type="arc" xlink:arcrole="http://www.xbrl.org/2003/arcrole/concept-label" xlink:from="OutsideDirectorsAndOutsideCorporateAuditorsInformationAboutDirectorsAndOtherOfficersTextBlock" xlink:to="label_OutsideDirectorsAndOutsideCorporateAuditorsInformationAboutDirectorsAndOtherOfficersTextBlock_2" />
    <link:label xlink:type="resource" xlink:label="label_InformationAboutAuditsTextBlock" xml:lang="ja" xlink:role="http://www.xbrl.org/2003/role/label" id="label_InformationAboutAuditsTextBlock">監査の状況</link:label>
    <link:labelArc xlink:type="arc" xlink:arcrole="http://www.xbrl.org/2003/arcrole/concept-label" xlink:from="InformationAboutAuditsTextBlock" xlink:to="label_InformationAboutAuditsTextBlock" />
    <link:label xlink:type="resource" xlink:label="label_InformationAboutAuditsTextBlock_2" xml:lang="ja" xlink:role="http://www.xbrl.org/2003/role/verboseLabel" id="label_InformationAboutAuditsTextBlock_2">監査の状況 [テキストブロック]</link:label>
    <link:labelArc xlink:type="arc" xlink:arcrole="http://www.xbrl.org/2003/arcrole/concept-label" xlink:from="InformationAboutAuditsTextBlock" xlink:to="label_InformationAboutAuditsTextBlock_2" />
    <link:label xlink:type="resource" xlink:label="label_RemunerationForDirectorsAndOtherOfficersTextBlock" xml:lang="ja" xlink:role="http://www.xbrl.org/2003/role/label" id="label_RemunerationForDirectorsAndOtherOfficersTextBlock">役員の報酬等</link:label>
    <link:labelArc xlink:type="arc" xlink:arcrole="http://www.xbrl.org/2003/arcrole/concept-label" xlink:from="RemunerationForDirectorsAndOtherOfficersTextBlock" xlink:to="label_RemunerationForDirectorsAndOtherOfficersTextBlock" />
    <link:label xlink:type="resource" xlink:label="label_RemunerationForDirectorsAndOtherOfficersTextBlock_2" xml:lang="ja" xlink:role="http://www.xbrl.org/2003/role/verboseLabel" id="label_RemunerationForDirectorsAndOtherOfficersTextBlock_2">役員の報酬等 [テキストブロック]</link:label>
    <link:labelArc xlink:type="arc" xlink:arcrole="http://www.xbrl.org/2003/arcrole/concept-label" xlink:from="RemunerationForDirectorsAndOtherOfficersTextBlock" xlink:to="label_RemunerationForDirectorsAndOtherOfficersTextBlock_2" />
    <link:label xlink:type="resource" xlink:label="label_EquitySecuritiesHeldTextBlock" xml:lang="ja" xlink:role="http://www.xbrl.org/2003/role/label" id="label_EquitySecuritiesHeldTextBlock">株式の保有状況</link:label>
    <link:labelArc xlink:type="arc" xlink:arcrole="http://www.xbrl.org/2003/arcrole/concept-label" xlink:from="EquitySecuritiesHeldTextBlock" xlink:to="label_EquitySecuritiesHeldTextBlock" />
    <link:label xlink:type="resource" xlink:label="label_EquitySecuritiesHeldTextBlock_2" xml:lang="ja" xlink:role="http://www.xbrl.org/2003/role/verboseLabel" id="label_EquitySecuritiesHeldTextBlock_2">株式の保有状況 [テキストブロック]</link:label>
    <link:labelArc xlink:type="arc" xlink:arcrole="http://www.xbrl.org/2003/arcrole/concept-label" xlink:from="EquitySecuritiesHeldTextBlock" xlink:to="label_EquitySecuritiesHeldTextBlock_2" />
    <link:label xlink:type="resource" xlink:label="label_OverviewOfCorporateGovernanceHeading" xml:lang="ja" xlink:role="http://www.xbrl.org/2003/role/label" id="label_OverviewOfCorporateGovernanceHeading">コーポレート・ガバナンスの概要</link:label>
    <link:labelArc xlink:type="arc" xlink:arcrole="http://www.xbrl.org/2003/arcrole/concept-label" xlink:from="OverviewOfCorporateGovernanceHeading" xlink:to="label_OverviewOfCorporateGovernanceHeading" />
    <link:label xlink:type="resource" xlink:label="label_OverviewOfCorporateGovernanceHeading_2" xml:lang="ja" xlink:role="http://www.xbrl.org/2003/role/verboseLabel" id="label_OverviewOfCorporateGovernanceHeading_2">コーポレート・ガバナンスの概要 [目次項目]</link:label>
    <link:labelArc xlink:type="arc" xlink:arcrole="http://www.xbrl.org/2003/arcrole/concept-label" xlink:from="OverviewOfCorporateGovernanceHeading" xlink:to="label_OverviewOfCorporateGovernanceHeading_2" />
    <link:label xlink:type="resource" xlink:label="label_EquitySecuritiesHeldHeading" xml:lang="ja" xlink:role="http://www.xbrl.org/2003/role/label" id="label_EquitySecuritiesHeldHeading">株式の保有状況</link:label>
    <link:labelArc xlink:type="arc" xlink:arcrole="http://www.xbrl.org/2003/arcrole/concept-label" xlink:from="EquitySecuritiesHeldHeading" xlink:to="label_EquitySecuritiesHeldHeading" />
    <link:label xlink:type="resource" xlink:label="label_EquitySecuritiesHeldHeading_2" xml:lang="ja" xlink:role="http://www.xbrl.org/2003/role/verboseLabel" id="label_EquitySecuritiesHeldHeading_2">株式の保有状況 [目次項目]</link:label>
    <link:labelArc xlink:type="arc" xlink:arcrole="http://www.xbrl.org/2003/arcrole/concept-label" xlink:from="EquitySecuritiesHeldHeading" xlink:to="label_EquitySecuritiesHeldHeading_2" />
    <link:label xlink:type="resource" xlink:label="label_OfficialTitleOrPositionInformationAboutDirectorsAndCorporateAuditors" xml:lang="ja" xlink:role="http://www.xbrl.org/2003/role/label" id="label_OfficialTitleOrPositionInformationAboutDirectorsAndCorporateAuditors">役職名</link:label>
    <link:labelArc xlink:type="arc" xlink:arcrole="http://www.xbrl.org/2003/arcrole/concept-label" xlink:from="OfficialTitleOrPositionInformationAboutDirectorsAndCorporateAuditors" xlink:to="label_OfficialTitleOrPositionInformationAboutDirectorsAndCorporateAuditors" />
    <link:label xlink:type="resource" xlink:label="label_OfficialTitleOrPositionInformationAboutDirectorsAndCorporateAuditors_2" xml:lang="ja" xlink:role="http://www.xbrl.org/2003/role/verboseLabel" id="label_OfficialTitleOrPositionInformationAboutDirectorsAndCorporateAuditors_2">役職名、役員の状況（取締役（及び監査役））</link:label>
    <link:labelArc xlink:type="arc" xlink:arcrole="http://www.xbrl.org/2003/arcrole/concept-label" xlink:from="OfficialTitleOrPositionInformationAboutDirectorsAndCorporateAuditors" xlink:to="label_OfficialTitleOrPositionInformationAboutDirectorsAndCorporateAuditors_2" />
    <link:label xlink:type="resource" xlink:label="label_ChangesInTheAmountOfBusinessStructureImprovementAllowanceDecreaseOpeCF" xml:lang="ja" xlink:role="http://www.xbrl.org/2003/role/label" id="label_ChangesInTheAmountOfBusinessStructureImprovementAllowanceDecreaseOpeCF">事業構造改革引当金の増減額（△は減少）</link:label>
    <link:labelArc xlink:type="arc" xlink:arcrole="http://www.xbrl.org/2003/arcrole/concept-label" xlink:from="ChangesInTheAmountOfBusinessStructureImprovementAllowanceDecreaseOpeCF" xlink:to="label_ChangesInTheAmountOfBusinessStructureImprovementAllowanceDecreaseOpeCF" />
    <link:label xlink:type="resource" xlink:label="label_ChangesInTheAmountOfBusinessStructureImprovementAllowanceDecreaseOpeCF_2" xml:lang="ja" xlink:role="http://www.xbrl.org/2003/role/verboseLabel" id="label_ChangesInTheAmountOfBusinessStructureImprovementAllowanceDecreaseOpeCF_2">事業構造改革引当金の増減額（△は減少）、営業活動によるキャッシュ・フロー</link:label>
    <link:labelArc xlink:type="arc" xlink:arcrole="http://www.xbrl.org/2003/arcrole/concept-label" xlink:from="ChangesInTheAmountOfBusinessStructureImprovementAllowanceDecreaseOpeCF" xlink:to="label_ChangesInTheAmountOfBusinessStructureImprovementAllowanceDecreaseOpeCF_2" />
    <link:label xlink:type="resource" xlink:label="label_GainOnReversalOfAssetRetirementObligationsOpeCF" xml:lang="ja" xlink:role="http://www.xbrl.org/2003/role/label" id="label_GainOnReversalOfAssetRetirementObligationsOpeCF">資産除去債務戻入益</link:label>
    <link:labelArc xlink:type="arc" xlink:arcrole="http://www.xbrl.org/2003/arcrole/concept-label" xlink:from="GainOnReversalOfAssetRetirementObligationsOpeCF" xlink:to="label_GainOnReversalOfAssetRetirementObligationsOpeCF" />
    <link:label xlink:type="resource" xlink:label="label_GainOnReversalOfAssetRetirementObligationsOpeCF_2" xml:lang="ja" xlink:role="http://www.xbrl.org/2003/role/verboseLabel" id="label_GainOnReversalOfAssetRetirementObligationsOpeCF_2">資産除去債務戻入益、営業活動によるキャッシュ・フロー</link:label>
    <link:labelArc xlink:type="arc" xlink:arcrole="http://www.xbrl.org/2003/arcrole/concept-label" xlink:from="GainOnReversalOfAssetRetirementObligationsOpeCF" xlink:to="label_GainOnReversalOfAssetRetirementObligationsOpeCF_2" />
    <link:label xlink:type="resource" xlink:label="label_BusinessRestructuringReserves" xml:lang="ja" xlink:role="http://www.xbrl.org/2003/role/label" id="label_BusinessRestructuringReserves">事業構造改革引当金</link:label>
    <link:labelArc xlink:type="arc" xlink:arcrole="http://www.xbrl.org/2003/arcrole/concept-label" xlink:from="BusinessRestructuringReserves" xlink:to="label_BusinessRestructuringReserves" />
    <link:label xlink:type="resource" xlink:label="label_BusinessRestructuringReserves_2" xml:lang="ja" xlink:role="http://www.xbrl.org/2003/role/verboseLabel" id="label_BusinessRestructuringReserves_2">事業構造改革引当金</link:label>
    <link:labelArc xlink:type="arc" xlink:arcrole="http://www.xbrl.org/2003/arcrole/concept-label" xlink:from="BusinessRestructuringReserves" xlink:to="label_BusinessRestructuringReserves_2" />
    <link:label xlink:type="resource" xlink:label="label_InformationAboutAuditsHeading" xml:lang="ja" xlink:role="http://www.xbrl.org/2003/role/label" id="label_InformationAboutAuditsHeading">監査の状況</link:label>
    <link:labelArc xlink:type="arc" xlink:arcrole="http://www.xbrl.org/2003/arcrole/concept-label" xlink:from="InformationAboutAuditsHeading" xlink:to="label_InformationAboutAuditsHeading" />
    <link:label xlink:type="resource" xlink:label="label_InformationAboutAuditsHeading_2" xml:lang="ja" xlink:role="http://www.xbrl.org/2003/role/verboseLabel" id="label_InformationAboutAuditsHeading_2">監査の状況 [目次項目]</link:label>
    <link:labelArc xlink:type="arc" xlink:arcrole="http://www.xbrl.org/2003/arcrole/concept-label" xlink:from="InformationAboutAuditsHeading" xlink:to="label_InformationAboutAuditsHeading_2" />
    <link:label xlink:type="resource" xlink:label="label_IMAIHIKARIMember" xml:lang="ja" xlink:role="http://www.xbrl.org/2003/role/verboseLabel" id="label_IMAIHIKARIMember">今井　光 [メンバー]</link:label>
    <link:labelArc xlink:type="arc" xlink:arcrole="http://www.xbrl.org/2003/arcrole/concept-label" xlink:from="IMAIHIKARIMember" xlink:to="label_IMAIHIKARIMember" />
    <link:label xlink:type="resource" xlink:label="label_IMAIHIKARIMember_2" xml:lang="ja" xlink:role="http://www.xbrl.org/2003/role/label" id="label_IMAIHIKARIMember_2">今井　光</link:label>
    <link:labelArc xlink:type="arc" xlink:arcrole="http://www.xbrl.org/2003/arcrole/concept-label" xlink:from="IMAIHIKARIMember" xlink:to="label_IMAIHIKARIMember_2" />
    <link:label xlink:type="resource" xlink:label="label_NISIKAWAHIDEHIKOMember" xml:lang="ja" xlink:role="http://www.xbrl.org/2003/role/verboseLabel" id="label_NISIKAWAHIDEHIKOMember">西川　英彦 [メンバー]</link:label>
    <link:labelArc xlink:type="arc" xlink:arcrole="http://www.xbrl.org/2003/arcrole/concept-label" xlink:from="NISIKAWAHIDEHIKOMember" xlink:to="label_NISIKAWAHIDEHIKOMember" />
    <link:label xlink:type="resource" xlink:label="label_NISIKAWAHIDEHIKOMember_2" xml:lang="ja" xlink:role="http://www.xbrl.org/2003/role/label" id="label_NISIKAWAHIDEHIKOMember_2">西川　英彦</link:label>
    <link:labelArc xlink:type="arc" xlink:arcrole="http://www.xbrl.org/2003/arcrole/concept-label" xlink:from="NISIKAWAHIDEHIKOMember" xlink:to="label_NISIKAWAHIDEHIKOMember_2" />
    <link:label xlink:type="resource" xlink:label="label_OKANOTAKAAKIMember" xml:lang="ja" xlink:role="http://www.xbrl.org/2003/role/verboseLabel" id="label_OKANOTAKAAKIMember">岡野　恭明 [メンバー]</link:label>
    <link:labelArc xlink:type="arc" xlink:arcrole="http://www.xbrl.org/2003/arcrole/concept-label" xlink:from="OKANOTAKAAKIMember" xlink:to="label_OKANOTAKAAKIMember" />
    <link:label xlink:type="resource" xlink:label="label_OKANOTAKAAKIMember_2" xml:lang="ja" xlink:role="http://www.xbrl.org/2003/role/label" id="label_OKANOTAKAAKIMember_2">岡野　恭明</link:label>
    <link:labelArc xlink:type="arc" xlink:arcrole="http://www.xbrl.org/2003/arcrole/concept-label" xlink:from="OKANOTAKAAKIMember" xlink:to="label_OKANOTAKAAKIMember_2" />
    <link:label xlink:type="resource" xlink:label="label_KUSIDASIGEYUKIMember" xml:lang="ja" xlink:role="http://www.xbrl.org/2003/role/verboseLabel" id="label_KUSIDASIGEYUKIMember">櫛田　茂幸 [メンバー]</link:label>
    <link:labelArc xlink:type="arc" xlink:arcrole="http://www.xbrl.org/2003/arcrole/concept-label" xlink:from="KUSIDASIGEYUKIMember" xlink:to="label_KUSIDASIGEYUKIMember" />
    <link:label xlink:type="resource" xlink:label="label_KUSIDASIGEYUKIMember_2" xml:lang="ja" xlink:role="http://www.xbrl.org/2003/role/label" id="label_KUSIDASIGEYUKIMember_2">櫛田　茂幸</link:label>
    <link:labelArc xlink:type="arc" xlink:arcrole="http://www.xbrl.org/2003/arcrole/concept-label" xlink:from="KUSIDASIGEYUKIMember" xlink:to="label_KUSIDASIGEYUKIMember_2" />
    <link:label xlink:type="resource" xlink:label="label_OOSIMAKOUITIROUMember" xml:lang="ja" xlink:role="http://www.xbrl.org/2003/role/verboseLabel" id="label_OOSIMAKOUITIROUMember">大島　浩一郎 [メンバー]</link:label>
    <link:labelArc xlink:type="arc" xlink:arcrole="http://www.xbrl.org/2003/arcrole/concept-label" xlink:from="OOSIMAKOUITIROUMember" xlink:to="label_OOSIMAKOUITIROUMember" />
    <link:label xlink:type="resource" xlink:label="label_OOSIMAKOUITIROUMember_2" xml:lang="ja" xlink:role="http://www.xbrl.org/2003/role/label" id="label_OOSIMAKOUITIROUMember_2">大島　浩一郎</link:label>
    <link:labelArc xlink:type="arc" xlink:arcrole="http://www.xbrl.org/2003/arcrole/concept-label" xlink:from="OOSIMAKOUITIROUMember" xlink:to="label_OOSIMAKOUITIROUMember_2" />
    <link:label xlink:type="resource" xlink:label="label_HOSOKAWATADAHIROMember" xml:lang="ja" xlink:role="http://www.xbrl.org/2003/role/verboseLabel" id="label_HOSOKAWATADAHIROMember">細川　忠祐 [メンバー]</link:label>
    <link:labelArc xlink:type="arc" xlink:arcrole="http://www.xbrl.org/2003/arcrole/concept-label" xlink:from="HOSOKAWATADAHIROMember" xlink:to="label_HOSOKAWATADAHIROMember" />
    <link:label xlink:type="resource" xlink:label="label_HOSOKAWATADAHIROMember_2" xml:lang="ja" xlink:role="http://www.xbrl.org/2003/role/label" id="label_HOSOKAWATADAHIROMember_2">細川　忠祐</link:label>
    <link:labelArc xlink:type="arc" xlink:arcrole="http://www.xbrl.org/2003/arcrole/concept-label" xlink:from="HOSOKAWATADAHIROMember" xlink:to="label_HOSOKAWATADAHIROMember_2" />
    <link:label xlink:type="resource" xlink:label="label_ORIMOTOKAZUYAMember" xml:lang="ja" xlink:role="http://www.xbrl.org/2003/role/verboseLabel" id="label_ORIMOTOKAZUYAMember">折本　和也 [メンバー]</link:label>
    <link:labelArc xlink:type="arc" xlink:arcrole="http://www.xbrl.org/2003/arcrole/concept-label" xlink:from="ORIMOTOKAZUYAMember" xlink:to="label_ORIMOTOKAZUYAMember" />
    <link:label xlink:type="resource" xlink:label="label_ORIMOTOKAZUYAMember_2" xml:lang="ja" xlink:role="http://www.xbrl.org/2003/role/label" id="label_ORIMOTOKAZUYAMember_2">折本　和也</link:label>
    <link:labelArc xlink:type="arc" xlink:arcrole="http://www.xbrl.org/2003/arcrole/concept-label" xlink:from="ORIMOTOKAZUYAMember" xlink:to="label_ORIMOTOKAZUYAMember_2" />
    <link:label xlink:type="resource" xlink:label="label_KUBOMURAYASUSIMember" xml:lang="ja" xlink:role="http://www.xbrl.org/2003/role/verboseLabel" id="label_KUBOMURAYASUSIMember">久保村　康史 [メンバー]</link:label>
    <link:labelArc xlink:type="arc" xlink:arcrole="http://www.xbrl.org/2003/arcrole/concept-label" xlink:from="KUBOMURAYASUSIMember" xlink:to="label_KUBOMURAYASUSIMember" />
    <link:label xlink:type="resource" xlink:label="label_KUBOMURAYASUSIMember_2" xml:lang="ja" xlink:role="http://www.xbrl.org/2003/role/label" id="label_KUBOMURAYASUSIMember_2">久保村　康史</link:label>
    <link:labelArc xlink:type="arc" xlink:arcrole="http://www.xbrl.org/2003/arcrole/concept-label" xlink:from="KUBOMURAYASUSIMember" xlink:to="label_KUBOMURAYASUSIMember_2" />
    <link:label xlink:type="resource" xlink:label="label_TAJIMAKOUJIMember" xml:lang="ja" xlink:role="http://www.xbrl.org/2003/role/verboseLabel" id="label_TAJIMAKOUJIMember">田島　康嗣 [メンバー]</link:label>
    <link:labelArc xlink:type="arc" xlink:arcrole="http://www.xbrl.org/2003/arcrole/concept-label" xlink:from="TAJIMAKOUJIMember" xlink:to="label_TAJIMAKOUJIMember" />
    <link:label xlink:type="resource" xlink:label="label_TAJIMAKOUJIMember_2" xml:lang="ja" xlink:role="http://www.xbrl.org/2003/role/label" id="label_TAJIMAKOUJIMember_2">田島　康嗣</link:label>
    <link:labelArc xlink:type="arc" xlink:arcrole="http://www.xbrl.org/2003/arcrole/concept-label" xlink:from="TAJIMAKOUJIMember" xlink:to="label_TAJIMAKOUJIMember_2" />
    <link:label xlink:type="resource" xlink:label="label_RemunerationForDirectorsAndOtherOfficersHeading" xml:lang="ja" xlink:role="http://www.xbrl.org/2003/role/label" id="label_RemunerationForDirectorsAndOtherOfficersHeading">役員の報酬等</link:label>
    <link:labelArc xlink:type="arc" xlink:arcrole="http://www.xbrl.org/2003/arcrole/concept-label" xlink:from="RemunerationForDirectorsAndOtherOfficersHeading" xlink:to="label_RemunerationForDirectorsAndOtherOfficersHeading" />
    <link:label xlink:type="resource" xlink:label="label_RemunerationForDirectorsAndOtherOfficersHeading_2" xml:lang="ja" xlink:role="http://www.xbrl.org/2003/role/verboseLabel" id="label_RemunerationForDirectorsAndOtherOfficersHeading_2">役員の報酬等 [目次項目]</link:label>
    <link:labelArc xlink:type="arc" xlink:arcrole="http://www.xbrl.org/2003/arcrole/concept-label" xlink:from="RemunerationForDirectorsAndOtherOfficersHeading" xlink:to="label_RemunerationForDirectorsAndOtherOfficersHeading_2" />
  </link:labelLink>
</link:linkbase>