﻿<?xml version="1.0" encoding="utf-8"?>
<!-- Edited with XiRUTE .NET Library 01-08 -->
<link:linkbase xmlns:xlink="http://www.w3.org/1999/xlink" xmlns:xsi="http://www.w3.org/2001/XMLSchema-instance" xmlns:link="http://www.xbrl.org/2003/linkbase">
  <link:roleRef xlink:type="simple" xlink:href="http://disclosure.edinet-fsa.go.jp/taxonomy/jppfs/2019-02-28/jppfs_rt_2019-02-28.xsd#rol_ConsolidatedInterimLabel" roleURI="http://disclosure.edinet-fsa.go.jp/jppfs/ConsolidatedInterim/role/label" />
  <link:roleRef xlink:type="simple" xlink:href="http://disclosure.edinet-fsa.go.jp/taxonomy/jppfs/2019-02-28/jppfs_rt_2019-02-28.xsd#rol_ConsolidatedInterimPeriodEndLabel" roleURI="http://disclosure.edinet-fsa.go.jp/jppfs/ConsolidatedInterim/role/periodEndLabel" />
  <link:roleRef xlink:type="simple" xlink:href="http://disclosure.edinet-fsa.go.jp/taxonomy/jppfs/2019-02-28/jppfs_rt_2019-02-28.xsd#rol_ConsolidatedInterimPeriodStartLabel" roleURI="http://disclosure.edinet-fsa.go.jp/jppfs/ConsolidatedInterim/role/periodStartLabel" />
  <link:roleRef xlink:type="simple" xlink:href="http://disclosure.edinet-fsa.go.jp/taxonomy/jppfs/2019-02-28/jppfs_rt_2019-02-28.xsd#rol_NonConsolidatedInterimLabel" roleURI="http://disclosure.edinet-fsa.go.jp/jppfs/NonConsolidatedInterim/role/label" />
  <link:roleRef xlink:type="simple" xlink:href="http://disclosure.edinet-fsa.go.jp/taxonomy/jppfs/2019-02-28/jppfs_rt_2019-02-28.xsd#rol_NonConsolidatedInterimPeriodEndLabel" roleURI="http://disclosure.edinet-fsa.go.jp/jppfs/NonConsolidatedInterim/role/periodEndLabel" />
  <link:roleRef xlink:type="simple" xlink:href="http://disclosure.edinet-fsa.go.jp/taxonomy/jppfs/2019-02-28/jppfs_rt_2019-02-28.xsd#rol_NonConsolidatedInterimPeriodStartLabel" roleURI="http://disclosure.edinet-fsa.go.jp/jppfs/NonConsolidatedInterim/role/periodStartLabel" />
  <link:labelLink xlink:type="extended" xlink:role="http://www.xbrl.org/2003/role/link">
    <link:label xml:lang="ja" xlink:type="resource" xlink:label="jpcrp040300-q2r_E06141-000_AccrualMethodOfReserveForPriceFluctuationsTextBlock_label" xlink:role="http://www.xbrl.org/2003/role/label">価格変動準備金の計上方法</link:label>
    <link:label xml:lang="ja" xlink:type="resource" xlink:label="jpcrp040300-q2r_E06141-000_AccrualMethodOfReserveForPriceFluctuationsTextBlock_label_1" xlink:role="http://www.xbrl.org/2003/role/verboseLabel">価格変動準備金の計上方法 [テキストブロック]</link:label>
    <link:label xml:lang="ja" xlink:type="resource" xlink:label="jpcrp040300-q2r_E06141-000_BenefitsAndClaimsSummaryOfBusinessResults_label" xlink:role="http://www.xbrl.org/2003/role/label">保険金等支払金</link:label>
    <link:label xml:lang="ja" xlink:type="resource" xlink:label="jpcrp040300-q2r_E06141-000_BenefitsAndClaimsSummaryOfBusinessResults_label_1" xlink:role="http://www.xbrl.org/2003/role/verboseLabel">保険金等支払金、経営指標等</link:label>
    <link:label xml:lang="ja" xlink:type="resource" xlink:label="jpcrp040300-q2r_E06141-000_DomesticLifeInsuranceBusinessReportableSegmentMember_label" xlink:role="http://www.xbrl.org/2003/role/label">国内生命保険事業</link:label>
    <link:label xml:lang="ja" xlink:type="resource" xlink:label="jpcrp040300-q2r_E06141-000_DomesticLifeInsuranceBusinessReportableSegmentMember_label_1" xlink:role="http://www.xbrl.org/2003/role/verboseLabel">国内生命保険事業、報告セグメント [メンバー]</link:label>
    <link:label xml:lang="ja" xlink:type="resource" xlink:label="jpcrp040300-q2r_E06141-000_FundForPriceFluctuationAllowance_label_7" xlink:role="http://www.xbrl.org/2003/role/label">価格変動積立金</link:label>
    <link:label xml:lang="ja" xlink:type="resource" xlink:label="jpcrp040300-q2r_E06141-000_FundForPriceFluctuationAllowance_label_10" xlink:role="http://www.xbrl.org/2003/role/verboseLabel">価格変動積立金</link:label>
    <link:label xml:lang="ja" xlink:type="resource" xlink:label="jpcrp040300-q2r_E06141-000_FundForPriceFluctuationAllowance_label_9" xlink:role="http://www.xbrl.org/2003/role/periodStartLabel">当期首残高</link:label>
    <link:label xml:lang="ja" xlink:type="resource" xlink:label="jpcrp040300-q2r_E06141-000_FundForPriceFluctuationAllowance_label_8" xlink:role="http://www.xbrl.org/2003/role/periodEndLabel">当期末残高</link:label>
    <link:label xml:lang="ja" xlink:type="resource" xlink:label="jpcrp040300-q2r_E06141-000_FundForPriceFluctuationAllowance_label_6" xlink:role="http://www.xbrl.org/2003/role/documentation">価格変動積立金</link:label>
    <link:label xml:lang="ja" xlink:type="resource" xlink:label="jpcrp040300-q2r_E06141-000_FundForPriceFluctuationAllowance_label" xlink:role="http://disclosure.edinet-fsa.go.jp/jppfs/ConsolidatedInterim/role/label">価格変動積立金</link:label>
    <link:label xml:lang="ja" xlink:type="resource" xlink:label="jpcrp040300-q2r_E06141-000_FundForPriceFluctuationAllowance_label_1" xlink:role="http://disclosure.edinet-fsa.go.jp/jppfs/ConsolidatedInterim/role/periodEndLabel">当中間期末残高</link:label>
    <link:label xml:lang="ja" xlink:type="resource" xlink:label="jpcrp040300-q2r_E06141-000_FundForPriceFluctuationAllowance_label_2" xlink:role="http://disclosure.edinet-fsa.go.jp/jppfs/ConsolidatedInterim/role/periodStartLabel">当期首残高</link:label>
    <link:label xml:lang="ja" xlink:type="resource" xlink:label="jpcrp040300-q2r_E06141-000_FundForPriceFluctuationAllowance_label_3" xlink:role="http://disclosure.edinet-fsa.go.jp/jppfs/NonConsolidatedInterim/role/label">価格変動積立金</link:label>
    <link:label xml:lang="ja" xlink:type="resource" xlink:label="jpcrp040300-q2r_E06141-000_FundForPriceFluctuationAllowance_label_4" xlink:role="http://disclosure.edinet-fsa.go.jp/jppfs/NonConsolidatedInterim/role/periodEndLabel">当中間期末残高</link:label>
    <link:label xml:lang="ja" xlink:type="resource" xlink:label="jpcrp040300-q2r_E06141-000_FundForPriceFluctuationAllowance_label_5" xlink:role="http://disclosure.edinet-fsa.go.jp/jppfs/NonConsolidatedInterim/role/periodStartLabel">当期首残高</link:label>
    <link:label xml:lang="ja" xlink:type="resource" xlink:label="jpcrp040300-q2r_E06141-000_FundForPriceFluctuationAllowanceMember_label" xlink:role="http://www.xbrl.org/2003/role/label">価格変動積立金</link:label>
    <link:label xml:lang="ja" xlink:type="resource" xlink:label="jpcrp040300-q2r_E06141-000_FundForPriceFluctuationAllowanceMember_label_1" xlink:role="http://www.xbrl.org/2003/role/verboseLabel">価格変動積立金 [メンバー]</link:label>
    <link:label xml:lang="ja" xlink:type="resource" xlink:label="jpcrp040300-q2r_E06141-000_IncreaseDecreaseInReserveForPossibleReimbursementOfPrescribedClaimsOpeCF_label_1" xlink:role="http://www.xbrl.org/2003/role/label">時効保険金等払戻引当金の増減額（△は減少）</link:label>
    <link:label xml:lang="ja" xlink:type="resource" xlink:label="jpcrp040300-q2r_E06141-000_IncreaseDecreaseInReserveForPossibleReimbursementOfPrescribedClaimsOpeCF_label_2" xlink:role="http://www.xbrl.org/2003/role/verboseLabel">時効保険金等払戻引当金の増減額（△は減少）、営業活動によるキャッシュ・フロー</link:label>
    <link:label xml:lang="ja" xlink:type="resource" xlink:label="jpcrp040300-q2r_E06141-000_IncreaseDecreaseInReserveForPossibleReimbursementOfPrescribedClaimsOpeCF_label" xlink:role="http://www.xbrl.org/2003/role/documentation">時効保険金等払戻引当金の増減額（△は減少）、営業活動によるキャッシュ・フロー</link:label>
    <link:label xml:lang="ja" xlink:type="resource" xlink:label="jpcrp040300-q2r_E06141-000_InvestmentIncomeSummaryOfBusinessResults_label" xlink:role="http://www.xbrl.org/2003/role/label">資産運用収益</link:label>
    <link:label xml:lang="ja" xlink:type="resource" xlink:label="jpcrp040300-q2r_E06141-000_InvestmentIncomeSummaryOfBusinessResults_label_1" xlink:role="http://www.xbrl.org/2003/role/verboseLabel">資産運用収益、経営指標等</link:label>
    <link:label xml:lang="ja" xlink:type="resource" xlink:label="jpcrp040300-q2r_E06141-000_NetIncreaseDecreaseInShortTermFinancingFinCF_label" xlink:role="http://www.xbrl.org/2003/role/label">短期資金調達の純増減額（△は減少）</link:label>
    <link:label xml:lang="ja" xlink:type="resource" xlink:label="jpcrp040300-q2r_E06141-000_NetIncreaseDecreaseInShortTermFinancingFinCF_label_1" xlink:role="http://www.xbrl.org/2003/role/verboseLabel">短期資金調達の純増減額（△は減少）、財務活動によるキャッシュ・フロー</link:label>
    <link:label xml:lang="ja" xlink:type="resource" xlink:label="jpcrp040300-q2r_E06141-000_NotesRegardingGainsOnDisposalOfFixedAssetsTextBlock_label" xlink:role="http://www.xbrl.org/2003/role/label">固定資産等処分益に関する注記</link:label>
    <link:label xml:lang="ja" xlink:type="resource" xlink:label="jpcrp040300-q2r_E06141-000_NotesRegardingGainsOnDisposalOfFixedAssetsTextBlock_label_1" xlink:role="http://www.xbrl.org/2003/role/verboseLabel">固定資産等処分益に関する注記 [テキストブロック]</link:label>
    <link:label xml:lang="ja" xlink:type="resource" xlink:label="jpcrp040300-q2r_E06141-000_NotesRegardingLossesOnDisposalOfFixedAssetsTextBlock_label" xlink:role="http://www.xbrl.org/2003/role/label">固定資産等処分損に関する注記</link:label>
    <link:label xml:lang="ja" xlink:type="resource" xlink:label="jpcrp040300-q2r_E06141-000_NotesRegardingLossesOnDisposalOfFixedAssetsTextBlock_label_1" xlink:role="http://www.xbrl.org/2003/role/verboseLabel">固定資産等処分損に関する注記 [テキストブロック]</link:label>
    <link:label xml:lang="ja" xlink:type="resource" xlink:label="jpcrp040300-q2r_E06141-000_NotesRegardingPolicyReserveMatchingBondsTextBlock_label" xlink:role="http://www.xbrl.org/2003/role/label">責任準備金対応債券の注記</link:label>
    <link:label xml:lang="ja" xlink:type="resource" xlink:label="jpcrp040300-q2r_E06141-000_NotesRegardingPolicyReserveMatchingBondsTextBlock_label_1" xlink:role="http://www.xbrl.org/2003/role/verboseLabel">責任準備金対応債券の注記 [テキストブロック]</link:label>
    <link:label xml:lang="ja" xlink:type="resource" xlink:label="jpcrp040300-q2r_E06141-000_NumberOfEmployeeFieldStaffSummaryOfBusinessResults_label" xlink:role="http://www.xbrl.org/2003/role/label">従業員数（営業職員）</link:label>
    <link:label xml:lang="ja" xlink:type="resource" xlink:label="jpcrp040300-q2r_E06141-000_NumberOfEmployeeFieldStaffSummaryOfBusinessResults_label_1" xlink:role="http://www.xbrl.org/2003/role/verboseLabel">従業員数（営業職員）、経営指標等</link:label>
    <link:label xml:lang="ja" xlink:type="resource" xlink:label="jpcrp040300-q2r_E06141-000_NumberOfEmployeeOfficeStaffSummaryOfBusinessResults_label" xlink:role="http://www.xbrl.org/2003/role/label">従業員数（内勤職員）</link:label>
    <link:label xml:lang="ja" xlink:type="resource" xlink:label="jpcrp040300-q2r_E06141-000_NumberOfEmployeeOfficeStaffSummaryOfBusinessResults_label_1" xlink:role="http://www.xbrl.org/2003/role/verboseLabel">従業員数（内勤職員）、経営指標等</link:label>
    <link:label xml:lang="ja" xlink:type="resource" xlink:label="jpcrp040300-q2r_E06141-000_OtherRefundsEtcOEINS_label_1" xlink:role="http://www.xbrl.org/2003/role/label">その他返戻金等</link:label>
    <link:label xml:lang="ja" xlink:type="resource" xlink:label="jpcrp040300-q2r_E06141-000_OtherRefundsEtcOEINS_label_2" xlink:role="http://www.xbrl.org/2003/role/verboseLabel">その他返戻金等、経常費用、保険業</link:label>
    <link:label xml:lang="ja" xlink:type="resource" xlink:label="jpcrp040300-q2r_E06141-000_OtherRefundsEtcOEINS_label" xlink:role="http://www.xbrl.org/2003/role/documentation">その他返戻金等、経常費用、保険業</link:label>
    <link:label xml:lang="ja" xlink:type="resource" xlink:label="jpcrp040300-q2r_E06141-000_OverseasInsuranceBusinessReportableSegmentMember_label" xlink:role="http://www.xbrl.org/2003/role/label">海外保険事業</link:label>
    <link:label xml:lang="ja" xlink:type="resource" xlink:label="jpcrp040300-q2r_E06141-000_OverseasInsuranceBusinessReportableSegmentMember_label_1" xlink:role="http://www.xbrl.org/2003/role/verboseLabel">海外保険事業、報告セグメント [メンバー]</link:label>
    <link:label xml:lang="ja" xlink:type="resource" xlink:label="jpcrp040300-q2r_E06141-000_PremiumAndOtherIncomeSummaryOfBusinessResults_label" xlink:role="http://www.xbrl.org/2003/role/label">保険料等収入</link:label>
    <link:label xml:lang="ja" xlink:type="resource" xlink:label="jpcrp040300-q2r_E06141-000_PremiumAndOtherIncomeSummaryOfBusinessResults_label_1" xlink:role="http://www.xbrl.org/2003/role/verboseLabel">保険料等収入、経営指標等</link:label>
    <link:label xml:lang="ja" xlink:type="resource" xlink:label="jpcrp040300-q2r_E06141-000_ProceedsFromAcquisitionOfBusinessInvCF_label" xlink:role="http://www.xbrl.org/2003/role/label">事業譲受による収入</link:label>
    <link:label xml:lang="ja" xlink:type="resource" xlink:label="jpcrp040300-q2r_E06141-000_ProceedsFromAcquisitionOfBusinessInvCF_label_1" xlink:role="http://www.xbrl.org/2003/role/verboseLabel">事業譲受による収入、投資活動によるキャッシュ・フロー</link:label>
    <link:label xml:lang="ja" xlink:type="resource" xlink:label="jpcrp040300-q2r_E06141-000_ProvisionForReserveForPolicyholderDividendsSummaryOfBusinessResults_label" xlink:role="http://www.xbrl.org/2003/role/label">契約者配当準備金繰入額</link:label>
    <link:label xml:lang="ja" xlink:type="resource" xlink:label="jpcrp040300-q2r_E06141-000_ProvisionForReserveForPolicyholderDividendsSummaryOfBusinessResults_label_1" xlink:role="http://www.xbrl.org/2003/role/verboseLabel">契約者配当準備金繰入額、経営指標等</link:label>
    <link:label xml:lang="ja" xlink:type="resource" xlink:label="jpcrp040300-q2r_E06141-000_ReserveForPossibleReimbursementOfPrescribedClaims_label_1" xlink:role="http://www.xbrl.org/2003/role/label">時効保険金等払戻引当金</link:label>
    <link:label xml:lang="ja" xlink:type="resource" xlink:label="jpcrp040300-q2r_E06141-000_ReserveForPossibleReimbursementOfPrescribedClaims_label_2" xlink:role="http://www.xbrl.org/2003/role/verboseLabel">時効保険金等払戻引当金</link:label>
    <link:label xml:lang="ja" xlink:type="resource" xlink:label="jpcrp040300-q2r_E06141-000_ReserveForPossibleReimbursementOfPrescribedClaims_label" xlink:role="http://www.xbrl.org/2003/role/documentation">時効保険金等払戻引当金</link:label>
    <link:label xml:lang="ja" xlink:type="resource" xlink:label="jpcrp040300-q2r_E06141-000_SalesActivityExpensesLifeInsuranceBusiness_label" xlink:role="http://www.xbrl.org/2003/role/label">営業活動費</link:label>
    <link:label xml:lang="ja" xlink:type="resource" xlink:label="jpcrp040300-q2r_E06141-000_SalesActivityExpensesLifeInsuranceBusiness_label_1" xlink:role="http://www.xbrl.org/2003/role/verboseLabel">営業活動費、生命保険業</link:label>
    <link:label xml:lang="ja" xlink:type="resource" xlink:label="jpcrp040300-q2r_E06141-000_SalesManagementExpensesLifeInsuranceBusiness_label" xlink:role="http://www.xbrl.org/2003/role/label">営業管理費</link:label>
    <link:label xml:lang="ja" xlink:type="resource" xlink:label="jpcrp040300-q2r_E06141-000_SalesManagementExpensesLifeInsuranceBusiness_label_1" xlink:role="http://www.xbrl.org/2003/role/verboseLabel">営業管理費、生命保険業</link:label>
    <link:label xml:lang="ja" xlink:type="resource" xlink:label="jpcrp040300-q2r_E06141-000_SummaryOfBusinessResultsTextBlock_label" xlink:role="http://www.xbrl.org/2003/role/label">主要な経営指標等の推移</link:label>
    <link:label xml:lang="ja" xlink:type="resource" xlink:label="jpcrp040300-q2r_E06141-000_SummaryOfBusinessResultsTextBlock_label_1" xlink:role="http://www.xbrl.org/2003/role/verboseLabel">主要な経営指標等の推移 [テキストブロック]</link:label>
    <link:label xml:lang="ja" xlink:type="resource" xlink:label="jppfs_cor_CumulativeEffectsOfChangesInAccountingPolicies_label" xlink:role="http://www.xbrl.org/2003/role/periodStartLabel">会計方針の変更による累積的影響額</link:label>
    <link:label xml:lang="ja" xlink:type="resource" xlink:label="jppfs_cor_RestatedBalance_label" xlink:role="http://www.xbrl.org/2003/role/periodStartLabel">会計方針の変更を反映した当期首残高</link:label>
    <link:loc xlink:type="locator" xlink:href="http://disclosure.edinet-fsa.go.jp/taxonomy/jppfs/2019-02-28/jppfs_cor_2019-02-28.xsd#jppfs_cor_CumulativeEffectsOfChangesInAccountingPolicies" xlink:label="jppfs_cor_CumulativeEffectsOfChangesInAccountingPolicies" />
    <link:loc xlink:type="locator" xlink:href="http://disclosure.edinet-fsa.go.jp/taxonomy/jppfs/2019-02-28/jppfs_cor_2019-02-28.xsd#jppfs_cor_RestatedBalance" xlink:label="jppfs_cor_RestatedBalance" />
    <link:loc xlink:type="locator" xlink:href="jpcrp040300-q2r-001_E06141-000_2019-09-30_01_2019-11-29.xsd#jpcrp040300-q2r_E06141-000_AccrualMethodOfReserveForPriceFluctuationsTextBlock" xlink:label="jpcrp040300-q2r_E06141-000_AccrualMethodOfReserveForPriceFluctuationsTextBlock" />
    <link:loc xlink:type="locator" xlink:href="jpcrp040300-q2r-001_E06141-000_2019-09-30_01_2019-11-29.xsd#jpcrp040300-q2r_E06141-000_BenefitsAndClaimsSummaryOfBusinessResults" xlink:label="jpcrp040300-q2r_E06141-000_BenefitsAndClaimsSummaryOfBusinessResults" />
    <link:loc xlink:type="locator" xlink:href="jpcrp040300-q2r-001_E06141-000_2019-09-30_01_2019-11-29.xsd#jpcrp040300-q2r_E06141-000_DomesticLifeInsuranceBusinessReportableSegmentMember" xlink:label="jpcrp040300-q2r_E06141-000_DomesticLifeInsuranceBusinessReportableSegmentMember" />
    <link:loc xlink:type="locator" xlink:href="jpcrp040300-q2r-001_E06141-000_2019-09-30_01_2019-11-29.xsd#jpcrp040300-q2r_E06141-000_FundForPriceFluctuationAllowance" xlink:label="jpcrp040300-q2r_E06141-000_FundForPriceFluctuationAllowance" />
    <link:loc xlink:type="locator" xlink:href="jpcrp040300-q2r-001_E06141-000_2019-09-30_01_2019-11-29.xsd#jpcrp040300-q2r_E06141-000_FundForPriceFluctuationAllowanceMember" xlink:label="jpcrp040300-q2r_E06141-000_FundForPriceFluctuationAllowanceMember" />
    <link:loc xlink:type="locator" xlink:href="jpcrp040300-q2r-001_E06141-000_2019-09-30_01_2019-11-29.xsd#jpcrp040300-q2r_E06141-000_IncreaseDecreaseInReserveForPossibleReimbursementOfPrescribedClaimsOpeCF" xlink:label="jpcrp040300-q2r_E06141-000_IncreaseDecreaseInReserveForPossibleReimbursementOfPrescribedClaimsOpeCF" />
    <link:loc xlink:type="locator" xlink:href="jpcrp040300-q2r-001_E06141-000_2019-09-30_01_2019-11-29.xsd#jpcrp040300-q2r_E06141-000_InvestmentIncomeSummaryOfBusinessResults" xlink:label="jpcrp040300-q2r_E06141-000_InvestmentIncomeSummaryOfBusinessResults" />
    <link:loc xlink:type="locator" xlink:href="jpcrp040300-q2r-001_E06141-000_2019-09-30_01_2019-11-29.xsd#jpcrp040300-q2r_E06141-000_NetIncreaseDecreaseInShortTermFinancingFinCF" xlink:label="jpcrp040300-q2r_E06141-000_NetIncreaseDecreaseInShortTermFinancingFinCF" />
    <link:loc xlink:type="locator" xlink:href="jpcrp040300-q2r-001_E06141-000_2019-09-30_01_2019-11-29.xsd#jpcrp040300-q2r_E06141-000_NotesRegardingGainsOnDisposalOfFixedAssetsTextBlock" xlink:label="jpcrp040300-q2r_E06141-000_NotesRegardingGainsOnDisposalOfFixedAssetsTextBlock" />
    <link:loc xlink:type="locator" xlink:href="jpcrp040300-q2r-001_E06141-000_2019-09-30_01_2019-11-29.xsd#jpcrp040300-q2r_E06141-000_NotesRegardingLossesOnDisposalOfFixedAssetsTextBlock" xlink:label="jpcrp040300-q2r_E06141-000_NotesRegardingLossesOnDisposalOfFixedAssetsTextBlock" />
    <link:loc xlink:type="locator" xlink:href="jpcrp040300-q2r-001_E06141-000_2019-09-30_01_2019-11-29.xsd#jpcrp040300-q2r_E06141-000_NotesRegardingPolicyReserveMatchingBondsTextBlock" xlink:label="jpcrp040300-q2r_E06141-000_NotesRegardingPolicyReserveMatchingBondsTextBlock" />
    <link:loc xlink:type="locator" xlink:href="jpcrp040300-q2r-001_E06141-000_2019-09-30_01_2019-11-29.xsd#jpcrp040300-q2r_E06141-000_NumberOfEmployeeFieldStaffSummaryOfBusinessResults" xlink:label="jpcrp040300-q2r_E06141-000_NumberOfEmployeeFieldStaffSummaryOfBusinessResults" />
    <link:loc xlink:type="locator" xlink:href="jpcrp040300-q2r-001_E06141-000_2019-09-30_01_2019-11-29.xsd#jpcrp040300-q2r_E06141-000_NumberOfEmployeeOfficeStaffSummaryOfBusinessResults" xlink:label="jpcrp040300-q2r_E06141-000_NumberOfEmployeeOfficeStaffSummaryOfBusinessResults" />
    <link:loc xlink:type="locator" xlink:href="jpcrp040300-q2r-001_E06141-000_2019-09-30_01_2019-11-29.xsd#jpcrp040300-q2r_E06141-000_OtherRefundsEtcOEINS" xlink:label="jpcrp040300-q2r_E06141-000_OtherRefundsEtcOEINS" />
    <link:loc xlink:type="locator" xlink:href="jpcrp040300-q2r-001_E06141-000_2019-09-30_01_2019-11-29.xsd#jpcrp040300-q2r_E06141-000_OverseasInsuranceBusinessReportableSegmentMember" xlink:label="jpcrp040300-q2r_E06141-000_OverseasInsuranceBusinessReportableSegmentMember" />
    <link:loc xlink:type="locator" xlink:href="jpcrp040300-q2r-001_E06141-000_2019-09-30_01_2019-11-29.xsd#jpcrp040300-q2r_E06141-000_PremiumAndOtherIncomeSummaryOfBusinessResults" xlink:label="jpcrp040300-q2r_E06141-000_PremiumAndOtherIncomeSummaryOfBusinessResults" />
    <link:loc xlink:type="locator" xlink:href="jpcrp040300-q2r-001_E06141-000_2019-09-30_01_2019-11-29.xsd#jpcrp040300-q2r_E06141-000_ProceedsFromAcquisitionOfBusinessInvCF" xlink:label="jpcrp040300-q2r_E06141-000_ProceedsFromAcquisitionOfBusinessInvCF" />
    <link:loc xlink:type="locator" xlink:href="jpcrp040300-q2r-001_E06141-000_2019-09-30_01_2019-11-29.xsd#jpcrp040300-q2r_E06141-000_ProvisionForReserveForPolicyholderDividendsSummaryOfBusinessResults" xlink:label="jpcrp040300-q2r_E06141-000_ProvisionForReserveForPolicyholderDividendsSummaryOfBusinessResults" />
    <link:loc xlink:type="locator" xlink:href="jpcrp040300-q2r-001_E06141-000_2019-09-30_01_2019-11-29.xsd#jpcrp040300-q2r_E06141-000_ReserveForPossibleReimbursementOfPrescribedClaims" xlink:label="jpcrp040300-q2r_E06141-000_ReserveForPossibleReimbursementOfPrescribedClaims" />
    <link:loc xlink:type="locator" xlink:href="jpcrp040300-q2r-001_E06141-000_2019-09-30_01_2019-11-29.xsd#jpcrp040300-q2r_E06141-000_SalesActivityExpensesLifeInsuranceBusiness" xlink:label="jpcrp040300-q2r_E06141-000_SalesActivityExpensesLifeInsuranceBusiness" />
    <link:loc xlink:type="locator" xlink:href="jpcrp040300-q2r-001_E06141-000_2019-09-30_01_2019-11-29.xsd#jpcrp040300-q2r_E06141-000_SalesManagementExpensesLifeInsuranceBusiness" xlink:label="jpcrp040300-q2r_E06141-000_SalesManagementExpensesLifeInsuranceBusiness" />
    <link:loc xlink:type="locator" xlink:href="jpcrp040300-q2r-001_E06141-000_2019-09-30_01_2019-11-29.xsd#jpcrp040300-q2r_E06141-000_SummaryOfBusinessResultsTextBlock" xlink:label="jpcrp040300-q2r_E06141-000_SummaryOfBusinessResultsTextBlock" />
    <link:labelArc xlink:type="arc" xlink:from="jpcrp040300-q2r_E06141-000_AccrualMethodOfReserveForPriceFluctuationsTextBlock" xlink:to="jpcrp040300-q2r_E06141-000_AccrualMethodOfReserveForPriceFluctuationsTextBlock_label_1" xlink:arcrole="http://www.xbrl.org/2003/arcrole/concept-label" order="1" />
    <link:labelArc xlink:type="arc" xlink:from="jpcrp040300-q2r_E06141-000_AccrualMethodOfReserveForPriceFluctuationsTextBlock" xlink:to="jpcrp040300-q2r_E06141-000_AccrualMethodOfReserveForPriceFluctuationsTextBlock_label" xlink:arcrole="http://www.xbrl.org/2003/arcrole/concept-label" order="1" />
    <link:labelArc xlink:type="arc" xlink:from="jpcrp040300-q2r_E06141-000_BenefitsAndClaimsSummaryOfBusinessResults" xlink:to="jpcrp040300-q2r_E06141-000_BenefitsAndClaimsSummaryOfBusinessResults_label_1" xlink:arcrole="http://www.xbrl.org/2003/arcrole/concept-label" order="1" />
    <link:labelArc xlink:type="arc" xlink:from="jpcrp040300-q2r_E06141-000_BenefitsAndClaimsSummaryOfBusinessResults" xlink:to="jpcrp040300-q2r_E06141-000_BenefitsAndClaimsSummaryOfBusinessResults_label" xlink:arcrole="http://www.xbrl.org/2003/arcrole/concept-label" order="1" />
    <link:labelArc xlink:type="arc" xlink:from="jpcrp040300-q2r_E06141-000_DomesticLifeInsuranceBusinessReportableSegmentMember" xlink:to="jpcrp040300-q2r_E06141-000_DomesticLifeInsuranceBusinessReportableSegmentMember_label_1" xlink:arcrole="http://www.xbrl.org/2003/arcrole/concept-label" order="1" />
    <link:labelArc xlink:type="arc" xlink:from="jpcrp040300-q2r_E06141-000_DomesticLifeInsuranceBusinessReportableSegmentMember" xlink:to="jpcrp040300-q2r_E06141-000_DomesticLifeInsuranceBusinessReportableSegmentMember_label" xlink:arcrole="http://www.xbrl.org/2003/arcrole/concept-label" order="1" />
    <link:labelArc xlink:type="arc" xlink:from="jpcrp040300-q2r_E06141-000_FundForPriceFluctuationAllowance" xlink:to="jpcrp040300-q2r_E06141-000_FundForPriceFluctuationAllowance_label_7" xlink:arcrole="http://www.xbrl.org/2003/arcrole/concept-label" order="1" />
    <link:labelArc xlink:type="arc" xlink:from="jpcrp040300-q2r_E06141-000_FundForPriceFluctuationAllowance" xlink:to="jpcrp040300-q2r_E06141-000_FundForPriceFluctuationAllowance_label_6" xlink:arcrole="http://www.xbrl.org/2003/arcrole/concept-label" order="1" />
    <link:labelArc xlink:type="arc" xlink:from="jpcrp040300-q2r_E06141-000_FundForPriceFluctuationAllowance" xlink:to="jpcrp040300-q2r_E06141-000_FundForPriceFluctuationAllowance_label_8" xlink:arcrole="http://www.xbrl.org/2003/arcrole/concept-label" order="1" />
    <link:labelArc xlink:type="arc" xlink:from="jpcrp040300-q2r_E06141-000_FundForPriceFluctuationAllowance" xlink:to="jpcrp040300-q2r_E06141-000_FundForPriceFluctuationAllowance_label_10" xlink:arcrole="http://www.xbrl.org/2003/arcrole/concept-label" order="1" />
    <link:labelArc xlink:type="arc" xlink:from="jpcrp040300-q2r_E06141-000_FundForPriceFluctuationAllowance" xlink:to="jpcrp040300-q2r_E06141-000_FundForPriceFluctuationAllowance_label_9" xlink:arcrole="http://www.xbrl.org/2003/arcrole/concept-label" order="1" />
    <link:labelArc xlink:type="arc" xlink:from="jpcrp040300-q2r_E06141-000_FundForPriceFluctuationAllowance" xlink:to="jpcrp040300-q2r_E06141-000_FundForPriceFluctuationAllowance_label_5" xlink:arcrole="http://www.xbrl.org/2003/arcrole/concept-label" order="1" />
    <link:labelArc xlink:type="arc" xlink:from="jpcrp040300-q2r_E06141-000_FundForPriceFluctuationAllowance" xlink:to="jpcrp040300-q2r_E06141-000_FundForPriceFluctuationAllowance_label_1" xlink:arcrole="http://www.xbrl.org/2003/arcrole/concept-label" order="1" />
    <link:labelArc xlink:type="arc" xlink:from="jpcrp040300-q2r_E06141-000_FundForPriceFluctuationAllowance" xlink:to="jpcrp040300-q2r_E06141-000_FundForPriceFluctuationAllowance_label" xlink:arcrole="http://www.xbrl.org/2003/arcrole/concept-label" order="1" />
    <link:labelArc xlink:type="arc" xlink:from="jpcrp040300-q2r_E06141-000_FundForPriceFluctuationAllowance" xlink:to="jpcrp040300-q2r_E06141-000_FundForPriceFluctuationAllowance_label_2" xlink:arcrole="http://www.xbrl.org/2003/arcrole/concept-label" order="1" />
    <link:labelArc xlink:type="arc" xlink:from="jpcrp040300-q2r_E06141-000_FundForPriceFluctuationAllowance" xlink:to="jpcrp040300-q2r_E06141-000_FundForPriceFluctuationAllowance_label_4" xlink:arcrole="http://www.xbrl.org/2003/arcrole/concept-label" order="1" />
    <link:labelArc xlink:type="arc" xlink:from="jpcrp040300-q2r_E06141-000_FundForPriceFluctuationAllowance" xlink:to="jpcrp040300-q2r_E06141-000_FundForPriceFluctuationAllowance_label_3" xlink:arcrole="http://www.xbrl.org/2003/arcrole/concept-label" order="1" />
    <link:labelArc xlink:type="arc" xlink:from="jpcrp040300-q2r_E06141-000_FundForPriceFluctuationAllowanceMember" xlink:to="jpcrp040300-q2r_E06141-000_FundForPriceFluctuationAllowanceMember_label_1" xlink:arcrole="http://www.xbrl.org/2003/arcrole/concept-label" order="1" />
    <link:labelArc xlink:type="arc" xlink:from="jpcrp040300-q2r_E06141-000_FundForPriceFluctuationAllowanceMember" xlink:to="jpcrp040300-q2r_E06141-000_FundForPriceFluctuationAllowanceMember_label" xlink:arcrole="http://www.xbrl.org/2003/arcrole/concept-label" order="1" />
    <link:labelArc xlink:type="arc" xlink:from="jpcrp040300-q2r_E06141-000_IncreaseDecreaseInReserveForPossibleReimbursementOfPrescribedClaimsOpeCF" xlink:to="jpcrp040300-q2r_E06141-000_IncreaseDecreaseInReserveForPossibleReimbursementOfPrescribedClaimsOpeCF_label_2" xlink:arcrole="http://www.xbrl.org/2003/arcrole/concept-label" order="1" />
    <link:labelArc xlink:type="arc" xlink:from="jpcrp040300-q2r_E06141-000_IncreaseDecreaseInReserveForPossibleReimbursementOfPrescribedClaimsOpeCF" xlink:to="jpcrp040300-q2r_E06141-000_IncreaseDecreaseInReserveForPossibleReimbursementOfPrescribedClaimsOpeCF_label_1" xlink:arcrole="http://www.xbrl.org/2003/arcrole/concept-label" order="1" />
    <link:labelArc xlink:type="arc" xlink:from="jpcrp040300-q2r_E06141-000_IncreaseDecreaseInReserveForPossibleReimbursementOfPrescribedClaimsOpeCF" xlink:to="jpcrp040300-q2r_E06141-000_IncreaseDecreaseInReserveForPossibleReimbursementOfPrescribedClaimsOpeCF_label" xlink:arcrole="http://www.xbrl.org/2003/arcrole/concept-label" order="1" />
    <link:labelArc xlink:type="arc" xlink:from="jpcrp040300-q2r_E06141-000_InvestmentIncomeSummaryOfBusinessResults" xlink:to="jpcrp040300-q2r_E06141-000_InvestmentIncomeSummaryOfBusinessResults_label_1" xlink:arcrole="http://www.xbrl.org/2003/arcrole/concept-label" order="1" />
    <link:labelArc xlink:type="arc" xlink:from="jpcrp040300-q2r_E06141-000_InvestmentIncomeSummaryOfBusinessResults" xlink:to="jpcrp040300-q2r_E06141-000_InvestmentIncomeSummaryOfBusinessResults_label" xlink:arcrole="http://www.xbrl.org/2003/arcrole/concept-label" order="1" />
    <link:labelArc xlink:type="arc" xlink:from="jpcrp040300-q2r_E06141-000_NetIncreaseDecreaseInShortTermFinancingFinCF" xlink:to="jpcrp040300-q2r_E06141-000_NetIncreaseDecreaseInShortTermFinancingFinCF_label_1" xlink:arcrole="http://www.xbrl.org/2003/arcrole/concept-label" order="1" />
    <link:labelArc xlink:type="arc" xlink:from="jpcrp040300-q2r_E06141-000_NetIncreaseDecreaseInShortTermFinancingFinCF" xlink:to="jpcrp040300-q2r_E06141-000_NetIncreaseDecreaseInShortTermFinancingFinCF_label" xlink:arcrole="http://www.xbrl.org/2003/arcrole/concept-label" order="1" />
    <link:labelArc xlink:type="arc" xlink:from="jpcrp040300-q2r_E06141-000_NotesRegardingGainsOnDisposalOfFixedAssetsTextBlock" xlink:to="jpcrp040300-q2r_E06141-000_NotesRegardingGainsOnDisposalOfFixedAssetsTextBlock_label_1" xlink:arcrole="http://www.xbrl.org/2003/arcrole/concept-label" order="1" />
    <link:labelArc xlink:type="arc" xlink:from="jpcrp040300-q2r_E06141-000_NotesRegardingGainsOnDisposalOfFixedAssetsTextBlock" xlink:to="jpcrp040300-q2r_E06141-000_NotesRegardingGainsOnDisposalOfFixedAssetsTextBlock_label" xlink:arcrole="http://www.xbrl.org/2003/arcrole/concept-label" order="1" />
    <link:labelArc xlink:type="arc" xlink:from="jpcrp040300-q2r_E06141-000_NotesRegardingLossesOnDisposalOfFixedAssetsTextBlock" xlink:to="jpcrp040300-q2r_E06141-000_NotesRegardingLossesOnDisposalOfFixedAssetsTextBlock_label_1" xlink:arcrole="http://www.xbrl.org/2003/arcrole/concept-label" order="1" />
    <link:labelArc xlink:type="arc" xlink:from="jpcrp040300-q2r_E06141-000_NotesRegardingLossesOnDisposalOfFixedAssetsTextBlock" xlink:to="jpcrp040300-q2r_E06141-000_NotesRegardingLossesOnDisposalOfFixedAssetsTextBlock_label" xlink:arcrole="http://www.xbrl.org/2003/arcrole/concept-label" order="1" />
    <link:labelArc xlink:type="arc" xlink:from="jpcrp040300-q2r_E06141-000_NotesRegardingPolicyReserveMatchingBondsTextBlock" xlink:to="jpcrp040300-q2r_E06141-000_NotesRegardingPolicyReserveMatchingBondsTextBlock_label_1" xlink:arcrole="http://www.xbrl.org/2003/arcrole/concept-label" order="1" />
    <link:labelArc xlink:type="arc" xlink:from="jpcrp040300-q2r_E06141-000_NotesRegardingPolicyReserveMatchingBondsTextBlock" xlink:to="jpcrp040300-q2r_E06141-000_NotesRegardingPolicyReserveMatchingBondsTextBlock_label" xlink:arcrole="http://www.xbrl.org/2003/arcrole/concept-label" order="1" />
    <link:labelArc xlink:type="arc" xlink:from="jpcrp040300-q2r_E06141-000_NumberOfEmployeeFieldStaffSummaryOfBusinessResults" xlink:to="jpcrp040300-q2r_E06141-000_NumberOfEmployeeFieldStaffSummaryOfBusinessResults_label_1" xlink:arcrole="http://www.xbrl.org/2003/arcrole/concept-label" order="1" />
    <link:labelArc xlink:type="arc" xlink:from="jpcrp040300-q2r_E06141-000_NumberOfEmployeeFieldStaffSummaryOfBusinessResults" xlink:to="jpcrp040300-q2r_E06141-000_NumberOfEmployeeFieldStaffSummaryOfBusinessResults_label" xlink:arcrole="http://www.xbrl.org/2003/arcrole/concept-label" order="1" />
    <link:labelArc xlink:type="arc" xlink:from="jpcrp040300-q2r_E06141-000_NumberOfEmployeeOfficeStaffSummaryOfBusinessResults" xlink:to="jpcrp040300-q2r_E06141-000_NumberOfEmployeeOfficeStaffSummaryOfBusinessResults_label_1" xlink:arcrole="http://www.xbrl.org/2003/arcrole/concept-label" order="1" />
    <link:labelArc xlink:type="arc" xlink:from="jpcrp040300-q2r_E06141-000_NumberOfEmployeeOfficeStaffSummaryOfBusinessResults" xlink:to="jpcrp040300-q2r_E06141-000_NumberOfEmployeeOfficeStaffSummaryOfBusinessResults_label" xlink:arcrole="http://www.xbrl.org/2003/arcrole/concept-label" order="1" />
    <link:labelArc xlink:type="arc" xlink:from="jpcrp040300-q2r_E06141-000_OtherRefundsEtcOEINS" xlink:to="jpcrp040300-q2r_E06141-000_OtherRefundsEtcOEINS_label_2" xlink:arcrole="http://www.xbrl.org/2003/arcrole/concept-label" order="1" />
    <link:labelArc xlink:type="arc" xlink:from="jpcrp040300-q2r_E06141-000_OtherRefundsEtcOEINS" xlink:to="jpcrp040300-q2r_E06141-000_OtherRefundsEtcOEINS_label_1" xlink:arcrole="http://www.xbrl.org/2003/arcrole/concept-label" order="1" />
    <link:labelArc xlink:type="arc" xlink:from="jpcrp040300-q2r_E06141-000_OtherRefundsEtcOEINS" xlink:to="jpcrp040300-q2r_E06141-000_OtherRefundsEtcOEINS_label" xlink:arcrole="http://www.xbrl.org/2003/arcrole/concept-label" order="1" />
    <link:labelArc xlink:type="arc" xlink:from="jpcrp040300-q2r_E06141-000_OverseasInsuranceBusinessReportableSegmentMember" xlink:to="jpcrp040300-q2r_E06141-000_OverseasInsuranceBusinessReportableSegmentMember_label_1" xlink:arcrole="http://www.xbrl.org/2003/arcrole/concept-label" order="1" />
    <link:labelArc xlink:type="arc" xlink:from="jpcrp040300-q2r_E06141-000_OverseasInsuranceBusinessReportableSegmentMember" xlink:to="jpcrp040300-q2r_E06141-000_OverseasInsuranceBusinessReportableSegmentMember_label" xlink:arcrole="http://www.xbrl.org/2003/arcrole/concept-label" order="1" />
    <link:labelArc xlink:type="arc" xlink:from="jpcrp040300-q2r_E06141-000_PremiumAndOtherIncomeSummaryOfBusinessResults" xlink:to="jpcrp040300-q2r_E06141-000_PremiumAndOtherIncomeSummaryOfBusinessResults_label_1" xlink:arcrole="http://www.xbrl.org/2003/arcrole/concept-label" order="1" />
    <link:labelArc xlink:type="arc" xlink:from="jpcrp040300-q2r_E06141-000_PremiumAndOtherIncomeSummaryOfBusinessResults" xlink:to="jpcrp040300-q2r_E06141-000_PremiumAndOtherIncomeSummaryOfBusinessResults_label" xlink:arcrole="http://www.xbrl.org/2003/arcrole/concept-label" order="1" />
    <link:labelArc xlink:type="arc" xlink:from="jpcrp040300-q2r_E06141-000_ProceedsFromAcquisitionOfBusinessInvCF" xlink:to="jpcrp040300-q2r_E06141-000_ProceedsFromAcquisitionOfBusinessInvCF_label_1" xlink:arcrole="http://www.xbrl.org/2003/arcrole/concept-label" order="1" />
    <link:labelArc xlink:type="arc" xlink:from="jpcrp040300-q2r_E06141-000_ProceedsFromAcquisitionOfBusinessInvCF" xlink:to="jpcrp040300-q2r_E06141-000_ProceedsFromAcquisitionOfBusinessInvCF_label" xlink:arcrole="http://www.xbrl.org/2003/arcrole/concept-label" order="1" />
    <link:labelArc xlink:type="arc" xlink:from="jpcrp040300-q2r_E06141-000_ProvisionForReserveForPolicyholderDividendsSummaryOfBusinessResults" xlink:to="jpcrp040300-q2r_E06141-000_ProvisionForReserveForPolicyholderDividendsSummaryOfBusinessResults_label_1" xlink:arcrole="http://www.xbrl.org/2003/arcrole/concept-label" order="1" />
    <link:labelArc xlink:type="arc" xlink:from="jpcrp040300-q2r_E06141-000_ProvisionForReserveForPolicyholderDividendsSummaryOfBusinessResults" xlink:to="jpcrp040300-q2r_E06141-000_ProvisionForReserveForPolicyholderDividendsSummaryOfBusinessResults_label" xlink:arcrole="http://www.xbrl.org/2003/arcrole/concept-label" order="1" />
    <link:labelArc xlink:type="arc" xlink:from="jpcrp040300-q2r_E06141-000_ReserveForPossibleReimbursementOfPrescribedClaims" xlink:to="jpcrp040300-q2r_E06141-000_ReserveForPossibleReimbursementOfPrescribedClaims_label_2" xlink:arcrole="http://www.xbrl.org/2003/arcrole/concept-label" order="1" />
    <link:labelArc xlink:type="arc" xlink:from="jpcrp040300-q2r_E06141-000_ReserveForPossibleReimbursementOfPrescribedClaims" xlink:to="jpcrp040300-q2r_E06141-000_ReserveForPossibleReimbursementOfPrescribedClaims_label_1" xlink:arcrole="http://www.xbrl.org/2003/arcrole/concept-label" order="1" />
    <link:labelArc xlink:type="arc" xlink:from="jpcrp040300-q2r_E06141-000_ReserveForPossibleReimbursementOfPrescribedClaims" xlink:to="jpcrp040300-q2r_E06141-000_ReserveForPossibleReimbursementOfPrescribedClaims_label" xlink:arcrole="http://www.xbrl.org/2003/arcrole/concept-label" order="1" />
    <link:labelArc xlink:type="arc" xlink:from="jpcrp040300-q2r_E06141-000_SalesActivityExpensesLifeInsuranceBusiness" xlink:to="jpcrp040300-q2r_E06141-000_SalesActivityExpensesLifeInsuranceBusiness_label_1" xlink:arcrole="http://www.xbrl.org/2003/arcrole/concept-label" order="1" />
    <link:labelArc xlink:type="arc" xlink:from="jpcrp040300-q2r_E06141-000_SalesActivityExpensesLifeInsuranceBusiness" xlink:to="jpcrp040300-q2r_E06141-000_SalesActivityExpensesLifeInsuranceBusiness_label" xlink:arcrole="http://www.xbrl.org/2003/arcrole/concept-label" order="1" />
    <link:labelArc xlink:type="arc" xlink:from="jpcrp040300-q2r_E06141-000_SalesManagementExpensesLifeInsuranceBusiness" xlink:to="jpcrp040300-q2r_E06141-000_SalesManagementExpensesLifeInsuranceBusiness_label_1" xlink:arcrole="http://www.xbrl.org/2003/arcrole/concept-label" order="1" />
    <link:labelArc xlink:type="arc" xlink:from="jpcrp040300-q2r_E06141-000_SalesManagementExpensesLifeInsuranceBusiness" xlink:to="jpcrp040300-q2r_E06141-000_SalesManagementExpensesLifeInsuranceBusiness_label" xlink:arcrole="http://www.xbrl.org/2003/arcrole/concept-label" order="1" />
    <link:labelArc xlink:type="arc" xlink:from="jpcrp040300-q2r_E06141-000_SummaryOfBusinessResultsTextBlock" xlink:to="jpcrp040300-q2r_E06141-000_SummaryOfBusinessResultsTextBlock_label_1" xlink:arcrole="http://www.xbrl.org/2003/arcrole/concept-label" order="1" />
    <link:labelArc xlink:type="arc" xlink:from="jpcrp040300-q2r_E06141-000_SummaryOfBusinessResultsTextBlock" xlink:to="jpcrp040300-q2r_E06141-000_SummaryOfBusinessResultsTextBlock_label" xlink:arcrole="http://www.xbrl.org/2003/arcrole/concept-label" order="1" />
    <link:labelArc xlink:type="arc" xlink:from="jppfs_cor_CumulativeEffectsOfChangesInAccountingPolicies" xlink:to="jppfs_cor_CumulativeEffectsOfChangesInAccountingPolicies_label" xlink:arcrole="http://www.xbrl.org/2003/arcrole/concept-label" order="1" />
    <link:labelArc xlink:type="arc" xlink:from="jppfs_cor_RestatedBalance" xlink:to="jppfs_cor_RestatedBalance_label" xlink:arcrole="http://www.xbrl.org/2003/arcrole/concept-label" order="1" />
  </link:labelLink>
</link:linkbase>