﻿<?xml version="1.0" encoding="utf-8"?>
<!-- Edited with XiRUTE .NET Library 01-08 -->
<link:linkbase xmlns:xlink="http://www.w3.org/1999/xlink" xmlns:xsi="http://www.w3.org/2001/XMLSchema-instance" xmlns:link="http://www.xbrl.org/2003/linkbase">
  <link:roleRef xlink:type="simple" xlink:href="http://disclosure.edinet-fsa.go.jp/taxonomy/jppfs/2019-02-28/jppfs_rt_2019-02-28.xsd#rol_ConsolidatedInterimLabel" roleURI="http://disclosure.edinet-fsa.go.jp/jppfs/ConsolidatedInterim/role/label" />
  <link:roleRef xlink:type="simple" xlink:href="http://disclosure.edinet-fsa.go.jp/taxonomy/jppfs/2019-02-28/jppfs_rt_2019-02-28.xsd#rol_ConsolidatedInterimPeriodEndLabel" roleURI="http://disclosure.edinet-fsa.go.jp/jppfs/ConsolidatedInterim/role/periodEndLabel" />
  <link:roleRef xlink:type="simple" xlink:href="http://disclosure.edinet-fsa.go.jp/taxonomy/jppfs/2019-02-28/jppfs_rt_2019-02-28.xsd#rol_ConsolidatedInterimPeriodStartLabel" roleURI="http://disclosure.edinet-fsa.go.jp/jppfs/ConsolidatedInterim/role/periodStartLabel" />
  <link:roleRef xlink:type="simple" xlink:href="http://disclosure.edinet-fsa.go.jp/taxonomy/jppfs/2019-02-28/jppfs_rt_2019-02-28.xsd#rol_NonConsolidatedInterimLabel" roleURI="http://disclosure.edinet-fsa.go.jp/jppfs/NonConsolidatedInterim/role/label" />
  <link:roleRef xlink:type="simple" xlink:href="http://disclosure.edinet-fsa.go.jp/taxonomy/jppfs/2019-02-28/jppfs_rt_2019-02-28.xsd#rol_NonConsolidatedInterimPeriodEndLabel" roleURI="http://disclosure.edinet-fsa.go.jp/jppfs/NonConsolidatedInterim/role/periodEndLabel" />
  <link:roleRef xlink:type="simple" xlink:href="http://disclosure.edinet-fsa.go.jp/taxonomy/jppfs/2019-02-28/jppfs_rt_2019-02-28.xsd#rol_NonConsolidatedInterimPeriodStartLabel" roleURI="http://disclosure.edinet-fsa.go.jp/jppfs/NonConsolidatedInterim/role/periodStartLabel" />
  <link:labelLink xlink:type="extended" xlink:role="http://www.xbrl.org/2003/role/link">
    <link:label xml:lang="en" xlink:type="resource" xlink:label="jpcrp040300-q2r_E06141-000_AccrualMethodOfReserveForPriceFluctuationsTextBlock_label" xlink:role="http://www.xbrl.org/2003/role/label">Accrual method of reserve for price fluctuations</link:label>
    <link:label xml:lang="en" xlink:type="resource" xlink:label="jpcrp040300-q2r_E06141-000_AccrualMethodOfReserveForPriceFluctuationsTextBlock_label_1" xlink:role="http://www.xbrl.org/2003/role/verboseLabel">Accrual method of reserve for price fluctuations [text block]</link:label>
    <link:label xml:lang="en" xlink:type="resource" xlink:label="jpcrp040300-q2r_E06141-000_BenefitsAndClaimsSummaryOfBusinessResults_label" xlink:role="http://www.xbrl.org/2003/role/label">Benefits and claims</link:label>
    <link:label xml:lang="en" xlink:type="resource" xlink:label="jpcrp040300-q2r_E06141-000_BenefitsAndClaimsSummaryOfBusinessResults_label_1" xlink:role="http://www.xbrl.org/2003/role/verboseLabel">Benefits and claims, Summary of business results</link:label>
    <link:label xml:lang="en" xlink:type="resource" xlink:label="jpcrp040300-q2r_E06141-000_DomesticLifeInsuranceBusinessReportableSegmentMember_label" xlink:role="http://www.xbrl.org/2003/role/label">Domestic life insurance business</link:label>
    <link:label xml:lang="en" xlink:type="resource" xlink:label="jpcrp040300-q2r_E06141-000_DomesticLifeInsuranceBusinessReportableSegmentMember_label_1" xlink:role="http://www.xbrl.org/2003/role/verboseLabel">Domestic life insurance business, Reportable segment [member]</link:label>
    <link:label xml:lang="en" xlink:type="resource" xlink:label="jpcrp040300-q2r_E06141-000_FundForPriceFluctuationAllowance_label_7" xlink:role="http://www.xbrl.org/2003/role/label">Fund for price fluctuation allowance</link:label>
    <link:label xml:lang="en" xlink:type="resource" xlink:label="jpcrp040300-q2r_E06141-000_FundForPriceFluctuationAllowance_label_10" xlink:role="http://www.xbrl.org/2003/role/verboseLabel">Fund for price fluctuation allowance</link:label>
    <link:label xml:lang="en" xlink:type="resource" xlink:label="jpcrp040300-q2r_E06141-000_FundForPriceFluctuationAllowance_label_9" xlink:role="http://www.xbrl.org/2003/role/periodStartLabel">Balance at the beginning of current period</link:label>
    <link:label xml:lang="en" xlink:type="resource" xlink:label="jpcrp040300-q2r_E06141-000_FundForPriceFluctuationAllowance_label_8" xlink:role="http://www.xbrl.org/2003/role/periodEndLabel">Balance at the end of current period</link:label>
    <link:label xml:lang="en" xlink:type="resource" xlink:label="jpcrp040300-q2r_E06141-000_FundForPriceFluctuationAllowance_label_6" xlink:role="http://www.xbrl.org/2003/role/documentation">Fund for price fluctuation allowance</link:label>
    <link:label xml:lang="en" xlink:type="resource" xlink:label="jpcrp040300-q2r_E06141-000_FundForPriceFluctuationAllowance_label" xlink:role="http://disclosure.edinet-fsa.go.jp/jppfs/ConsolidatedInterim/role/label">Fund for price fluctuation allowance</link:label>
    <link:label xml:lang="en" xlink:type="resource" xlink:label="jpcrp040300-q2r_E06141-000_FundForPriceFluctuationAllowance_label_1" xlink:role="http://disclosure.edinet-fsa.go.jp/jppfs/ConsolidatedInterim/role/periodEndLabel">Balance at the end of current period</link:label>
    <link:label xml:lang="en" xlink:type="resource" xlink:label="jpcrp040300-q2r_E06141-000_FundForPriceFluctuationAllowance_label_2" xlink:role="http://disclosure.edinet-fsa.go.jp/jppfs/ConsolidatedInterim/role/periodStartLabel">Balance at the beginning of current period</link:label>
    <link:label xml:lang="en" xlink:type="resource" xlink:label="jpcrp040300-q2r_E06141-000_FundForPriceFluctuationAllowance_label_3" xlink:role="http://disclosure.edinet-fsa.go.jp/jppfs/NonConsolidatedInterim/role/label">Fund for price fluctuation allowance</link:label>
    <link:label xml:lang="en" xlink:type="resource" xlink:label="jpcrp040300-q2r_E06141-000_FundForPriceFluctuationAllowance_label_4" xlink:role="http://disclosure.edinet-fsa.go.jp/jppfs/NonConsolidatedInterim/role/periodEndLabel">Balance at the end of current period</link:label>
    <link:label xml:lang="en" xlink:type="resource" xlink:label="jpcrp040300-q2r_E06141-000_FundForPriceFluctuationAllowance_label_5" xlink:role="http://disclosure.edinet-fsa.go.jp/jppfs/NonConsolidatedInterim/role/periodStartLabel">Balance at the beginning of current period</link:label>
    <link:label xml:lang="en" xlink:type="resource" xlink:label="jpcrp040300-q2r_E06141-000_FundForPriceFluctuationAllowanceMember_label" xlink:role="http://www.xbrl.org/2003/role/label">Fund for price fluctuation allowance</link:label>
    <link:label xml:lang="en" xlink:type="resource" xlink:label="jpcrp040300-q2r_E06141-000_FundForPriceFluctuationAllowanceMember_label_1" xlink:role="http://www.xbrl.org/2003/role/verboseLabel">Fund for price fluctuation allowance [member]</link:label>
    <link:label xml:lang="en" xlink:type="resource" xlink:label="jpcrp040300-q2r_E06141-000_IncreaseDecreaseInReserveForPossibleReimbursementOfPrescribedClaimsOpeCF_label_1" xlink:role="http://www.xbrl.org/2003/role/label">Increase (decrease) in reserve for possible reimbursement of prescribed claims</link:label>
    <link:label xml:lang="en" xlink:type="resource" xlink:label="jpcrp040300-q2r_E06141-000_IncreaseDecreaseInReserveForPossibleReimbursementOfPrescribedClaimsOpeCF_label_2" xlink:role="http://www.xbrl.org/2003/role/verboseLabel">Increase (decrease) in reserve for possible reimbursement of prescribed claims-OpeCF</link:label>
    <link:label xml:lang="en" xlink:type="resource" xlink:label="jpcrp040300-q2r_E06141-000_IncreaseDecreaseInReserveForPossibleReimbursementOfPrescribedClaimsOpeCF_label" xlink:role="http://www.xbrl.org/2003/role/documentation">Increase (decrease) in reserve for possible reimbursement of prescribed claims-OpeCF</link:label>
    <link:label xml:lang="en" xlink:type="resource" xlink:label="jpcrp040300-q2r_E06141-000_InvestmentIncomeSummaryOfBusinessResults_label" xlink:role="http://www.xbrl.org/2003/role/label">Investment income</link:label>
    <link:label xml:lang="en" xlink:type="resource" xlink:label="jpcrp040300-q2r_E06141-000_InvestmentIncomeSummaryOfBusinessResults_label_1" xlink:role="http://www.xbrl.org/2003/role/verboseLabel">Investment income, Summary of business results</link:label>
    <link:label xml:lang="en" xlink:type="resource" xlink:label="jpcrp040300-q2r_E06141-000_NetIncreaseDecreaseInShortTermFinancingFinCF_label" xlink:role="http://www.xbrl.org/2003/role/label">Net increase (decrease) in short-term financing</link:label>
    <link:label xml:lang="en" xlink:type="resource" xlink:label="jpcrp040300-q2r_E06141-000_NetIncreaseDecreaseInShortTermFinancingFinCF_label_1" xlink:role="http://www.xbrl.org/2003/role/verboseLabel">Net increase (decrease) in short-term financing-FinCF</link:label>
    <link:label xml:lang="en" xlink:type="resource" xlink:label="jpcrp040300-q2r_E06141-000_NotesRegardingGainsOnDisposalOfFixedAssetsTextBlock_label" xlink:role="http://www.xbrl.org/2003/role/label">Notes regarding gains on disposal of fixed assets</link:label>
    <link:label xml:lang="en" xlink:type="resource" xlink:label="jpcrp040300-q2r_E06141-000_NotesRegardingGainsOnDisposalOfFixedAssetsTextBlock_label_1" xlink:role="http://www.xbrl.org/2003/role/verboseLabel">Notes regarding gains on disposal of fixed assets [text block]</link:label>
    <link:label xml:lang="en" xlink:type="resource" xlink:label="jpcrp040300-q2r_E06141-000_NotesRegardingLossesOnDisposalOfFixedAssetsTextBlock_label" xlink:role="http://www.xbrl.org/2003/role/label">Notes regarding losses on disposal of fixed assets</link:label>
    <link:label xml:lang="en" xlink:type="resource" xlink:label="jpcrp040300-q2r_E06141-000_NotesRegardingLossesOnDisposalOfFixedAssetsTextBlock_label_1" xlink:role="http://www.xbrl.org/2003/role/verboseLabel">Notes regarding losses on disposal of fixed assets [text block]</link:label>
    <link:label xml:lang="en" xlink:type="resource" xlink:label="jpcrp040300-q2r_E06141-000_NotesRegardingPolicyReserveMatchingBondsTextBlock_label" xlink:role="http://www.xbrl.org/2003/role/label">Notes regarding policy-reserve-matching bonds</link:label>
    <link:label xml:lang="en" xlink:type="resource" xlink:label="jpcrp040300-q2r_E06141-000_NotesRegardingPolicyReserveMatchingBondsTextBlock_label_1" xlink:role="http://www.xbrl.org/2003/role/verboseLabel">Notes regarding policy-reserve-matching bonds [text block]</link:label>
    <link:label xml:lang="en" xlink:type="resource" xlink:label="jpcrp040300-q2r_E06141-000_NumberOfEmployeeFieldStaffSummaryOfBusinessResults_label" xlink:role="http://www.xbrl.org/2003/role/label">Number of employee (field staff)</link:label>
    <link:label xml:lang="en" xlink:type="resource" xlink:label="jpcrp040300-q2r_E06141-000_NumberOfEmployeeFieldStaffSummaryOfBusinessResults_label_1" xlink:role="http://www.xbrl.org/2003/role/verboseLabel">Number of employee (field staff), Summary of business results</link:label>
    <link:label xml:lang="en" xlink:type="resource" xlink:label="jpcrp040300-q2r_E06141-000_NumberOfEmployeeOfficeStaffSummaryOfBusinessResults_label" xlink:role="http://www.xbrl.org/2003/role/label">Number of employee (office staff)</link:label>
    <link:label xml:lang="en" xlink:type="resource" xlink:label="jpcrp040300-q2r_E06141-000_NumberOfEmployeeOfficeStaffSummaryOfBusinessResults_label_1" xlink:role="http://www.xbrl.org/2003/role/verboseLabel">Number of employee (office staff), Summary of business results</link:label>
    <link:label xml:lang="en" xlink:type="resource" xlink:label="jpcrp040300-q2r_E06141-000_OtherRefundsEtcOEINS_label_1" xlink:role="http://www.xbrl.org/2003/role/label">Other refunds, etc.</link:label>
    <link:label xml:lang="en" xlink:type="resource" xlink:label="jpcrp040300-q2r_E06141-000_OtherRefundsEtcOEINS_label_2" xlink:role="http://www.xbrl.org/2003/role/verboseLabel">Other refunds, etc.-OE-INS</link:label>
    <link:label xml:lang="en" xlink:type="resource" xlink:label="jpcrp040300-q2r_E06141-000_OtherRefundsEtcOEINS_label" xlink:role="http://www.xbrl.org/2003/role/documentation">Other refunds, etc.-OE-INS</link:label>
    <link:label xml:lang="en" xlink:type="resource" xlink:label="jpcrp040300-q2r_E06141-000_OverseasInsuranceBusinessReportableSegmentMember_label" xlink:role="http://www.xbrl.org/2003/role/label">Overseas insurance business</link:label>
    <link:label xml:lang="en" xlink:type="resource" xlink:label="jpcrp040300-q2r_E06141-000_OverseasInsuranceBusinessReportableSegmentMember_label_1" xlink:role="http://www.xbrl.org/2003/role/verboseLabel">Overseas insurance business, Reportable segment [member]</link:label>
    <link:label xml:lang="en" xlink:type="resource" xlink:label="jpcrp040300-q2r_E06141-000_PremiumAndOtherIncomeSummaryOfBusinessResults_label" xlink:role="http://www.xbrl.org/2003/role/label">Premium and other income</link:label>
    <link:label xml:lang="en" xlink:type="resource" xlink:label="jpcrp040300-q2r_E06141-000_PremiumAndOtherIncomeSummaryOfBusinessResults_label_1" xlink:role="http://www.xbrl.org/2003/role/verboseLabel">Premium and other income, Summary of business results</link:label>
    <link:label xml:lang="en" xlink:type="resource" xlink:label="jpcrp040300-q2r_E06141-000_ProceedsFromAcquisitionOfBusinessInvCF_label" xlink:role="http://www.xbrl.org/2003/role/label">Proceeds from acquisition of business</link:label>
    <link:label xml:lang="en" xlink:type="resource" xlink:label="jpcrp040300-q2r_E06141-000_ProceedsFromAcquisitionOfBusinessInvCF_label_1" xlink:role="http://www.xbrl.org/2003/role/verboseLabel">Proceeds from acquisition of business-InvCF</link:label>
    <link:label xml:lang="en" xlink:type="resource" xlink:label="jpcrp040300-q2r_E06141-000_ProvisionForReserveForPolicyholderDividendsSummaryOfBusinessResults_label" xlink:role="http://www.xbrl.org/2003/role/label">Provision for reserve for policyholder dividends</link:label>
    <link:label xml:lang="en" xlink:type="resource" xlink:label="jpcrp040300-q2r_E06141-000_ProvisionForReserveForPolicyholderDividendsSummaryOfBusinessResults_label_1" xlink:role="http://www.xbrl.org/2003/role/verboseLabel">Provision for reserve for policyholder dividends, Summary of business results</link:label>
    <link:label xml:lang="en" xlink:type="resource" xlink:label="jpcrp040300-q2r_E06141-000_ReserveForPossibleReimbursementOfPrescribedClaims_label_1" xlink:role="http://www.xbrl.org/2003/role/label">Reserve for possible reimbursement of prescribed claims</link:label>
    <link:label xml:lang="en" xlink:type="resource" xlink:label="jpcrp040300-q2r_E06141-000_ReserveForPossibleReimbursementOfPrescribedClaims_label_2" xlink:role="http://www.xbrl.org/2003/role/verboseLabel">Reserve for possible reimbursement of prescribed claims</link:label>
    <link:label xml:lang="en" xlink:type="resource" xlink:label="jpcrp040300-q2r_E06141-000_ReserveForPossibleReimbursementOfPrescribedClaims_label" xlink:role="http://www.xbrl.org/2003/role/documentation">Reserve for possible reimbursement of prescribed claims</link:label>
    <link:label xml:lang="en" xlink:type="resource" xlink:label="jpcrp040300-q2r_E06141-000_SalesActivityExpensesLifeInsuranceBusiness_label" xlink:role="http://www.xbrl.org/2003/role/label">Sales activity expenses</link:label>
    <link:label xml:lang="en" xlink:type="resource" xlink:label="jpcrp040300-q2r_E06141-000_SalesActivityExpensesLifeInsuranceBusiness_label_1" xlink:role="http://www.xbrl.org/2003/role/verboseLabel">Sales activity expenses, life insurance business</link:label>
    <link:label xml:lang="en" xlink:type="resource" xlink:label="jpcrp040300-q2r_E06141-000_SalesManagementExpensesLifeInsuranceBusiness_label" xlink:role="http://www.xbrl.org/2003/role/label">Sales management expenses</link:label>
    <link:label xml:lang="en" xlink:type="resource" xlink:label="jpcrp040300-q2r_E06141-000_SalesManagementExpensesLifeInsuranceBusiness_label_1" xlink:role="http://www.xbrl.org/2003/role/verboseLabel">Sales management expenses, life insurance business</link:label>
    <link:label xml:lang="en" xlink:type="resource" xlink:label="jpcrp040300-q2r_E06141-000_SummaryOfBusinessResultsTextBlock_label" xlink:role="http://www.xbrl.org/2003/role/label">Summary of business results</link:label>
    <link:label xml:lang="en" xlink:type="resource" xlink:label="jpcrp040300-q2r_E06141-000_SummaryOfBusinessResultsTextBlock_label_1" xlink:role="http://www.xbrl.org/2003/role/verboseLabel">Summary of business results [text block]</link:label>
    <link:label xml:lang="en" xlink:type="resource" xlink:label="jppfs_cor_CumulativeEffectsOfChangesInAccountingPolicies_label" xlink:role="http://www.xbrl.org/2003/role/periodStartLabel">Cumulative effects of changes in accounting policies</link:label>
    <link:label xml:lang="en" xlink:type="resource" xlink:label="jppfs_cor_RestatedBalance_label" xlink:role="http://www.xbrl.org/2003/role/periodStartLabel">Restated balance</link:label>
    <link:loc xlink:type="locator" xlink:href="http://disclosure.edinet-fsa.go.jp/taxonomy/jppfs/2019-02-28/jppfs_cor_2019-02-28.xsd#jppfs_cor_CumulativeEffectsOfChangesInAccountingPolicies" xlink:label="jppfs_cor_CumulativeEffectsOfChangesInAccountingPolicies" />
    <link:loc xlink:type="locator" xlink:href="http://disclosure.edinet-fsa.go.jp/taxonomy/jppfs/2019-02-28/jppfs_cor_2019-02-28.xsd#jppfs_cor_RestatedBalance" xlink:label="jppfs_cor_RestatedBalance" />
    <link:loc xlink:type="locator" xlink:href="jpcrp040300-q2r-001_E06141-000_2019-09-30_01_2019-11-29.xsd#jpcrp040300-q2r_E06141-000_AccrualMethodOfReserveForPriceFluctuationsTextBlock" xlink:label="jpcrp040300-q2r_E06141-000_AccrualMethodOfReserveForPriceFluctuationsTextBlock" />
    <link:loc xlink:type="locator" xlink:href="jpcrp040300-q2r-001_E06141-000_2019-09-30_01_2019-11-29.xsd#jpcrp040300-q2r_E06141-000_BenefitsAndClaimsSummaryOfBusinessResults" xlink:label="jpcrp040300-q2r_E06141-000_BenefitsAndClaimsSummaryOfBusinessResults" />
    <link:loc xlink:type="locator" xlink:href="jpcrp040300-q2r-001_E06141-000_2019-09-30_01_2019-11-29.xsd#jpcrp040300-q2r_E06141-000_DomesticLifeInsuranceBusinessReportableSegmentMember" xlink:label="jpcrp040300-q2r_E06141-000_DomesticLifeInsuranceBusinessReportableSegmentMember" />
    <link:loc xlink:type="locator" xlink:href="jpcrp040300-q2r-001_E06141-000_2019-09-30_01_2019-11-29.xsd#jpcrp040300-q2r_E06141-000_FundForPriceFluctuationAllowance" xlink:label="jpcrp040300-q2r_E06141-000_FundForPriceFluctuationAllowance" />
    <link:loc xlink:type="locator" xlink:href="jpcrp040300-q2r-001_E06141-000_2019-09-30_01_2019-11-29.xsd#jpcrp040300-q2r_E06141-000_FundForPriceFluctuationAllowanceMember" xlink:label="jpcrp040300-q2r_E06141-000_FundForPriceFluctuationAllowanceMember" />
    <link:loc xlink:type="locator" xlink:href="jpcrp040300-q2r-001_E06141-000_2019-09-30_01_2019-11-29.xsd#jpcrp040300-q2r_E06141-000_IncreaseDecreaseInReserveForPossibleReimbursementOfPrescribedClaimsOpeCF" xlink:label="jpcrp040300-q2r_E06141-000_IncreaseDecreaseInReserveForPossibleReimbursementOfPrescribedClaimsOpeCF" />
    <link:loc xlink:type="locator" xlink:href="jpcrp040300-q2r-001_E06141-000_2019-09-30_01_2019-11-29.xsd#jpcrp040300-q2r_E06141-000_InvestmentIncomeSummaryOfBusinessResults" xlink:label="jpcrp040300-q2r_E06141-000_InvestmentIncomeSummaryOfBusinessResults" />
    <link:loc xlink:type="locator" xlink:href="jpcrp040300-q2r-001_E06141-000_2019-09-30_01_2019-11-29.xsd#jpcrp040300-q2r_E06141-000_NetIncreaseDecreaseInShortTermFinancingFinCF" xlink:label="jpcrp040300-q2r_E06141-000_NetIncreaseDecreaseInShortTermFinancingFinCF" />
    <link:loc xlink:type="locator" xlink:href="jpcrp040300-q2r-001_E06141-000_2019-09-30_01_2019-11-29.xsd#jpcrp040300-q2r_E06141-000_NotesRegardingGainsOnDisposalOfFixedAssetsTextBlock" xlink:label="jpcrp040300-q2r_E06141-000_NotesRegardingGainsOnDisposalOfFixedAssetsTextBlock" />
    <link:loc xlink:type="locator" xlink:href="jpcrp040300-q2r-001_E06141-000_2019-09-30_01_2019-11-29.xsd#jpcrp040300-q2r_E06141-000_NotesRegardingLossesOnDisposalOfFixedAssetsTextBlock" xlink:label="jpcrp040300-q2r_E06141-000_NotesRegardingLossesOnDisposalOfFixedAssetsTextBlock" />
    <link:loc xlink:type="locator" xlink:href="jpcrp040300-q2r-001_E06141-000_2019-09-30_01_2019-11-29.xsd#jpcrp040300-q2r_E06141-000_NotesRegardingPolicyReserveMatchingBondsTextBlock" xlink:label="jpcrp040300-q2r_E06141-000_NotesRegardingPolicyReserveMatchingBondsTextBlock" />
    <link:loc xlink:type="locator" xlink:href="jpcrp040300-q2r-001_E06141-000_2019-09-30_01_2019-11-29.xsd#jpcrp040300-q2r_E06141-000_NumberOfEmployeeFieldStaffSummaryOfBusinessResults" xlink:label="jpcrp040300-q2r_E06141-000_NumberOfEmployeeFieldStaffSummaryOfBusinessResults" />
    <link:loc xlink:type="locator" xlink:href="jpcrp040300-q2r-001_E06141-000_2019-09-30_01_2019-11-29.xsd#jpcrp040300-q2r_E06141-000_NumberOfEmployeeOfficeStaffSummaryOfBusinessResults" xlink:label="jpcrp040300-q2r_E06141-000_NumberOfEmployeeOfficeStaffSummaryOfBusinessResults" />
    <link:loc xlink:type="locator" xlink:href="jpcrp040300-q2r-001_E06141-000_2019-09-30_01_2019-11-29.xsd#jpcrp040300-q2r_E06141-000_OtherRefundsEtcOEINS" xlink:label="jpcrp040300-q2r_E06141-000_OtherRefundsEtcOEINS" />
    <link:loc xlink:type="locator" xlink:href="jpcrp040300-q2r-001_E06141-000_2019-09-30_01_2019-11-29.xsd#jpcrp040300-q2r_E06141-000_OverseasInsuranceBusinessReportableSegmentMember" xlink:label="jpcrp040300-q2r_E06141-000_OverseasInsuranceBusinessReportableSegmentMember" />
    <link:loc xlink:type="locator" xlink:href="jpcrp040300-q2r-001_E06141-000_2019-09-30_01_2019-11-29.xsd#jpcrp040300-q2r_E06141-000_PremiumAndOtherIncomeSummaryOfBusinessResults" xlink:label="jpcrp040300-q2r_E06141-000_PremiumAndOtherIncomeSummaryOfBusinessResults" />
    <link:loc xlink:type="locator" xlink:href="jpcrp040300-q2r-001_E06141-000_2019-09-30_01_2019-11-29.xsd#jpcrp040300-q2r_E06141-000_ProceedsFromAcquisitionOfBusinessInvCF" xlink:label="jpcrp040300-q2r_E06141-000_ProceedsFromAcquisitionOfBusinessInvCF" />
    <link:loc xlink:type="locator" xlink:href="jpcrp040300-q2r-001_E06141-000_2019-09-30_01_2019-11-29.xsd#jpcrp040300-q2r_E06141-000_ProvisionForReserveForPolicyholderDividendsSummaryOfBusinessResults" xlink:label="jpcrp040300-q2r_E06141-000_ProvisionForReserveForPolicyholderDividendsSummaryOfBusinessResults" />
    <link:loc xlink:type="locator" xlink:href="jpcrp040300-q2r-001_E06141-000_2019-09-30_01_2019-11-29.xsd#jpcrp040300-q2r_E06141-000_ReserveForPossibleReimbursementOfPrescribedClaims" xlink:label="jpcrp040300-q2r_E06141-000_ReserveForPossibleReimbursementOfPrescribedClaims" />
    <link:loc xlink:type="locator" xlink:href="jpcrp040300-q2r-001_E06141-000_2019-09-30_01_2019-11-29.xsd#jpcrp040300-q2r_E06141-000_SalesActivityExpensesLifeInsuranceBusiness" xlink:label="jpcrp040300-q2r_E06141-000_SalesActivityExpensesLifeInsuranceBusiness" />
    <link:loc xlink:type="locator" xlink:href="jpcrp040300-q2r-001_E06141-000_2019-09-30_01_2019-11-29.xsd#jpcrp040300-q2r_E06141-000_SalesManagementExpensesLifeInsuranceBusiness" xlink:label="jpcrp040300-q2r_E06141-000_SalesManagementExpensesLifeInsuranceBusiness" />
    <link:loc xlink:type="locator" xlink:href="jpcrp040300-q2r-001_E06141-000_2019-09-30_01_2019-11-29.xsd#jpcrp040300-q2r_E06141-000_SummaryOfBusinessResultsTextBlock" xlink:label="jpcrp040300-q2r_E06141-000_SummaryOfBusinessResultsTextBlock" />
    <link:labelArc xlink:type="arc" xlink:from="jpcrp040300-q2r_E06141-000_AccrualMethodOfReserveForPriceFluctuationsTextBlock" xlink:to="jpcrp040300-q2r_E06141-000_AccrualMethodOfReserveForPriceFluctuationsTextBlock_label_1" xlink:arcrole="http://www.xbrl.org/2003/arcrole/concept-label" order="1" />
    <link:labelArc xlink:type="arc" xlink:from="jpcrp040300-q2r_E06141-000_AccrualMethodOfReserveForPriceFluctuationsTextBlock" xlink:to="jpcrp040300-q2r_E06141-000_AccrualMethodOfReserveForPriceFluctuationsTextBlock_label" xlink:arcrole="http://www.xbrl.org/2003/arcrole/concept-label" order="1" />
    <link:labelArc xlink:type="arc" xlink:from="jpcrp040300-q2r_E06141-000_BenefitsAndClaimsSummaryOfBusinessResults" xlink:to="jpcrp040300-q2r_E06141-000_BenefitsAndClaimsSummaryOfBusinessResults_label_1" xlink:arcrole="http://www.xbrl.org/2003/arcrole/concept-label" order="1" />
    <link:labelArc xlink:type="arc" xlink:from="jpcrp040300-q2r_E06141-000_BenefitsAndClaimsSummaryOfBusinessResults" xlink:to="jpcrp040300-q2r_E06141-000_BenefitsAndClaimsSummaryOfBusinessResults_label" xlink:arcrole="http://www.xbrl.org/2003/arcrole/concept-label" order="1" />
    <link:labelArc xlink:type="arc" xlink:from="jpcrp040300-q2r_E06141-000_DomesticLifeInsuranceBusinessReportableSegmentMember" xlink:to="jpcrp040300-q2r_E06141-000_DomesticLifeInsuranceBusinessReportableSegmentMember_label_1" xlink:arcrole="http://www.xbrl.org/2003/arcrole/concept-label" order="1" />
    <link:labelArc xlink:type="arc" xlink:from="jpcrp040300-q2r_E06141-000_DomesticLifeInsuranceBusinessReportableSegmentMember" xlink:to="jpcrp040300-q2r_E06141-000_DomesticLifeInsuranceBusinessReportableSegmentMember_label" xlink:arcrole="http://www.xbrl.org/2003/arcrole/concept-label" order="1" />
    <link:labelArc xlink:type="arc" xlink:from="jpcrp040300-q2r_E06141-000_FundForPriceFluctuationAllowance" xlink:to="jpcrp040300-q2r_E06141-000_FundForPriceFluctuationAllowance_label_7" xlink:arcrole="http://www.xbrl.org/2003/arcrole/concept-label" order="1" />
    <link:labelArc xlink:type="arc" xlink:from="jpcrp040300-q2r_E06141-000_FundForPriceFluctuationAllowance" xlink:to="jpcrp040300-q2r_E06141-000_FundForPriceFluctuationAllowance_label_6" xlink:arcrole="http://www.xbrl.org/2003/arcrole/concept-label" order="1" />
    <link:labelArc xlink:type="arc" xlink:from="jpcrp040300-q2r_E06141-000_FundForPriceFluctuationAllowance" xlink:to="jpcrp040300-q2r_E06141-000_FundForPriceFluctuationAllowance_label_8" xlink:arcrole="http://www.xbrl.org/2003/arcrole/concept-label" order="1" />
    <link:labelArc xlink:type="arc" xlink:from="jpcrp040300-q2r_E06141-000_FundForPriceFluctuationAllowance" xlink:to="jpcrp040300-q2r_E06141-000_FundForPriceFluctuationAllowance_label_10" xlink:arcrole="http://www.xbrl.org/2003/arcrole/concept-label" order="1" />
    <link:labelArc xlink:type="arc" xlink:from="jpcrp040300-q2r_E06141-000_FundForPriceFluctuationAllowance" xlink:to="jpcrp040300-q2r_E06141-000_FundForPriceFluctuationAllowance_label_9" xlink:arcrole="http://www.xbrl.org/2003/arcrole/concept-label" order="1" />
    <link:labelArc xlink:type="arc" xlink:from="jpcrp040300-q2r_E06141-000_FundForPriceFluctuationAllowance" xlink:to="jpcrp040300-q2r_E06141-000_FundForPriceFluctuationAllowance_label_5" xlink:arcrole="http://www.xbrl.org/2003/arcrole/concept-label" order="1" />
    <link:labelArc xlink:type="arc" xlink:from="jpcrp040300-q2r_E06141-000_FundForPriceFluctuationAllowance" xlink:to="jpcrp040300-q2r_E06141-000_FundForPriceFluctuationAllowance_label_1" xlink:arcrole="http://www.xbrl.org/2003/arcrole/concept-label" order="1" />
    <link:labelArc xlink:type="arc" xlink:from="jpcrp040300-q2r_E06141-000_FundForPriceFluctuationAllowance" xlink:to="jpcrp040300-q2r_E06141-000_FundForPriceFluctuationAllowance_label" xlink:arcrole="http://www.xbrl.org/2003/arcrole/concept-label" order="1" />
    <link:labelArc xlink:type="arc" xlink:from="jpcrp040300-q2r_E06141-000_FundForPriceFluctuationAllowance" xlink:to="jpcrp040300-q2r_E06141-000_FundForPriceFluctuationAllowance_label_2" xlink:arcrole="http://www.xbrl.org/2003/arcrole/concept-label" order="1" />
    <link:labelArc xlink:type="arc" xlink:from="jpcrp040300-q2r_E06141-000_FundForPriceFluctuationAllowance" xlink:to="jpcrp040300-q2r_E06141-000_FundForPriceFluctuationAllowance_label_4" xlink:arcrole="http://www.xbrl.org/2003/arcrole/concept-label" order="1" />
    <link:labelArc xlink:type="arc" xlink:from="jpcrp040300-q2r_E06141-000_FundForPriceFluctuationAllowance" xlink:to="jpcrp040300-q2r_E06141-000_FundForPriceFluctuationAllowance_label_3" xlink:arcrole="http://www.xbrl.org/2003/arcrole/concept-label" order="1" />
    <link:labelArc xlink:type="arc" xlink:from="jpcrp040300-q2r_E06141-000_FundForPriceFluctuationAllowanceMember" xlink:to="jpcrp040300-q2r_E06141-000_FundForPriceFluctuationAllowanceMember_label_1" xlink:arcrole="http://www.xbrl.org/2003/arcrole/concept-label" order="1" />
    <link:labelArc xlink:type="arc" xlink:from="jpcrp040300-q2r_E06141-000_FundForPriceFluctuationAllowanceMember" xlink:to="jpcrp040300-q2r_E06141-000_FundForPriceFluctuationAllowanceMember_label" xlink:arcrole="http://www.xbrl.org/2003/arcrole/concept-label" order="1" />
    <link:labelArc xlink:type="arc" xlink:from="jpcrp040300-q2r_E06141-000_IncreaseDecreaseInReserveForPossibleReimbursementOfPrescribedClaimsOpeCF" xlink:to="jpcrp040300-q2r_E06141-000_IncreaseDecreaseInReserveForPossibleReimbursementOfPrescribedClaimsOpeCF_label_2" xlink:arcrole="http://www.xbrl.org/2003/arcrole/concept-label" order="1" />
    <link:labelArc xlink:type="arc" xlink:from="jpcrp040300-q2r_E06141-000_IncreaseDecreaseInReserveForPossibleReimbursementOfPrescribedClaimsOpeCF" xlink:to="jpcrp040300-q2r_E06141-000_IncreaseDecreaseInReserveForPossibleReimbursementOfPrescribedClaimsOpeCF_label_1" xlink:arcrole="http://www.xbrl.org/2003/arcrole/concept-label" order="1" />
    <link:labelArc xlink:type="arc" xlink:from="jpcrp040300-q2r_E06141-000_IncreaseDecreaseInReserveForPossibleReimbursementOfPrescribedClaimsOpeCF" xlink:to="jpcrp040300-q2r_E06141-000_IncreaseDecreaseInReserveForPossibleReimbursementOfPrescribedClaimsOpeCF_label" xlink:arcrole="http://www.xbrl.org/2003/arcrole/concept-label" order="1" />
    <link:labelArc xlink:type="arc" xlink:from="jpcrp040300-q2r_E06141-000_InvestmentIncomeSummaryOfBusinessResults" xlink:to="jpcrp040300-q2r_E06141-000_InvestmentIncomeSummaryOfBusinessResults_label_1" xlink:arcrole="http://www.xbrl.org/2003/arcrole/concept-label" order="1" />
    <link:labelArc xlink:type="arc" xlink:from="jpcrp040300-q2r_E06141-000_InvestmentIncomeSummaryOfBusinessResults" xlink:to="jpcrp040300-q2r_E06141-000_InvestmentIncomeSummaryOfBusinessResults_label" xlink:arcrole="http://www.xbrl.org/2003/arcrole/concept-label" order="1" />
    <link:labelArc xlink:type="arc" xlink:from="jpcrp040300-q2r_E06141-000_NetIncreaseDecreaseInShortTermFinancingFinCF" xlink:to="jpcrp040300-q2r_E06141-000_NetIncreaseDecreaseInShortTermFinancingFinCF_label_1" xlink:arcrole="http://www.xbrl.org/2003/arcrole/concept-label" order="1" />
    <link:labelArc xlink:type="arc" xlink:from="jpcrp040300-q2r_E06141-000_NetIncreaseDecreaseInShortTermFinancingFinCF" xlink:to="jpcrp040300-q2r_E06141-000_NetIncreaseDecreaseInShortTermFinancingFinCF_label" xlink:arcrole="http://www.xbrl.org/2003/arcrole/concept-label" order="1" />
    <link:labelArc xlink:type="arc" xlink:from="jpcrp040300-q2r_E06141-000_NotesRegardingGainsOnDisposalOfFixedAssetsTextBlock" xlink:to="jpcrp040300-q2r_E06141-000_NotesRegardingGainsOnDisposalOfFixedAssetsTextBlock_label_1" xlink:arcrole="http://www.xbrl.org/2003/arcrole/concept-label" order="1" />
    <link:labelArc xlink:type="arc" xlink:from="jpcrp040300-q2r_E06141-000_NotesRegardingGainsOnDisposalOfFixedAssetsTextBlock" xlink:to="jpcrp040300-q2r_E06141-000_NotesRegardingGainsOnDisposalOfFixedAssetsTextBlock_label" xlink:arcrole="http://www.xbrl.org/2003/arcrole/concept-label" order="1" />
    <link:labelArc xlink:type="arc" xlink:from="jpcrp040300-q2r_E06141-000_NotesRegardingLossesOnDisposalOfFixedAssetsTextBlock" xlink:to="jpcrp040300-q2r_E06141-000_NotesRegardingLossesOnDisposalOfFixedAssetsTextBlock_label_1" xlink:arcrole="http://www.xbrl.org/2003/arcrole/concept-label" order="1" />
    <link:labelArc xlink:type="arc" xlink:from="jpcrp040300-q2r_E06141-000_NotesRegardingLossesOnDisposalOfFixedAssetsTextBlock" xlink:to="jpcrp040300-q2r_E06141-000_NotesRegardingLossesOnDisposalOfFixedAssetsTextBlock_label" xlink:arcrole="http://www.xbrl.org/2003/arcrole/concept-label" order="1" />
    <link:labelArc xlink:type="arc" xlink:from="jpcrp040300-q2r_E06141-000_NotesRegardingPolicyReserveMatchingBondsTextBlock" xlink:to="jpcrp040300-q2r_E06141-000_NotesRegardingPolicyReserveMatchingBondsTextBlock_label_1" xlink:arcrole="http://www.xbrl.org/2003/arcrole/concept-label" order="1" />
    <link:labelArc xlink:type="arc" xlink:from="jpcrp040300-q2r_E06141-000_NotesRegardingPolicyReserveMatchingBondsTextBlock" xlink:to="jpcrp040300-q2r_E06141-000_NotesRegardingPolicyReserveMatchingBondsTextBlock_label" xlink:arcrole="http://www.xbrl.org/2003/arcrole/concept-label" order="1" />
    <link:labelArc xlink:type="arc" xlink:from="jpcrp040300-q2r_E06141-000_NumberOfEmployeeFieldStaffSummaryOfBusinessResults" xlink:to="jpcrp040300-q2r_E06141-000_NumberOfEmployeeFieldStaffSummaryOfBusinessResults_label_1" xlink:arcrole="http://www.xbrl.org/2003/arcrole/concept-label" order="1" />
    <link:labelArc xlink:type="arc" xlink:from="jpcrp040300-q2r_E06141-000_NumberOfEmployeeFieldStaffSummaryOfBusinessResults" xlink:to="jpcrp040300-q2r_E06141-000_NumberOfEmployeeFieldStaffSummaryOfBusinessResults_label" xlink:arcrole="http://www.xbrl.org/2003/arcrole/concept-label" order="1" />
    <link:labelArc xlink:type="arc" xlink:from="jpcrp040300-q2r_E06141-000_NumberOfEmployeeOfficeStaffSummaryOfBusinessResults" xlink:to="jpcrp040300-q2r_E06141-000_NumberOfEmployeeOfficeStaffSummaryOfBusinessResults_label_1" xlink:arcrole="http://www.xbrl.org/2003/arcrole/concept-label" order="1" />
    <link:labelArc xlink:type="arc" xlink:from="jpcrp040300-q2r_E06141-000_NumberOfEmployeeOfficeStaffSummaryOfBusinessResults" xlink:to="jpcrp040300-q2r_E06141-000_NumberOfEmployeeOfficeStaffSummaryOfBusinessResults_label" xlink:arcrole="http://www.xbrl.org/2003/arcrole/concept-label" order="1" />
    <link:labelArc xlink:type="arc" xlink:from="jpcrp040300-q2r_E06141-000_OtherRefundsEtcOEINS" xlink:to="jpcrp040300-q2r_E06141-000_OtherRefundsEtcOEINS_label_2" xlink:arcrole="http://www.xbrl.org/2003/arcrole/concept-label" order="1" />
    <link:labelArc xlink:type="arc" xlink:from="jpcrp040300-q2r_E06141-000_OtherRefundsEtcOEINS" xlink:to="jpcrp040300-q2r_E06141-000_OtherRefundsEtcOEINS_label_1" xlink:arcrole="http://www.xbrl.org/2003/arcrole/concept-label" order="1" />
    <link:labelArc xlink:type="arc" xlink:from="jpcrp040300-q2r_E06141-000_OtherRefundsEtcOEINS" xlink:to="jpcrp040300-q2r_E06141-000_OtherRefundsEtcOEINS_label" xlink:arcrole="http://www.xbrl.org/2003/arcrole/concept-label" order="1" />
    <link:labelArc xlink:type="arc" xlink:from="jpcrp040300-q2r_E06141-000_OverseasInsuranceBusinessReportableSegmentMember" xlink:to="jpcrp040300-q2r_E06141-000_OverseasInsuranceBusinessReportableSegmentMember_label_1" xlink:arcrole="http://www.xbrl.org/2003/arcrole/concept-label" order="1" />
    <link:labelArc xlink:type="arc" xlink:from="jpcrp040300-q2r_E06141-000_OverseasInsuranceBusinessReportableSegmentMember" xlink:to="jpcrp040300-q2r_E06141-000_OverseasInsuranceBusinessReportableSegmentMember_label" xlink:arcrole="http://www.xbrl.org/2003/arcrole/concept-label" order="1" />
    <link:labelArc xlink:type="arc" xlink:from="jpcrp040300-q2r_E06141-000_PremiumAndOtherIncomeSummaryOfBusinessResults" xlink:to="jpcrp040300-q2r_E06141-000_PremiumAndOtherIncomeSummaryOfBusinessResults_label_1" xlink:arcrole="http://www.xbrl.org/2003/arcrole/concept-label" order="1" />
    <link:labelArc xlink:type="arc" xlink:from="jpcrp040300-q2r_E06141-000_PremiumAndOtherIncomeSummaryOfBusinessResults" xlink:to="jpcrp040300-q2r_E06141-000_PremiumAndOtherIncomeSummaryOfBusinessResults_label" xlink:arcrole="http://www.xbrl.org/2003/arcrole/concept-label" order="1" />
    <link:labelArc xlink:type="arc" xlink:from="jpcrp040300-q2r_E06141-000_ProceedsFromAcquisitionOfBusinessInvCF" xlink:to="jpcrp040300-q2r_E06141-000_ProceedsFromAcquisitionOfBusinessInvCF_label_1" xlink:arcrole="http://www.xbrl.org/2003/arcrole/concept-label" order="1" />
    <link:labelArc xlink:type="arc" xlink:from="jpcrp040300-q2r_E06141-000_ProceedsFromAcquisitionOfBusinessInvCF" xlink:to="jpcrp040300-q2r_E06141-000_ProceedsFromAcquisitionOfBusinessInvCF_label" xlink:arcrole="http://www.xbrl.org/2003/arcrole/concept-label" order="1" />
    <link:labelArc xlink:type="arc" xlink:from="jpcrp040300-q2r_E06141-000_ProvisionForReserveForPolicyholderDividendsSummaryOfBusinessResults" xlink:to="jpcrp040300-q2r_E06141-000_ProvisionForReserveForPolicyholderDividendsSummaryOfBusinessResults_label_1" xlink:arcrole="http://www.xbrl.org/2003/arcrole/concept-label" order="1" />
    <link:labelArc xlink:type="arc" xlink:from="jpcrp040300-q2r_E06141-000_ProvisionForReserveForPolicyholderDividendsSummaryOfBusinessResults" xlink:to="jpcrp040300-q2r_E06141-000_ProvisionForReserveForPolicyholderDividendsSummaryOfBusinessResults_label" xlink:arcrole="http://www.xbrl.org/2003/arcrole/concept-label" order="1" />
    <link:labelArc xlink:type="arc" xlink:from="jpcrp040300-q2r_E06141-000_ReserveForPossibleReimbursementOfPrescribedClaims" xlink:to="jpcrp040300-q2r_E06141-000_ReserveForPossibleReimbursementOfPrescribedClaims_label_2" xlink:arcrole="http://www.xbrl.org/2003/arcrole/concept-label" order="1" />
    <link:labelArc xlink:type="arc" xlink:from="jpcrp040300-q2r_E06141-000_ReserveForPossibleReimbursementOfPrescribedClaims" xlink:to="jpcrp040300-q2r_E06141-000_ReserveForPossibleReimbursementOfPrescribedClaims_label_1" xlink:arcrole="http://www.xbrl.org/2003/arcrole/concept-label" order="1" />
    <link:labelArc xlink:type="arc" xlink:from="jpcrp040300-q2r_E06141-000_ReserveForPossibleReimbursementOfPrescribedClaims" xlink:to="jpcrp040300-q2r_E06141-000_ReserveForPossibleReimbursementOfPrescribedClaims_label" xlink:arcrole="http://www.xbrl.org/2003/arcrole/concept-label" order="1" />
    <link:labelArc xlink:type="arc" xlink:from="jpcrp040300-q2r_E06141-000_SalesActivityExpensesLifeInsuranceBusiness" xlink:to="jpcrp040300-q2r_E06141-000_SalesActivityExpensesLifeInsuranceBusiness_label_1" xlink:arcrole="http://www.xbrl.org/2003/arcrole/concept-label" order="1" />
    <link:labelArc xlink:type="arc" xlink:from="jpcrp040300-q2r_E06141-000_SalesActivityExpensesLifeInsuranceBusiness" xlink:to="jpcrp040300-q2r_E06141-000_SalesActivityExpensesLifeInsuranceBusiness_label" xlink:arcrole="http://www.xbrl.org/2003/arcrole/concept-label" order="1" />
    <link:labelArc xlink:type="arc" xlink:from="jpcrp040300-q2r_E06141-000_SalesManagementExpensesLifeInsuranceBusiness" xlink:to="jpcrp040300-q2r_E06141-000_SalesManagementExpensesLifeInsuranceBusiness_label_1" xlink:arcrole="http://www.xbrl.org/2003/arcrole/concept-label" order="1" />
    <link:labelArc xlink:type="arc" xlink:from="jpcrp040300-q2r_E06141-000_SalesManagementExpensesLifeInsuranceBusiness" xlink:to="jpcrp040300-q2r_E06141-000_SalesManagementExpensesLifeInsuranceBusiness_label" xlink:arcrole="http://www.xbrl.org/2003/arcrole/concept-label" order="1" />
    <link:labelArc xlink:type="arc" xlink:from="jpcrp040300-q2r_E06141-000_SummaryOfBusinessResultsTextBlock" xlink:to="jpcrp040300-q2r_E06141-000_SummaryOfBusinessResultsTextBlock_label_1" xlink:arcrole="http://www.xbrl.org/2003/arcrole/concept-label" order="1" />
    <link:labelArc xlink:type="arc" xlink:from="jpcrp040300-q2r_E06141-000_SummaryOfBusinessResultsTextBlock" xlink:to="jpcrp040300-q2r_E06141-000_SummaryOfBusinessResultsTextBlock_label" xlink:arcrole="http://www.xbrl.org/2003/arcrole/concept-label" order="1" />
    <link:labelArc xlink:type="arc" xlink:from="jppfs_cor_CumulativeEffectsOfChangesInAccountingPolicies" xlink:to="jppfs_cor_CumulativeEffectsOfChangesInAccountingPolicies_label" xlink:arcrole="http://www.xbrl.org/2003/arcrole/concept-label" order="1" />
    <link:labelArc xlink:type="arc" xlink:from="jppfs_cor_RestatedBalance" xlink:to="jppfs_cor_RestatedBalance_label" xlink:arcrole="http://www.xbrl.org/2003/arcrole/concept-label" order="1" />
  </link:labelLink>
</link:linkbase>