﻿<?xml version="1.0" encoding="utf-8"?>
<!-- Edited with XiRUTE .NET Library 01-08 -->
<link:linkbase xmlns:xlink="http://www.w3.org/1999/xlink" xmlns:xsi="http://www.w3.org/2001/XMLSchema-instance" xmlns:link="http://www.xbrl.org/2003/linkbase">
  <link:roleRef xlink:type="simple" xlink:href="http://disclosure.edinet-fsa.go.jp/taxonomy/jppfs/2019-02-28/jppfs_rt_2019-02-28.xsd#rol_BNKConsolidatedLabel" roleURI="http://disclosure.edinet-fsa.go.jp/jppfs/bnk/Consolidated/role/label" />
  <link:labelLink xlink:type="extended" xlink:role="http://www.xbrl.org/2003/role/link">
    <link:label xml:lang="en" xlink:type="resource" xlink:label="jpcrp040300-q2r_E03622-000_ApplicationOfConsolidatedTaxationSystemTextBlock_label" xlink:role="http://www.xbrl.org/2003/role/label">Application of consolidated taxation system</link:label>
    <link:label xml:lang="en" xlink:type="resource" xlink:label="jpcrp040300-q2r_E03622-000_ApplicationOfConsolidatedTaxationSystemTextBlock_label_1" xlink:role="http://www.xbrl.org/2003/role/verboseLabel">Application of consolidated taxation system[text block]</link:label>
    <link:label xml:lang="en" xlink:type="resource" xlink:label="jpcrp040300-q2r_E03622-000_AssetsForRentIA_label" xlink:role="http://www.xbrl.org/2003/role/label">Assets for rent</link:label>
    <link:label xml:lang="en" xlink:type="resource" xlink:label="jpcrp040300-q2r_E03622-000_AssetsForRentIA_label_1" xlink:role="http://www.xbrl.org/2003/role/verboseLabel">Assets for rent-IA</link:label>
    <link:label xml:lang="en" xlink:type="resource" xlink:label="jpcrp040300-q2r_E03622-000_AssetsForRentPPE_label" xlink:role="http://www.xbrl.org/2003/role/label">Assets for rent</link:label>
    <link:label xml:lang="en" xlink:type="resource" xlink:label="jpcrp040300-q2r_E03622-000_AssetsForRentPPE_label_1" xlink:role="http://www.xbrl.org/2003/role/verboseLabel">Assets for rent-PPE</link:label>
    <link:label xml:lang="en" xlink:type="resource" xlink:label="jpcrp040300-q2r_E03622-000_CurrencySwapCA_label" xlink:role="http://www.xbrl.org/2003/role/label">Currency swap</link:label>
    <link:label xml:lang="en" xlink:type="resource" xlink:label="jpcrp040300-q2r_E03622-000_CurrencySwapCA_label_1" xlink:role="http://www.xbrl.org/2003/role/verboseLabel">Currency swap-CA</link:label>
    <link:label xml:lang="en" xlink:type="resource" xlink:label="jpcrp040300-q2r_E03622-000_CurrencySwapExpensesNOE_label" xlink:role="http://www.xbrl.org/2003/role/label">Currency swap expenses</link:label>
    <link:label xml:lang="en" xlink:type="resource" xlink:label="jpcrp040300-q2r_E03622-000_CurrencySwapExpensesNOE_label_1" xlink:role="http://www.xbrl.org/2003/role/verboseLabel">Currency swap expenses-NOE</link:label>
    <link:label xml:lang="en" xlink:type="resource" xlink:label="jpcrp040300-q2r_E03622-000_CurrencySwapRevenueNOI_label" xlink:role="http://www.xbrl.org/2003/role/label">Currency swap revenue</link:label>
    <link:label xml:lang="en" xlink:type="resource" xlink:label="jpcrp040300-q2r_E03622-000_CurrencySwapRevenueNOI_label_1" xlink:role="http://www.xbrl.org/2003/role/verboseLabel">Currency swap revenue-NOI</link:label>
    <link:label xml:lang="en" xlink:type="resource" xlink:label="jpcrp040300-q2r_E03622-000_InterestOnBondWithSubscriptionRightsToSharesNOE_label" xlink:role="http://www.xbrl.org/2003/role/label">Interest on bond with subscription rights to shares</link:label>
    <link:label xml:lang="en" xlink:type="resource" xlink:label="jpcrp040300-q2r_E03622-000_InterestOnBondWithSubscriptionRightsToSharesNOE_label_1" xlink:role="http://www.xbrl.org/2003/role/verboseLabel">Interest on bond with subscription rights to shares-NOE</link:label>
    <link:label xml:lang="en" xlink:type="resource" xlink:label="jpcrp040300-q2r_E03622-000_NotesRegardingAccountingPolicyForConsumptionTaxAndOthersTextBlock_label" xlink:role="http://www.xbrl.org/2003/role/label">Notes regarding accounting policy for consumption tax and others</link:label>
    <link:label xml:lang="en" xlink:type="resource" xlink:label="jpcrp040300-q2r_E03622-000_NotesRegardingAccountingPolicyForConsumptionTaxAndOthersTextBlock_label_1" xlink:role="http://www.xbrl.org/2003/role/verboseLabel">Notes regarding accounting policy for consumption tax and others[text block]</link:label>
    <link:label xml:lang="en" xlink:type="resource" xlink:label="jpcrp040300-q2r_E03622-000_NotesRegardingGeneralAndAdministrativeExpensesTextBlock_label" xlink:role="http://www.xbrl.org/2003/role/label">Notes regarding general and administrative expenses</link:label>
    <link:label xml:lang="en" xlink:type="resource" xlink:label="jpcrp040300-q2r_E03622-000_NotesRegardingGeneralAndAdministrativeExpensesTextBlock_label_1" xlink:role="http://www.xbrl.org/2003/role/verboseLabel">Notes regarding general and administrative expenses [text block]</link:label>
    <link:label xml:lang="en" xlink:type="resource" xlink:label="jpcrp040300-q2r_E03622-000_ProceedsFromSalesOfSharesOfParentHeldBySubsidiariesFinCF_label" xlink:role="http://www.xbrl.org/2003/role/label">Proceeds from sales of shares of parent held by subsidiaries</link:label>
    <link:label xml:lang="en" xlink:type="resource" xlink:label="jpcrp040300-q2r_E03622-000_ProceedsFromSalesOfSharesOfParentHeldBySubsidiariesFinCF_label_1" xlink:role="http://www.xbrl.org/2003/role/verboseLabel">Proceeds from sales of shares of parent held by subsidiaries-FinCF</link:label>
    <link:label xml:lang="en" xlink:type="resource" xlink:label="jpcrp040300-q2r_E03622-000_ProvisionForManagementBoardBenefitTrustLiabilities_label" xlink:role="http://www.xbrl.org/2003/role/label">Provision for management board benefit trust</link:label>
    <link:label xml:lang="en" xlink:type="resource" xlink:label="jpcrp040300-q2r_E03622-000_ProvisionForManagementBoardBenefitTrustLiabilities_label_1" xlink:role="http://www.xbrl.org/2003/role/verboseLabel">Provision for management board benefit trust-liabilities</link:label>
    <link:label xml:lang="en" xlink:type="resource" xlink:label="jpcrp040300-q2r_E03622-000_RentalPropertyExpensesCOSExpOA_label" xlink:role="http://www.xbrl.org/2003/role/label">Rental property expenses</link:label>
    <link:label xml:lang="en" xlink:type="resource" xlink:label="jpcrp040300-q2r_E03622-000_RentalPropertyExpensesCOSExpOA_label_1" xlink:role="http://www.xbrl.org/2003/role/verboseLabel">Rental property expenses-COSExpOA</link:label>
    <link:label xml:lang="en" xlink:type="resource" xlink:label="jpcrp040300-q2r_E03622-000_RentalPropertyIncomeFromAffiliatesRevOA_label" xlink:role="http://www.xbrl.org/2003/role/label">Rental property income from affiliates</link:label>
    <link:label xml:lang="en" xlink:type="resource" xlink:label="jpcrp040300-q2r_E03622-000_RentalPropertyIncomeFromAffiliatesRevOA_label_1" xlink:role="http://www.xbrl.org/2003/role/verboseLabel">Rental property income from affiliates-RevOA</link:label>
    <link:label xml:lang="en" xlink:type="resource" xlink:label="jpcrp040300-q2r_E03622-000_SummaryOfBusinessResultsTextBlock_label" xlink:role="http://www.xbrl.org/2003/role/label">Summary of business results</link:label>
    <link:label xml:lang="en" xlink:type="resource" xlink:label="jpcrp040300-q2r_E03622-000_SummaryOfBusinessResultsTextBlock_label_1" xlink:role="http://www.xbrl.org/2003/role/verboseLabel">Summary of business results [text block]</link:label>
    <link:label xml:lang="en" xlink:type="resource" xlink:label="jppfs_cor_IncreaseDecreaseInProvisionForReimbursementOfDepositsOpeCFBNK_label" xlink:role="http://disclosure.edinet-fsa.go.jp/jppfs/bnk/Consolidated/role/label">Increase (decrease) in provision for reimbursement of deposits</link:label>
    <link:label xml:lang="en" xlink:type="resource" xlink:label="jppfs_cor_LossGainOnMoneyHeldInTrustOpeCFBNK_label" xlink:role="http://disclosure.edinet-fsa.go.jp/jppfs/bnk/Consolidated/role/label">Loss (gain) on money held in trust</link:label>
    <link:loc xlink:type="locator" xlink:href="http://disclosure.edinet-fsa.go.jp/taxonomy/jppfs/2019-02-28/jppfs_cor_2019-02-28.xsd#jppfs_cor_IncreaseDecreaseInProvisionForReimbursementOfDepositsOpeCFBNK" xlink:label="jppfs_cor_IncreaseDecreaseInProvisionForReimbursementOfDepositsOpeCFBNK" />
    <link:loc xlink:type="locator" xlink:href="http://disclosure.edinet-fsa.go.jp/taxonomy/jppfs/2019-02-28/jppfs_cor_2019-02-28.xsd#jppfs_cor_LossGainOnMoneyHeldInTrustOpeCFBNK" xlink:label="jppfs_cor_LossGainOnMoneyHeldInTrustOpeCFBNK" />
    <link:loc xlink:type="locator" xlink:href="jpcrp040300-q2r-001_E03622-000_2019-09-30_01_2019-11-29.xsd#jpcrp040300-q2r_E03622-000_ApplicationOfConsolidatedTaxationSystemTextBlock" xlink:label="jpcrp040300-q2r_E03622-000_ApplicationOfConsolidatedTaxationSystemTextBlock" />
    <link:loc xlink:type="locator" xlink:href="jpcrp040300-q2r-001_E03622-000_2019-09-30_01_2019-11-29.xsd#jpcrp040300-q2r_E03622-000_AssetsForRentIA" xlink:label="jpcrp040300-q2r_E03622-000_AssetsForRentIA" />
    <link:loc xlink:type="locator" xlink:href="jpcrp040300-q2r-001_E03622-000_2019-09-30_01_2019-11-29.xsd#jpcrp040300-q2r_E03622-000_AssetsForRentPPE" xlink:label="jpcrp040300-q2r_E03622-000_AssetsForRentPPE" />
    <link:loc xlink:type="locator" xlink:href="jpcrp040300-q2r-001_E03622-000_2019-09-30_01_2019-11-29.xsd#jpcrp040300-q2r_E03622-000_CurrencySwapCA" xlink:label="jpcrp040300-q2r_E03622-000_CurrencySwapCA" />
    <link:loc xlink:type="locator" xlink:href="jpcrp040300-q2r-001_E03622-000_2019-09-30_01_2019-11-29.xsd#jpcrp040300-q2r_E03622-000_CurrencySwapExpensesNOE" xlink:label="jpcrp040300-q2r_E03622-000_CurrencySwapExpensesNOE" />
    <link:loc xlink:type="locator" xlink:href="jpcrp040300-q2r-001_E03622-000_2019-09-30_01_2019-11-29.xsd#jpcrp040300-q2r_E03622-000_CurrencySwapRevenueNOI" xlink:label="jpcrp040300-q2r_E03622-000_CurrencySwapRevenueNOI" />
    <link:loc xlink:type="locator" xlink:href="jpcrp040300-q2r-001_E03622-000_2019-09-30_01_2019-11-29.xsd#jpcrp040300-q2r_E03622-000_InterestOnBondWithSubscriptionRightsToSharesNOE" xlink:label="jpcrp040300-q2r_E03622-000_InterestOnBondWithSubscriptionRightsToSharesNOE" />
    <link:loc xlink:type="locator" xlink:href="jpcrp040300-q2r-001_E03622-000_2019-09-30_01_2019-11-29.xsd#jpcrp040300-q2r_E03622-000_NotesRegardingAccountingPolicyForConsumptionTaxAndOthersTextBlock" xlink:label="jpcrp040300-q2r_E03622-000_NotesRegardingAccountingPolicyForConsumptionTaxAndOthersTextBlock" />
    <link:loc xlink:type="locator" xlink:href="jpcrp040300-q2r-001_E03622-000_2019-09-30_01_2019-11-29.xsd#jpcrp040300-q2r_E03622-000_NotesRegardingGeneralAndAdministrativeExpensesTextBlock" xlink:label="jpcrp040300-q2r_E03622-000_NotesRegardingGeneralAndAdministrativeExpensesTextBlock" />
    <link:loc xlink:type="locator" xlink:href="jpcrp040300-q2r-001_E03622-000_2019-09-30_01_2019-11-29.xsd#jpcrp040300-q2r_E03622-000_ProceedsFromSalesOfSharesOfParentHeldBySubsidiariesFinCF" xlink:label="jpcrp040300-q2r_E03622-000_ProceedsFromSalesOfSharesOfParentHeldBySubsidiariesFinCF" />
    <link:loc xlink:type="locator" xlink:href="jpcrp040300-q2r-001_E03622-000_2019-09-30_01_2019-11-29.xsd#jpcrp040300-q2r_E03622-000_ProvisionForManagementBoardBenefitTrustLiabilities" xlink:label="jpcrp040300-q2r_E03622-000_ProvisionForManagementBoardBenefitTrustLiabilities" />
    <link:loc xlink:type="locator" xlink:href="jpcrp040300-q2r-001_E03622-000_2019-09-30_01_2019-11-29.xsd#jpcrp040300-q2r_E03622-000_RentalPropertyExpensesCOSExpOA" xlink:label="jpcrp040300-q2r_E03622-000_RentalPropertyExpensesCOSExpOA" />
    <link:loc xlink:type="locator" xlink:href="jpcrp040300-q2r-001_E03622-000_2019-09-30_01_2019-11-29.xsd#jpcrp040300-q2r_E03622-000_RentalPropertyIncomeFromAffiliatesRevOA" xlink:label="jpcrp040300-q2r_E03622-000_RentalPropertyIncomeFromAffiliatesRevOA" />
    <link:loc xlink:type="locator" xlink:href="jpcrp040300-q2r-001_E03622-000_2019-09-30_01_2019-11-29.xsd#jpcrp040300-q2r_E03622-000_SummaryOfBusinessResultsTextBlock" xlink:label="jpcrp040300-q2r_E03622-000_SummaryOfBusinessResultsTextBlock" />
    <link:labelArc xlink:type="arc" xlink:from="jpcrp040300-q2r_E03622-000_ApplicationOfConsolidatedTaxationSystemTextBlock" xlink:to="jpcrp040300-q2r_E03622-000_ApplicationOfConsolidatedTaxationSystemTextBlock_label_1" xlink:arcrole="http://www.xbrl.org/2003/arcrole/concept-label" order="1" />
    <link:labelArc xlink:type="arc" xlink:from="jpcrp040300-q2r_E03622-000_ApplicationOfConsolidatedTaxationSystemTextBlock" xlink:to="jpcrp040300-q2r_E03622-000_ApplicationOfConsolidatedTaxationSystemTextBlock_label" xlink:arcrole="http://www.xbrl.org/2003/arcrole/concept-label" order="1" />
    <link:labelArc xlink:type="arc" xlink:from="jpcrp040300-q2r_E03622-000_AssetsForRentIA" xlink:to="jpcrp040300-q2r_E03622-000_AssetsForRentIA_label_1" xlink:arcrole="http://www.xbrl.org/2003/arcrole/concept-label" order="1" />
    <link:labelArc xlink:type="arc" xlink:from="jpcrp040300-q2r_E03622-000_AssetsForRentIA" xlink:to="jpcrp040300-q2r_E03622-000_AssetsForRentIA_label" xlink:arcrole="http://www.xbrl.org/2003/arcrole/concept-label" order="1" />
    <link:labelArc xlink:type="arc" xlink:from="jpcrp040300-q2r_E03622-000_AssetsForRentPPE" xlink:to="jpcrp040300-q2r_E03622-000_AssetsForRentPPE_label_1" xlink:arcrole="http://www.xbrl.org/2003/arcrole/concept-label" order="1" />
    <link:labelArc xlink:type="arc" xlink:from="jpcrp040300-q2r_E03622-000_AssetsForRentPPE" xlink:to="jpcrp040300-q2r_E03622-000_AssetsForRentPPE_label" xlink:arcrole="http://www.xbrl.org/2003/arcrole/concept-label" order="1" />
    <link:labelArc xlink:type="arc" xlink:from="jpcrp040300-q2r_E03622-000_CurrencySwapCA" xlink:to="jpcrp040300-q2r_E03622-000_CurrencySwapCA_label_1" xlink:arcrole="http://www.xbrl.org/2003/arcrole/concept-label" order="1" />
    <link:labelArc xlink:type="arc" xlink:from="jpcrp040300-q2r_E03622-000_CurrencySwapCA" xlink:to="jpcrp040300-q2r_E03622-000_CurrencySwapCA_label" xlink:arcrole="http://www.xbrl.org/2003/arcrole/concept-label" order="1" />
    <link:labelArc xlink:type="arc" xlink:from="jpcrp040300-q2r_E03622-000_CurrencySwapExpensesNOE" xlink:to="jpcrp040300-q2r_E03622-000_CurrencySwapExpensesNOE_label_1" xlink:arcrole="http://www.xbrl.org/2003/arcrole/concept-label" order="1" />
    <link:labelArc xlink:type="arc" xlink:from="jpcrp040300-q2r_E03622-000_CurrencySwapExpensesNOE" xlink:to="jpcrp040300-q2r_E03622-000_CurrencySwapExpensesNOE_label" xlink:arcrole="http://www.xbrl.org/2003/arcrole/concept-label" order="1" />
    <link:labelArc xlink:type="arc" xlink:from="jpcrp040300-q2r_E03622-000_CurrencySwapRevenueNOI" xlink:to="jpcrp040300-q2r_E03622-000_CurrencySwapRevenueNOI_label_1" xlink:arcrole="http://www.xbrl.org/2003/arcrole/concept-label" order="1" />
    <link:labelArc xlink:type="arc" xlink:from="jpcrp040300-q2r_E03622-000_CurrencySwapRevenueNOI" xlink:to="jpcrp040300-q2r_E03622-000_CurrencySwapRevenueNOI_label" xlink:arcrole="http://www.xbrl.org/2003/arcrole/concept-label" order="1" />
    <link:labelArc xlink:type="arc" xlink:from="jpcrp040300-q2r_E03622-000_InterestOnBondWithSubscriptionRightsToSharesNOE" xlink:to="jpcrp040300-q2r_E03622-000_InterestOnBondWithSubscriptionRightsToSharesNOE_label_1" xlink:arcrole="http://www.xbrl.org/2003/arcrole/concept-label" order="1" />
    <link:labelArc xlink:type="arc" xlink:from="jpcrp040300-q2r_E03622-000_InterestOnBondWithSubscriptionRightsToSharesNOE" xlink:to="jpcrp040300-q2r_E03622-000_InterestOnBondWithSubscriptionRightsToSharesNOE_label" xlink:arcrole="http://www.xbrl.org/2003/arcrole/concept-label" order="1" />
    <link:labelArc xlink:type="arc" xlink:from="jpcrp040300-q2r_E03622-000_NotesRegardingAccountingPolicyForConsumptionTaxAndOthersTextBlock" xlink:to="jpcrp040300-q2r_E03622-000_NotesRegardingAccountingPolicyForConsumptionTaxAndOthersTextBlock_label_1" xlink:arcrole="http://www.xbrl.org/2003/arcrole/concept-label" order="1" />
    <link:labelArc xlink:type="arc" xlink:from="jpcrp040300-q2r_E03622-000_NotesRegardingAccountingPolicyForConsumptionTaxAndOthersTextBlock" xlink:to="jpcrp040300-q2r_E03622-000_NotesRegardingAccountingPolicyForConsumptionTaxAndOthersTextBlock_label" xlink:arcrole="http://www.xbrl.org/2003/arcrole/concept-label" order="1" />
    <link:labelArc xlink:type="arc" xlink:from="jpcrp040300-q2r_E03622-000_NotesRegardingGeneralAndAdministrativeExpensesTextBlock" xlink:to="jpcrp040300-q2r_E03622-000_NotesRegardingGeneralAndAdministrativeExpensesTextBlock_label_1" xlink:arcrole="http://www.xbrl.org/2003/arcrole/concept-label" order="1" />
    <link:labelArc xlink:type="arc" xlink:from="jpcrp040300-q2r_E03622-000_NotesRegardingGeneralAndAdministrativeExpensesTextBlock" xlink:to="jpcrp040300-q2r_E03622-000_NotesRegardingGeneralAndAdministrativeExpensesTextBlock_label" xlink:arcrole="http://www.xbrl.org/2003/arcrole/concept-label" order="1" />
    <link:labelArc xlink:type="arc" xlink:from="jpcrp040300-q2r_E03622-000_ProceedsFromSalesOfSharesOfParentHeldBySubsidiariesFinCF" xlink:to="jpcrp040300-q2r_E03622-000_ProceedsFromSalesOfSharesOfParentHeldBySubsidiariesFinCF_label_1" xlink:arcrole="http://www.xbrl.org/2003/arcrole/concept-label" order="1" />
    <link:labelArc xlink:type="arc" xlink:from="jpcrp040300-q2r_E03622-000_ProceedsFromSalesOfSharesOfParentHeldBySubsidiariesFinCF" xlink:to="jpcrp040300-q2r_E03622-000_ProceedsFromSalesOfSharesOfParentHeldBySubsidiariesFinCF_label" xlink:arcrole="http://www.xbrl.org/2003/arcrole/concept-label" order="1" />
    <link:labelArc xlink:type="arc" xlink:from="jpcrp040300-q2r_E03622-000_ProvisionForManagementBoardBenefitTrustLiabilities" xlink:to="jpcrp040300-q2r_E03622-000_ProvisionForManagementBoardBenefitTrustLiabilities_label_1" xlink:arcrole="http://www.xbrl.org/2003/arcrole/concept-label" order="1" />
    <link:labelArc xlink:type="arc" xlink:from="jpcrp040300-q2r_E03622-000_ProvisionForManagementBoardBenefitTrustLiabilities" xlink:to="jpcrp040300-q2r_E03622-000_ProvisionForManagementBoardBenefitTrustLiabilities_label" xlink:arcrole="http://www.xbrl.org/2003/arcrole/concept-label" order="1" />
    <link:labelArc xlink:type="arc" xlink:from="jpcrp040300-q2r_E03622-000_RentalPropertyExpensesCOSExpOA" xlink:to="jpcrp040300-q2r_E03622-000_RentalPropertyExpensesCOSExpOA_label_1" xlink:arcrole="http://www.xbrl.org/2003/arcrole/concept-label" order="1" />
    <link:labelArc xlink:type="arc" xlink:from="jpcrp040300-q2r_E03622-000_RentalPropertyExpensesCOSExpOA" xlink:to="jpcrp040300-q2r_E03622-000_RentalPropertyExpensesCOSExpOA_label" xlink:arcrole="http://www.xbrl.org/2003/arcrole/concept-label" order="1" />
    <link:labelArc xlink:type="arc" xlink:from="jpcrp040300-q2r_E03622-000_RentalPropertyIncomeFromAffiliatesRevOA" xlink:to="jpcrp040300-q2r_E03622-000_RentalPropertyIncomeFromAffiliatesRevOA_label_1" xlink:arcrole="http://www.xbrl.org/2003/arcrole/concept-label" order="1" />
    <link:labelArc xlink:type="arc" xlink:from="jpcrp040300-q2r_E03622-000_RentalPropertyIncomeFromAffiliatesRevOA" xlink:to="jpcrp040300-q2r_E03622-000_RentalPropertyIncomeFromAffiliatesRevOA_label" xlink:arcrole="http://www.xbrl.org/2003/arcrole/concept-label" order="1" />
    <link:labelArc xlink:type="arc" xlink:from="jpcrp040300-q2r_E03622-000_SummaryOfBusinessResultsTextBlock" xlink:to="jpcrp040300-q2r_E03622-000_SummaryOfBusinessResultsTextBlock_label_1" xlink:arcrole="http://www.xbrl.org/2003/arcrole/concept-label" order="1" />
    <link:labelArc xlink:type="arc" xlink:from="jpcrp040300-q2r_E03622-000_SummaryOfBusinessResultsTextBlock" xlink:to="jpcrp040300-q2r_E03622-000_SummaryOfBusinessResultsTextBlock_label" xlink:arcrole="http://www.xbrl.org/2003/arcrole/concept-label" order="1" />
    <link:labelArc xlink:type="arc" xlink:from="jppfs_cor_IncreaseDecreaseInProvisionForReimbursementOfDepositsOpeCFBNK" xlink:to="jppfs_cor_IncreaseDecreaseInProvisionForReimbursementOfDepositsOpeCFBNK_label" xlink:arcrole="http://www.xbrl.org/2003/arcrole/concept-label" order="1" />
    <link:labelArc xlink:type="arc" xlink:from="jppfs_cor_LossGainOnMoneyHeldInTrustOpeCFBNK" xlink:to="jppfs_cor_LossGainOnMoneyHeldInTrustOpeCFBNK_label" xlink:arcrole="http://www.xbrl.org/2003/arcrole/concept-label" order="1" />
  </link:labelLink>
</link:linkbase>