﻿<?xml version="1.0" encoding="utf-8"?>
<!-- Edited with XiRUTE .NET Library 01-08 -->
<link:linkbase xmlns:xlink="http://www.w3.org/1999/xlink" xmlns:xsi="http://www.w3.org/2001/XMLSchema-instance" xmlns:link="http://www.xbrl.org/2003/linkbase">
  <link:roleRef xlink:type="simple" xlink:href="http://disclosure.edinet-fsa.go.jp/taxonomy/jppfs/2019-02-28/jppfs_rt_2019-02-28.xsd#rol_BNKConsolidatedLabel" roleURI="http://disclosure.edinet-fsa.go.jp/jppfs/bnk/Consolidated/role/label" />
  <link:labelLink xlink:type="extended" xlink:role="http://www.xbrl.org/2003/role/link">
    <link:label xml:lang="ja" xlink:type="resource" xlink:label="jpcrp040300-q2r_E03622-000_ApplicationOfConsolidatedTaxationSystemTextBlock_label" xlink:role="http://www.xbrl.org/2003/role/label">連結納税制度の適用</link:label>
    <link:label xml:lang="ja" xlink:type="resource" xlink:label="jpcrp040300-q2r_E03622-000_ApplicationOfConsolidatedTaxationSystemTextBlock_label_1" xlink:role="http://www.xbrl.org/2003/role/verboseLabel">連結納税制度の適用[テキストブロック]</link:label>
    <link:label xml:lang="ja" xlink:type="resource" xlink:label="jpcrp040300-q2r_E03622-000_AssetsForRentIA_label" xlink:role="http://www.xbrl.org/2003/role/label">賃貸資産</link:label>
    <link:label xml:lang="ja" xlink:type="resource" xlink:label="jpcrp040300-q2r_E03622-000_AssetsForRentIA_label_1" xlink:role="http://www.xbrl.org/2003/role/verboseLabel">賃貸資産、無形固定資産</link:label>
    <link:label xml:lang="ja" xlink:type="resource" xlink:label="jpcrp040300-q2r_E03622-000_AssetsForRentPPE_label" xlink:role="http://www.xbrl.org/2003/role/label">賃貸資産</link:label>
    <link:label xml:lang="ja" xlink:type="resource" xlink:label="jpcrp040300-q2r_E03622-000_AssetsForRentPPE_label_1" xlink:role="http://www.xbrl.org/2003/role/verboseLabel">賃貸資産、有形固定資産</link:label>
    <link:label xml:lang="ja" xlink:type="resource" xlink:label="jpcrp040300-q2r_E03622-000_CurrencySwapCA_label" xlink:role="http://www.xbrl.org/2003/role/label">通貨スワップ</link:label>
    <link:label xml:lang="ja" xlink:type="resource" xlink:label="jpcrp040300-q2r_E03622-000_CurrencySwapCA_label_1" xlink:role="http://www.xbrl.org/2003/role/verboseLabel">通貨スワップ、流動資産</link:label>
    <link:label xml:lang="ja" xlink:type="resource" xlink:label="jpcrp040300-q2r_E03622-000_CurrencySwapExpensesNOE_label" xlink:role="http://www.xbrl.org/2003/role/label">通貨スワップ費用</link:label>
    <link:label xml:lang="ja" xlink:type="resource" xlink:label="jpcrp040300-q2r_E03622-000_CurrencySwapExpensesNOE_label_1" xlink:role="http://www.xbrl.org/2003/role/verboseLabel">通貨スワップ費用、営業外費用</link:label>
    <link:label xml:lang="ja" xlink:type="resource" xlink:label="jpcrp040300-q2r_E03622-000_CurrencySwapRevenueNOI_label" xlink:role="http://www.xbrl.org/2003/role/label">通貨スワップ収益</link:label>
    <link:label xml:lang="ja" xlink:type="resource" xlink:label="jpcrp040300-q2r_E03622-000_CurrencySwapRevenueNOI_label_1" xlink:role="http://www.xbrl.org/2003/role/verboseLabel">通貨スワップ収益、営業外収益</link:label>
    <link:label xml:lang="ja" xlink:type="resource" xlink:label="jpcrp040300-q2r_E03622-000_InterestOnBondWithSubscriptionRightsToSharesNOE_label" xlink:role="http://www.xbrl.org/2003/role/label">新株予約権付社債利息</link:label>
    <link:label xml:lang="ja" xlink:type="resource" xlink:label="jpcrp040300-q2r_E03622-000_InterestOnBondWithSubscriptionRightsToSharesNOE_label_1" xlink:role="http://www.xbrl.org/2003/role/verboseLabel">新株予約権付社債利息、営業外費用</link:label>
    <link:label xml:lang="ja" xlink:type="resource" xlink:label="jpcrp040300-q2r_E03622-000_NotesRegardingAccountingPolicyForConsumptionTaxAndOthersTextBlock_label" xlink:role="http://www.xbrl.org/2003/role/label">消費税等の取扱いに関する注記</link:label>
    <link:label xml:lang="ja" xlink:type="resource" xlink:label="jpcrp040300-q2r_E03622-000_NotesRegardingAccountingPolicyForConsumptionTaxAndOthersTextBlock_label_1" xlink:role="http://www.xbrl.org/2003/role/verboseLabel">消費税等の取扱いに関する注記[テキストブロック]</link:label>
    <link:label xml:lang="ja" xlink:type="resource" xlink:label="jpcrp040300-q2r_E03622-000_NotesRegardingGeneralAndAdministrativeExpensesTextBlock_label" xlink:role="http://www.xbrl.org/2003/role/label">営業経費に関する注記</link:label>
    <link:label xml:lang="ja" xlink:type="resource" xlink:label="jpcrp040300-q2r_E03622-000_NotesRegardingGeneralAndAdministrativeExpensesTextBlock_label_1" xlink:role="http://www.xbrl.org/2003/role/verboseLabel">営業経費に関する注記 [テキストブロック]</link:label>
    <link:label xml:lang="ja" xlink:type="resource" xlink:label="jpcrp040300-q2r_E03622-000_ProceedsFromSalesOfSharesOfParentHeldBySubsidiariesFinCF_label" xlink:role="http://www.xbrl.org/2003/role/label">子会社の所有する親会社株式の売却による収入</link:label>
    <link:label xml:lang="ja" xlink:type="resource" xlink:label="jpcrp040300-q2r_E03622-000_ProceedsFromSalesOfSharesOfParentHeldBySubsidiariesFinCF_label_1" xlink:role="http://www.xbrl.org/2003/role/verboseLabel">子会社の所有する親会社株式の売却による収入、財務活動によるキャッシュ・フロー</link:label>
    <link:label xml:lang="ja" xlink:type="resource" xlink:label="jpcrp040300-q2r_E03622-000_ProvisionForManagementBoardBenefitTrustLiabilities_label" xlink:role="http://www.xbrl.org/2003/role/label">役員株式給付引当金</link:label>
    <link:label xml:lang="ja" xlink:type="resource" xlink:label="jpcrp040300-q2r_E03622-000_ProvisionForManagementBoardBenefitTrustLiabilities_label_1" xlink:role="http://www.xbrl.org/2003/role/verboseLabel">役員株式給付引当金、負債の部</link:label>
    <link:label xml:lang="ja" xlink:type="resource" xlink:label="jpcrp040300-q2r_E03622-000_RentalPropertyExpensesCOSExpOA_label" xlink:role="http://www.xbrl.org/2003/role/label">関係会社賃貸資産費用</link:label>
    <link:label xml:lang="ja" xlink:type="resource" xlink:label="jpcrp040300-q2r_E03622-000_RentalPropertyExpensesCOSExpOA_label_1" xlink:role="http://www.xbrl.org/2003/role/verboseLabel">関係会社賃貸資産費用、営業費用</link:label>
    <link:label xml:lang="ja" xlink:type="resource" xlink:label="jpcrp040300-q2r_E03622-000_RentalPropertyIncomeFromAffiliatesRevOA_label" xlink:role="http://www.xbrl.org/2003/role/label">関係会社賃貸資産収入</link:label>
    <link:label xml:lang="ja" xlink:type="resource" xlink:label="jpcrp040300-q2r_E03622-000_RentalPropertyIncomeFromAffiliatesRevOA_label_1" xlink:role="http://www.xbrl.org/2003/role/verboseLabel">関係会社賃貸資産収入、営業活動による収益</link:label>
    <link:label xml:lang="ja" xlink:type="resource" xlink:label="jpcrp040300-q2r_E03622-000_SummaryOfBusinessResultsTextBlock_label" xlink:role="http://www.xbrl.org/2003/role/label">主要な経営指標等の推移</link:label>
    <link:label xml:lang="ja" xlink:type="resource" xlink:label="jpcrp040300-q2r_E03622-000_SummaryOfBusinessResultsTextBlock_label_1" xlink:role="http://www.xbrl.org/2003/role/verboseLabel">主要な経営指標等の推移 [テキストブロック]</link:label>
    <link:label xml:lang="ja" xlink:type="resource" xlink:label="jppfs_cor_IncreaseDecreaseInProvisionForReimbursementOfDepositsOpeCFBNK_label" xlink:role="http://disclosure.edinet-fsa.go.jp/jppfs/bnk/Consolidated/role/label">睡眠預金払戻損失引当金の増減額（△は減少）</link:label>
    <link:label xml:lang="ja" xlink:type="resource" xlink:label="jppfs_cor_LossGainOnMoneyHeldInTrustOpeCFBNK_label" xlink:role="http://disclosure.edinet-fsa.go.jp/jppfs/bnk/Consolidated/role/label">金銭の信託運用損益（△は益）</link:label>
    <link:loc xlink:type="locator" xlink:href="http://disclosure.edinet-fsa.go.jp/taxonomy/jppfs/2019-02-28/jppfs_cor_2019-02-28.xsd#jppfs_cor_IncreaseDecreaseInProvisionForReimbursementOfDepositsOpeCFBNK" xlink:label="jppfs_cor_IncreaseDecreaseInProvisionForReimbursementOfDepositsOpeCFBNK" />
    <link:loc xlink:type="locator" xlink:href="http://disclosure.edinet-fsa.go.jp/taxonomy/jppfs/2019-02-28/jppfs_cor_2019-02-28.xsd#jppfs_cor_LossGainOnMoneyHeldInTrustOpeCFBNK" xlink:label="jppfs_cor_LossGainOnMoneyHeldInTrustOpeCFBNK" />
    <link:loc xlink:type="locator" xlink:href="jpcrp040300-q2r-001_E03622-000_2019-09-30_01_2019-11-29.xsd#jpcrp040300-q2r_E03622-000_ApplicationOfConsolidatedTaxationSystemTextBlock" xlink:label="jpcrp040300-q2r_E03622-000_ApplicationOfConsolidatedTaxationSystemTextBlock" />
    <link:loc xlink:type="locator" xlink:href="jpcrp040300-q2r-001_E03622-000_2019-09-30_01_2019-11-29.xsd#jpcrp040300-q2r_E03622-000_AssetsForRentIA" xlink:label="jpcrp040300-q2r_E03622-000_AssetsForRentIA" />
    <link:loc xlink:type="locator" xlink:href="jpcrp040300-q2r-001_E03622-000_2019-09-30_01_2019-11-29.xsd#jpcrp040300-q2r_E03622-000_AssetsForRentPPE" xlink:label="jpcrp040300-q2r_E03622-000_AssetsForRentPPE" />
    <link:loc xlink:type="locator" xlink:href="jpcrp040300-q2r-001_E03622-000_2019-09-30_01_2019-11-29.xsd#jpcrp040300-q2r_E03622-000_CurrencySwapCA" xlink:label="jpcrp040300-q2r_E03622-000_CurrencySwapCA" />
    <link:loc xlink:type="locator" xlink:href="jpcrp040300-q2r-001_E03622-000_2019-09-30_01_2019-11-29.xsd#jpcrp040300-q2r_E03622-000_CurrencySwapExpensesNOE" xlink:label="jpcrp040300-q2r_E03622-000_CurrencySwapExpensesNOE" />
    <link:loc xlink:type="locator" xlink:href="jpcrp040300-q2r-001_E03622-000_2019-09-30_01_2019-11-29.xsd#jpcrp040300-q2r_E03622-000_CurrencySwapRevenueNOI" xlink:label="jpcrp040300-q2r_E03622-000_CurrencySwapRevenueNOI" />
    <link:loc xlink:type="locator" xlink:href="jpcrp040300-q2r-001_E03622-000_2019-09-30_01_2019-11-29.xsd#jpcrp040300-q2r_E03622-000_InterestOnBondWithSubscriptionRightsToSharesNOE" xlink:label="jpcrp040300-q2r_E03622-000_InterestOnBondWithSubscriptionRightsToSharesNOE" />
    <link:loc xlink:type="locator" xlink:href="jpcrp040300-q2r-001_E03622-000_2019-09-30_01_2019-11-29.xsd#jpcrp040300-q2r_E03622-000_NotesRegardingAccountingPolicyForConsumptionTaxAndOthersTextBlock" xlink:label="jpcrp040300-q2r_E03622-000_NotesRegardingAccountingPolicyForConsumptionTaxAndOthersTextBlock" />
    <link:loc xlink:type="locator" xlink:href="jpcrp040300-q2r-001_E03622-000_2019-09-30_01_2019-11-29.xsd#jpcrp040300-q2r_E03622-000_NotesRegardingGeneralAndAdministrativeExpensesTextBlock" xlink:label="jpcrp040300-q2r_E03622-000_NotesRegardingGeneralAndAdministrativeExpensesTextBlock" />
    <link:loc xlink:type="locator" xlink:href="jpcrp040300-q2r-001_E03622-000_2019-09-30_01_2019-11-29.xsd#jpcrp040300-q2r_E03622-000_ProceedsFromSalesOfSharesOfParentHeldBySubsidiariesFinCF" xlink:label="jpcrp040300-q2r_E03622-000_ProceedsFromSalesOfSharesOfParentHeldBySubsidiariesFinCF" />
    <link:loc xlink:type="locator" xlink:href="jpcrp040300-q2r-001_E03622-000_2019-09-30_01_2019-11-29.xsd#jpcrp040300-q2r_E03622-000_ProvisionForManagementBoardBenefitTrustLiabilities" xlink:label="jpcrp040300-q2r_E03622-000_ProvisionForManagementBoardBenefitTrustLiabilities" />
    <link:loc xlink:type="locator" xlink:href="jpcrp040300-q2r-001_E03622-000_2019-09-30_01_2019-11-29.xsd#jpcrp040300-q2r_E03622-000_RentalPropertyExpensesCOSExpOA" xlink:label="jpcrp040300-q2r_E03622-000_RentalPropertyExpensesCOSExpOA" />
    <link:loc xlink:type="locator" xlink:href="jpcrp040300-q2r-001_E03622-000_2019-09-30_01_2019-11-29.xsd#jpcrp040300-q2r_E03622-000_RentalPropertyIncomeFromAffiliatesRevOA" xlink:label="jpcrp040300-q2r_E03622-000_RentalPropertyIncomeFromAffiliatesRevOA" />
    <link:loc xlink:type="locator" xlink:href="jpcrp040300-q2r-001_E03622-000_2019-09-30_01_2019-11-29.xsd#jpcrp040300-q2r_E03622-000_SummaryOfBusinessResultsTextBlock" xlink:label="jpcrp040300-q2r_E03622-000_SummaryOfBusinessResultsTextBlock" />
    <link:labelArc xlink:type="arc" xlink:from="jpcrp040300-q2r_E03622-000_ApplicationOfConsolidatedTaxationSystemTextBlock" xlink:to="jpcrp040300-q2r_E03622-000_ApplicationOfConsolidatedTaxationSystemTextBlock_label_1" xlink:arcrole="http://www.xbrl.org/2003/arcrole/concept-label" order="1" />
    <link:labelArc xlink:type="arc" xlink:from="jpcrp040300-q2r_E03622-000_ApplicationOfConsolidatedTaxationSystemTextBlock" xlink:to="jpcrp040300-q2r_E03622-000_ApplicationOfConsolidatedTaxationSystemTextBlock_label" xlink:arcrole="http://www.xbrl.org/2003/arcrole/concept-label" order="1" />
    <link:labelArc xlink:type="arc" xlink:from="jpcrp040300-q2r_E03622-000_AssetsForRentIA" xlink:to="jpcrp040300-q2r_E03622-000_AssetsForRentIA_label_1" xlink:arcrole="http://www.xbrl.org/2003/arcrole/concept-label" order="1" />
    <link:labelArc xlink:type="arc" xlink:from="jpcrp040300-q2r_E03622-000_AssetsForRentIA" xlink:to="jpcrp040300-q2r_E03622-000_AssetsForRentIA_label" xlink:arcrole="http://www.xbrl.org/2003/arcrole/concept-label" order="1" />
    <link:labelArc xlink:type="arc" xlink:from="jpcrp040300-q2r_E03622-000_AssetsForRentPPE" xlink:to="jpcrp040300-q2r_E03622-000_AssetsForRentPPE_label_1" xlink:arcrole="http://www.xbrl.org/2003/arcrole/concept-label" order="1" />
    <link:labelArc xlink:type="arc" xlink:from="jpcrp040300-q2r_E03622-000_AssetsForRentPPE" xlink:to="jpcrp040300-q2r_E03622-000_AssetsForRentPPE_label" xlink:arcrole="http://www.xbrl.org/2003/arcrole/concept-label" order="1" />
    <link:labelArc xlink:type="arc" xlink:from="jpcrp040300-q2r_E03622-000_CurrencySwapCA" xlink:to="jpcrp040300-q2r_E03622-000_CurrencySwapCA_label_1" xlink:arcrole="http://www.xbrl.org/2003/arcrole/concept-label" order="1" />
    <link:labelArc xlink:type="arc" xlink:from="jpcrp040300-q2r_E03622-000_CurrencySwapCA" xlink:to="jpcrp040300-q2r_E03622-000_CurrencySwapCA_label" xlink:arcrole="http://www.xbrl.org/2003/arcrole/concept-label" order="1" />
    <link:labelArc xlink:type="arc" xlink:from="jpcrp040300-q2r_E03622-000_CurrencySwapExpensesNOE" xlink:to="jpcrp040300-q2r_E03622-000_CurrencySwapExpensesNOE_label_1" xlink:arcrole="http://www.xbrl.org/2003/arcrole/concept-label" order="1" />
    <link:labelArc xlink:type="arc" xlink:from="jpcrp040300-q2r_E03622-000_CurrencySwapExpensesNOE" xlink:to="jpcrp040300-q2r_E03622-000_CurrencySwapExpensesNOE_label" xlink:arcrole="http://www.xbrl.org/2003/arcrole/concept-label" order="1" />
    <link:labelArc xlink:type="arc" xlink:from="jpcrp040300-q2r_E03622-000_CurrencySwapRevenueNOI" xlink:to="jpcrp040300-q2r_E03622-000_CurrencySwapRevenueNOI_label_1" xlink:arcrole="http://www.xbrl.org/2003/arcrole/concept-label" order="1" />
    <link:labelArc xlink:type="arc" xlink:from="jpcrp040300-q2r_E03622-000_CurrencySwapRevenueNOI" xlink:to="jpcrp040300-q2r_E03622-000_CurrencySwapRevenueNOI_label" xlink:arcrole="http://www.xbrl.org/2003/arcrole/concept-label" order="1" />
    <link:labelArc xlink:type="arc" xlink:from="jpcrp040300-q2r_E03622-000_InterestOnBondWithSubscriptionRightsToSharesNOE" xlink:to="jpcrp040300-q2r_E03622-000_InterestOnBondWithSubscriptionRightsToSharesNOE_label_1" xlink:arcrole="http://www.xbrl.org/2003/arcrole/concept-label" order="1" />
    <link:labelArc xlink:type="arc" xlink:from="jpcrp040300-q2r_E03622-000_InterestOnBondWithSubscriptionRightsToSharesNOE" xlink:to="jpcrp040300-q2r_E03622-000_InterestOnBondWithSubscriptionRightsToSharesNOE_label" xlink:arcrole="http://www.xbrl.org/2003/arcrole/concept-label" order="1" />
    <link:labelArc xlink:type="arc" xlink:from="jpcrp040300-q2r_E03622-000_NotesRegardingAccountingPolicyForConsumptionTaxAndOthersTextBlock" xlink:to="jpcrp040300-q2r_E03622-000_NotesRegardingAccountingPolicyForConsumptionTaxAndOthersTextBlock_label_1" xlink:arcrole="http://www.xbrl.org/2003/arcrole/concept-label" order="1" />
    <link:labelArc xlink:type="arc" xlink:from="jpcrp040300-q2r_E03622-000_NotesRegardingAccountingPolicyForConsumptionTaxAndOthersTextBlock" xlink:to="jpcrp040300-q2r_E03622-000_NotesRegardingAccountingPolicyForConsumptionTaxAndOthersTextBlock_label" xlink:arcrole="http://www.xbrl.org/2003/arcrole/concept-label" order="1" />
    <link:labelArc xlink:type="arc" xlink:from="jpcrp040300-q2r_E03622-000_NotesRegardingGeneralAndAdministrativeExpensesTextBlock" xlink:to="jpcrp040300-q2r_E03622-000_NotesRegardingGeneralAndAdministrativeExpensesTextBlock_label_1" xlink:arcrole="http://www.xbrl.org/2003/arcrole/concept-label" order="1" />
    <link:labelArc xlink:type="arc" xlink:from="jpcrp040300-q2r_E03622-000_NotesRegardingGeneralAndAdministrativeExpensesTextBlock" xlink:to="jpcrp040300-q2r_E03622-000_NotesRegardingGeneralAndAdministrativeExpensesTextBlock_label" xlink:arcrole="http://www.xbrl.org/2003/arcrole/concept-label" order="1" />
    <link:labelArc xlink:type="arc" xlink:from="jpcrp040300-q2r_E03622-000_ProceedsFromSalesOfSharesOfParentHeldBySubsidiariesFinCF" xlink:to="jpcrp040300-q2r_E03622-000_ProceedsFromSalesOfSharesOfParentHeldBySubsidiariesFinCF_label_1" xlink:arcrole="http://www.xbrl.org/2003/arcrole/concept-label" order="1" />
    <link:labelArc xlink:type="arc" xlink:from="jpcrp040300-q2r_E03622-000_ProceedsFromSalesOfSharesOfParentHeldBySubsidiariesFinCF" xlink:to="jpcrp040300-q2r_E03622-000_ProceedsFromSalesOfSharesOfParentHeldBySubsidiariesFinCF_label" xlink:arcrole="http://www.xbrl.org/2003/arcrole/concept-label" order="1" />
    <link:labelArc xlink:type="arc" xlink:from="jpcrp040300-q2r_E03622-000_ProvisionForManagementBoardBenefitTrustLiabilities" xlink:to="jpcrp040300-q2r_E03622-000_ProvisionForManagementBoardBenefitTrustLiabilities_label_1" xlink:arcrole="http://www.xbrl.org/2003/arcrole/concept-label" order="1" />
    <link:labelArc xlink:type="arc" xlink:from="jpcrp040300-q2r_E03622-000_ProvisionForManagementBoardBenefitTrustLiabilities" xlink:to="jpcrp040300-q2r_E03622-000_ProvisionForManagementBoardBenefitTrustLiabilities_label" xlink:arcrole="http://www.xbrl.org/2003/arcrole/concept-label" order="1" />
    <link:labelArc xlink:type="arc" xlink:from="jpcrp040300-q2r_E03622-000_RentalPropertyExpensesCOSExpOA" xlink:to="jpcrp040300-q2r_E03622-000_RentalPropertyExpensesCOSExpOA_label_1" xlink:arcrole="http://www.xbrl.org/2003/arcrole/concept-label" order="1" />
    <link:labelArc xlink:type="arc" xlink:from="jpcrp040300-q2r_E03622-000_RentalPropertyExpensesCOSExpOA" xlink:to="jpcrp040300-q2r_E03622-000_RentalPropertyExpensesCOSExpOA_label" xlink:arcrole="http://www.xbrl.org/2003/arcrole/concept-label" order="1" />
    <link:labelArc xlink:type="arc" xlink:from="jpcrp040300-q2r_E03622-000_RentalPropertyIncomeFromAffiliatesRevOA" xlink:to="jpcrp040300-q2r_E03622-000_RentalPropertyIncomeFromAffiliatesRevOA_label_1" xlink:arcrole="http://www.xbrl.org/2003/arcrole/concept-label" order="1" />
    <link:labelArc xlink:type="arc" xlink:from="jpcrp040300-q2r_E03622-000_RentalPropertyIncomeFromAffiliatesRevOA" xlink:to="jpcrp040300-q2r_E03622-000_RentalPropertyIncomeFromAffiliatesRevOA_label" xlink:arcrole="http://www.xbrl.org/2003/arcrole/concept-label" order="1" />
    <link:labelArc xlink:type="arc" xlink:from="jpcrp040300-q2r_E03622-000_SummaryOfBusinessResultsTextBlock" xlink:to="jpcrp040300-q2r_E03622-000_SummaryOfBusinessResultsTextBlock_label_1" xlink:arcrole="http://www.xbrl.org/2003/arcrole/concept-label" order="1" />
    <link:labelArc xlink:type="arc" xlink:from="jpcrp040300-q2r_E03622-000_SummaryOfBusinessResultsTextBlock" xlink:to="jpcrp040300-q2r_E03622-000_SummaryOfBusinessResultsTextBlock_label" xlink:arcrole="http://www.xbrl.org/2003/arcrole/concept-label" order="1" />
    <link:labelArc xlink:type="arc" xlink:from="jppfs_cor_IncreaseDecreaseInProvisionForReimbursementOfDepositsOpeCFBNK" xlink:to="jppfs_cor_IncreaseDecreaseInProvisionForReimbursementOfDepositsOpeCFBNK_label" xlink:arcrole="http://www.xbrl.org/2003/arcrole/concept-label" order="1" />
    <link:labelArc xlink:type="arc" xlink:from="jppfs_cor_LossGainOnMoneyHeldInTrustOpeCFBNK" xlink:to="jppfs_cor_LossGainOnMoneyHeldInTrustOpeCFBNK_label" xlink:arcrole="http://www.xbrl.org/2003/arcrole/concept-label" order="1" />
  </link:labelLink>
</link:linkbase>