<?xml version="1.0" encoding="utf-8"?>
<!-- Generated by PRONEXUS WORKS -->
<link:linkbase xmlns:link="http://www.xbrl.org/2003/linkbase" xmlns:xsi="http://www.w3.org/2001/XMLSchema-instance" xmlns:xbrli="http://www.xbrl.org/2003/instance" xmlns:xlink="http://www.w3.org/1999/xlink">
  <link:labelLink xlink:type="extended" xlink:role="http://www.xbrl.org/2003/role/link">
    <link:loc xlink:type="locator" xlink:href="jpcrp040300-q2r-001_E05070-000_2019-10-20_01_2019-11-29.xsd#jpcrp040300-q2r_E05070-000_ConstructionSalesReportableSegmentsMember" xlink:label="ConstructionSalesReportableSegmentsMember" />
    <link:loc xlink:type="locator" xlink:href="jpcrp040300-q2r-001_E05070-000_2019-10-20_01_2019-11-29.xsd#jpcrp040300-q2r_E05070-000_MerchandiseAndFinishedGoodsReportableSegmentsMember" xlink:label="MerchandiseAndFinishedGoodsReportableSegmentsMember" />
    <link:loc xlink:type="locator" xlink:href="jpcrp040300-q2r-001_E05070-000_2019-10-20_01_2019-11-29.xsd#jpcrp040300-q2r_E05070-000_DecreaseIncreaseInTemporaryMaterialsOpeCF" xlink:label="DecreaseIncreaseInTemporaryMaterialsOpeCF" />
    <link:loc xlink:type="locator" xlink:href="jpcrp040300-q2r-001_E05070-000_2019-10-20_01_2019-11-29.xsd#jpcrp040300-q2r_E05070-000_TemporaryMaterials" xlink:label="TemporaryMaterials" />
    <link:loc xlink:type="locator" xlink:href="jpcrp040300-q2r-001_E05070-000_2019-10-20_01_2019-11-29.xsd#jpcrp040300-q2r_E05070-000_OverseasBusinessReportableSegmentsMember" xlink:label="OverseasBusinessReportableSegmentsMember" />
    <link:label xlink:type="resource" xlink:label="label_TemporaryMaterials" xml:lang="en" xlink:role="http://www.xbrl.org/2003/role/label" id="label_TemporaryMaterials">Temporary materials</link:label>
    <link:labelArc xlink:type="arc" xlink:arcrole="http://www.xbrl.org/2003/arcrole/concept-label" xlink:from="TemporaryMaterials" xlink:to="label_TemporaryMaterials" />
    <link:label xlink:type="resource" xlink:label="label_TemporaryMaterials_2" xml:lang="en" xlink:role="http://www.xbrl.org/2003/role/verboseLabel" id="label_TemporaryMaterials_2">Temporary materials</link:label>
    <link:labelArc xlink:type="arc" xlink:arcrole="http://www.xbrl.org/2003/arcrole/concept-label" xlink:from="TemporaryMaterials" xlink:to="label_TemporaryMaterials_2" />
    <link:loc xlink:type="locator" xlink:href="jpcrp040300-q2r-001_E05070-000_2019-10-20_01_2019-11-29.xsd#jpcrp040300-q2r_E05070-000_ProvisionForLossOnDisasterOpeCF" xlink:label="ProvisionForLossOnDisasterOpeCF" />
    <link:label xlink:type="resource" xlink:label="label_ConstructionSalesReportableSegmentsMember" xml:lang="en" xlink:role="http://www.xbrl.org/2003/role/label" id="label_ConstructionSalesReportableSegmentsMember">Construction Sales</link:label>
    <link:labelArc xlink:type="arc" xlink:arcrole="http://www.xbrl.org/2003/arcrole/concept-label" xlink:from="ConstructionSalesReportableSegmentsMember" xlink:to="label_ConstructionSalesReportableSegmentsMember" />
    <link:label xlink:type="resource" xlink:label="label_ConstructionSalesReportableSegmentsMember_2" xml:lang="en" xlink:role="http://www.xbrl.org/2003/role/verboseLabel" id="label_ConstructionSalesReportableSegmentsMember_2">Construction Sales Reportable segments [member]</link:label>
    <link:labelArc xlink:type="arc" xlink:arcrole="http://www.xbrl.org/2003/arcrole/concept-label" xlink:from="ConstructionSalesReportableSegmentsMember" xlink:to="label_ConstructionSalesReportableSegmentsMember_2" />
    <link:label xlink:type="resource" xlink:label="label_MerchandiseAndFinishedGoodsReportableSegmentsMember" xml:lang="en" xlink:role="http://www.xbrl.org/2003/role/label" id="label_MerchandiseAndFinishedGoodsReportableSegmentsMember">Merchandise and finished goods</link:label>
    <link:labelArc xlink:type="arc" xlink:arcrole="http://www.xbrl.org/2003/arcrole/concept-label" xlink:from="MerchandiseAndFinishedGoodsReportableSegmentsMember" xlink:to="label_MerchandiseAndFinishedGoodsReportableSegmentsMember" />
    <link:label xlink:type="resource" xlink:label="label_MerchandiseAndFinishedGoodsReportableSegmentsMember_2" xml:lang="en" xlink:role="http://www.xbrl.org/2003/role/verboseLabel" id="label_MerchandiseAndFinishedGoodsReportableSegmentsMember_2">Merchandise and finished goods Reportable segments [member]</link:label>
    <link:labelArc xlink:type="arc" xlink:arcrole="http://www.xbrl.org/2003/arcrole/concept-label" xlink:from="MerchandiseAndFinishedGoodsReportableSegmentsMember" xlink:to="label_MerchandiseAndFinishedGoodsReportableSegmentsMember_2" />
    <link:label xlink:type="resource" xlink:label="label_OverseasBusinessReportableSegmentsMember" xml:lang="en" xlink:role="http://www.xbrl.org/2003/role/label" id="label_OverseasBusinessReportableSegmentsMember">Overseas business</link:label>
    <link:labelArc xlink:type="arc" xlink:arcrole="http://www.xbrl.org/2003/arcrole/concept-label" xlink:from="OverseasBusinessReportableSegmentsMember" xlink:to="label_OverseasBusinessReportableSegmentsMember" />
    <link:label xlink:type="resource" xlink:label="label_OverseasBusinessReportableSegmentsMember_2" xml:lang="en" xlink:role="http://www.xbrl.org/2003/role/verboseLabel" id="label_OverseasBusinessReportableSegmentsMember_2">Overseas business Reportable segments [member]</link:label>
    <link:labelArc xlink:type="arc" xlink:arcrole="http://www.xbrl.org/2003/arcrole/concept-label" xlink:from="OverseasBusinessReportableSegmentsMember" xlink:to="label_OverseasBusinessReportableSegmentsMember_2" />
    <link:label xlink:type="resource" xlink:label="label_DecreaseIncreaseInTemporaryMaterialsOpeCF" xml:lang="en" xlink:role="http://www.xbrl.org/2003/role/label" id="label_DecreaseIncreaseInTemporaryMaterialsOpeCF">Decrease(increase)in temporary materials</link:label>
    <link:labelArc xlink:type="arc" xlink:arcrole="http://www.xbrl.org/2003/arcrole/concept-label" xlink:from="DecreaseIncreaseInTemporaryMaterialsOpeCF" xlink:to="label_DecreaseIncreaseInTemporaryMaterialsOpeCF" />
    <link:label xlink:type="resource" xlink:label="label_DecreaseIncreaseInTemporaryMaterialsOpeCF_2" xml:lang="en" xlink:role="http://www.xbrl.org/2003/role/verboseLabel" id="label_DecreaseIncreaseInTemporaryMaterialsOpeCF_2">Decrease(increase)in temporary materials-Ope CF</link:label>
    <link:labelArc xlink:type="arc" xlink:arcrole="http://www.xbrl.org/2003/arcrole/concept-label" xlink:from="DecreaseIncreaseInTemporaryMaterialsOpeCF" xlink:to="label_DecreaseIncreaseInTemporaryMaterialsOpeCF_2" />
    <link:label xlink:type="resource" xlink:label="label_ProvisionForLossOnDisasterOpeCF" xml:lang="en" xlink:role="http://www.xbrl.org/2003/role/label" id="label_ProvisionForLossOnDisasterOpeCF">Provision for loss on disaster</link:label>
    <link:labelArc xlink:type="arc" xlink:arcrole="http://www.xbrl.org/2003/arcrole/concept-label" xlink:from="ProvisionForLossOnDisasterOpeCF" xlink:to="label_ProvisionForLossOnDisasterOpeCF" />
    <link:label xlink:type="resource" xlink:label="label_ProvisionForLossOnDisasterOpeCF_2" xml:lang="en" xlink:role="http://www.xbrl.org/2003/role/verboseLabel" id="label_ProvisionForLossOnDisasterOpeCF_2">Provision for loss on disaster-OpeCF</link:label>
    <link:labelArc xlink:type="arc" xlink:arcrole="http://www.xbrl.org/2003/arcrole/concept-label" xlink:from="ProvisionForLossOnDisasterOpeCF" xlink:to="label_ProvisionForLossOnDisasterOpeCF_2" />
  </link:labelLink>
</link:linkbase>