<?xml version="1.0" encoding="utf-8"?>
<!-- Generated by PRONEXUS WORKS -->
<link:linkbase xmlns:link="http://www.xbrl.org/2003/linkbase" xmlns:xsi="http://www.w3.org/2001/XMLSchema-instance" xmlns:xbrli="http://www.xbrl.org/2003/instance" xmlns:xlink="http://www.w3.org/1999/xlink">
  <link:labelLink xlink:type="extended" xlink:role="http://www.xbrl.org/2003/role/link">
    <link:loc xlink:type="locator" xlink:href="jpcrp030000-asr-001_E04608-000_2019-08-31_01_2019-11-29.xsd#jpcrp030000-asr_E04608-000_EntertainmentIncome" xlink:label="EntertainmentIncome" />
    <link:loc xlink:type="locator" xlink:href="jpcrp030000-asr-001_E04608-000_2019-08-31_01_2019-11-29.xsd#jpcrp030000-asr_E04608-000_IncidentalFoodProjectIncome" xlink:label="IncidentalFoodProjectIncome" />
    <link:loc xlink:type="locator" xlink:href="jpcrp030000-asr-001_E04608-000_2019-08-31_01_2019-11-29.xsd#jpcrp030000-asr_E04608-000_LeaseIncome" xlink:label="LeaseIncome" />
    <link:loc xlink:type="locator" xlink:href="jpcrp030000-asr-001_E04608-000_2019-08-31_01_2019-11-29.xsd#jpcrp030000-asr_E04608-000_InteriorDesignWorkIncome" xlink:label="InteriorDesignWorkIncome" />
    <link:loc xlink:type="locator" xlink:href="jpcrp030000-asr-001_E04608-000_2019-08-31_01_2019-11-29.xsd#jpcrp030000-asr_E04608-000_EntertainmentCost" xlink:label="EntertainmentCost" />
    <link:loc xlink:type="locator" xlink:href="jpcrp030000-asr-001_E04608-000_2019-08-31_01_2019-11-29.xsd#jpcrp030000-asr_E04608-000_IncidentalFoodProjectCost" xlink:label="IncidentalFoodProjectCost" />
    <link:loc xlink:type="locator" xlink:href="jpcrp030000-asr-001_E04608-000_2019-08-31_01_2019-11-29.xsd#jpcrp030000-asr_E04608-000_InteriorDesignWorkCost" xlink:label="InteriorDesignWorkCost" />
    <link:loc xlink:type="locator" xlink:href="jpcrp030000-asr-001_E04608-000_2019-08-31_01_2019-11-29.xsd#jpcrp030000-asr_E04608-000_ShowBusinessReportableSegmentsMember" xlink:label="ShowBusinessReportableSegmentsMember" />
    <link:loc xlink:type="locator" xlink:href="jpcrp030000-asr-001_E04608-000_2019-08-31_01_2019-11-29.xsd#jpcrp030000-asr_E04608-000_SubsidiaryBusinessReportableSegmentsMember" xlink:label="SubsidiaryBusinessReportableSegmentsMember" />
    <link:loc xlink:type="locator" xlink:href="jpcrp030000-asr-001_E04608-000_2019-08-31_01_2019-11-29.xsd#jpcrp030000-asr_E04608-000_RealEstateLeasingBusinessReportableSegmentsMember" xlink:label="RealEstateLeasingBusinessReportableSegmentsMember" />
    <link:loc xlink:type="locator" xlink:href="jpcrp030000-asr-001_E04608-000_2019-08-31_01_2019-11-29.xsd#jpcrp030000-asr_E04608-000_InteriorDecorationConstructionBusinessReportableSegmentsMember" xlink:label="InteriorDecorationConstructionBusinessReportableSegmentsMember" />
    <link:loc xlink:type="locator" xlink:href="jpcrp030000-asr-001_E04608-000_2019-08-31_01_2019-11-29.xsd#jpcrp030000-asr_E04608-000_AccountingPolicyForSignificantDeferredAssetsTextBlock" xlink:label="AccountingPolicyForSignificantDeferredAssetsTextBlock" />
    <link:loc xlink:type="locator" xlink:href="jpcrp030000-asr-001_E04608-000_2019-08-31_01_2019-11-29.xsd#jpcrp030000-asr_E04608-000_ManagementAnalysisOfFinancialPositionOperatingResultsAndCashFlowsHeading" xlink:label="ManagementAnalysisOfFinancialPositionOperatingResultsAndCashFlowsHeading" />
    <link:loc xlink:type="locator" xlink:href="jpcrp030000-asr-001_E04608-000_2019-08-31_01_2019-11-29.xsd#jpcrp030000-asr_E04608-000_ManagementAnalysisOfFinancialPositionOperatingResultsAndCashFlowsTextBlock" xlink:label="ManagementAnalysisOfFinancialPositionOperatingResultsAndCashFlowsTextBlock" />
    <link:loc xlink:type="locator" xlink:href="jpcrp030000-asr-001_E04608-000_2019-08-31_01_2019-11-29.xsd#jpcrp030000-asr_E04608-000_OtherInformationAboutShareAcquisitionRightsHeading" xlink:label="OtherInformationAboutShareAcquisitionRightsHeading" />
    <link:loc xlink:type="locator" xlink:href="jpcrp030000-asr-001_E04608-000_2019-08-31_01_2019-11-29.xsd#jpcrp030000-asr_E04608-000_OtherInformationAboutShareAcquisitionRightsTextBlock" xlink:label="OtherInformationAboutShareAcquisitionRightsTextBlock" />
    <link:loc xlink:type="locator" xlink:href="jpcrp030000-asr-001_E04608-000_2019-08-31_01_2019-11-29.xsd#jpcrp030000-asr_E04608-000_OverviewOfCorporateGovernanceHeading" xlink:label="OverviewOfCorporateGovernanceHeading" />
    <link:loc xlink:type="locator" xlink:href="jpcrp030000-asr-001_E04608-000_2019-08-31_01_2019-11-29.xsd#jpcrp030000-asr_E04608-000_OverviewOfCorporateGovernanceTextBlock" xlink:label="OverviewOfCorporateGovernanceTextBlock" />
    <link:loc xlink:type="locator" xlink:href="jpcrp030000-asr-001_E04608-000_2019-08-31_01_2019-11-29.xsd#jpcrp030000-asr_E04608-000_InformationAboutAuditsHeading" xlink:label="InformationAboutAuditsHeading" />
    <link:loc xlink:type="locator" xlink:href="jpcrp030000-asr-001_E04608-000_2019-08-31_01_2019-11-29.xsd#jpcrp030000-asr_E04608-000_InformationAboutAuditsTextBlock" xlink:label="InformationAboutAuditsTextBlock" />
    <link:loc xlink:type="locator" xlink:href="jpcrp030000-asr-001_E04608-000_2019-08-31_01_2019-11-29.xsd#jpcrp030000-asr_E04608-000_RemunerationForDirectorsAndOtherOfficersHeading" xlink:label="RemunerationForDirectorsAndOtherOfficersHeading" />
    <link:loc xlink:type="locator" xlink:href="jpcrp030000-asr-001_E04608-000_2019-08-31_01_2019-11-29.xsd#jpcrp030000-asr_E04608-000_RemunerationForDirectorsAndOtherOfficersTextBlock" xlink:label="RemunerationForDirectorsAndOtherOfficersTextBlock" />
    <link:loc xlink:type="locator" xlink:href="jpcrp030000-asr-001_E04608-000_2019-08-31_01_2019-11-29.xsd#jpcrp030000-asr_E04608-000_EquitySecuritiesHeldHeading" xlink:label="EquitySecuritiesHeldHeading" />
    <link:loc xlink:type="locator" xlink:href="jpcrp030000-asr-001_E04608-000_2019-08-31_01_2019-11-29.xsd#jpcrp030000-asr_E04608-000_EquitySecuritiesHeldTextBlock" xlink:label="EquitySecuritiesHeldTextBlock" />
    <link:loc xlink:type="locator" xlink:href="jpcrp030000-asr-001_E04608-000_2019-08-31_01_2019-11-29.xsd#jpcrp030000-asr_E04608-000_TotalShareholderReturn" xlink:label="TotalShareholderReturn" />
    <link:loc xlink:type="locator" xlink:href="jpcrp030000-asr-001_E04608-000_2019-08-31_01_2019-11-29.xsd#jpcrp030000-asr_E04608-000_TotalReturnOnSharePriceIndex" xlink:label="TotalReturnOnSharePriceIndex" />
    <link:label xlink:type="resource" xlink:label="label_AccountingPolicyForSignificantDeferredAssetsTextBlock" xml:lang="en" xlink:role="http://www.xbrl.org/2003/role/label" id="label_AccountingPolicyForSignificantDeferredAssetsTextBlock">Accounting policy for significant deferred assets</link:label>
    <link:labelArc xlink:type="arc" xlink:arcrole="http://www.xbrl.org/2003/arcrole/concept-label" xlink:from="AccountingPolicyForSignificantDeferredAssetsTextBlock" xlink:to="label_AccountingPolicyForSignificantDeferredAssetsTextBlock" />
    <link:label xlink:type="resource" xlink:label="label_AccountingPolicyForSignificantDeferredAssetsTextBlock_2" xml:lang="en" xlink:role="http://www.xbrl.org/2003/role/verboseLabel" id="label_AccountingPolicyForSignificantDeferredAssetsTextBlock_2">Accounting policy for significant deferred assets [text block]</link:label>
    <link:labelArc xlink:type="arc" xlink:arcrole="http://www.xbrl.org/2003/arcrole/concept-label" xlink:from="AccountingPolicyForSignificantDeferredAssetsTextBlock" xlink:to="label_AccountingPolicyForSignificantDeferredAssetsTextBlock_2" />
    <link:label xlink:type="resource" xlink:label="label_ShowBusinessReportableSegmentsMember" xml:lang="en" xlink:role="http://www.xbrl.org/2003/role/label" id="label_ShowBusinessReportableSegmentsMember">ShowBusiness</link:label>
    <link:labelArc xlink:type="arc" xlink:arcrole="http://www.xbrl.org/2003/arcrole/concept-label" xlink:from="ShowBusinessReportableSegmentsMember" xlink:to="label_ShowBusinessReportableSegmentsMember" />
    <link:label xlink:type="resource" xlink:label="label_ShowBusinessReportableSegmentsMember_2" xml:lang="en" xlink:role="http://www.xbrl.org/2003/role/verboseLabel" id="label_ShowBusinessReportableSegmentsMember_2">ShowBusiness, Reportable segments [member]</link:label>
    <link:labelArc xlink:type="arc" xlink:arcrole="http://www.xbrl.org/2003/arcrole/concept-label" xlink:from="ShowBusinessReportableSegmentsMember" xlink:to="label_ShowBusinessReportableSegmentsMember_2" />
    <link:label xlink:type="resource" xlink:label="label_SubsidiaryBusinessReportableSegmentsMember" xml:lang="en" xlink:role="http://www.xbrl.org/2003/role/label" id="label_SubsidiaryBusinessReportableSegmentsMember">SubsidiaryBusiness</link:label>
    <link:labelArc xlink:type="arc" xlink:arcrole="http://www.xbrl.org/2003/arcrole/concept-label" xlink:from="SubsidiaryBusinessReportableSegmentsMember" xlink:to="label_SubsidiaryBusinessReportableSegmentsMember" />
    <link:label xlink:type="resource" xlink:label="label_SubsidiaryBusinessReportableSegmentsMember_2" xml:lang="en" xlink:role="http://www.xbrl.org/2003/role/verboseLabel" id="label_SubsidiaryBusinessReportableSegmentsMember_2">SubsidiaryBusiness, Reportable segments [member]</link:label>
    <link:labelArc xlink:type="arc" xlink:arcrole="http://www.xbrl.org/2003/arcrole/concept-label" xlink:from="SubsidiaryBusinessReportableSegmentsMember" xlink:to="label_SubsidiaryBusinessReportableSegmentsMember_2" />
    <link:label xlink:type="resource" xlink:label="label_RealEstateLeasingBusinessReportableSegmentsMember" xml:lang="en" xlink:role="http://www.xbrl.org/2003/role/label" id="label_RealEstateLeasingBusinessReportableSegmentsMember">RealEstateLeasingBusiness</link:label>
    <link:labelArc xlink:type="arc" xlink:arcrole="http://www.xbrl.org/2003/arcrole/concept-label" xlink:from="RealEstateLeasingBusinessReportableSegmentsMember" xlink:to="label_RealEstateLeasingBusinessReportableSegmentsMember" />
    <link:label xlink:type="resource" xlink:label="label_RealEstateLeasingBusinessReportableSegmentsMember_2" xml:lang="en" xlink:role="http://www.xbrl.org/2003/role/verboseLabel" id="label_RealEstateLeasingBusinessReportableSegmentsMember_2">RealEstateLeasingBusiness, Reportable segments [member]</link:label>
    <link:labelArc xlink:type="arc" xlink:arcrole="http://www.xbrl.org/2003/arcrole/concept-label" xlink:from="RealEstateLeasingBusinessReportableSegmentsMember" xlink:to="label_RealEstateLeasingBusinessReportableSegmentsMember_2" />
    <link:label xlink:type="resource" xlink:label="label_InteriorDecorationConstructionBusinessReportableSegmentsMember" xml:lang="en" xlink:role="http://www.xbrl.org/2003/role/label" id="label_InteriorDecorationConstructionBusinessReportableSegmentsMember">InteriorDecorationConstructionBusiness</link:label>
    <link:labelArc xlink:type="arc" xlink:arcrole="http://www.xbrl.org/2003/arcrole/concept-label" xlink:from="InteriorDecorationConstructionBusinessReportableSegmentsMember" xlink:to="label_InteriorDecorationConstructionBusinessReportableSegmentsMember" />
    <link:label xlink:type="resource" xlink:label="label_InteriorDecorationConstructionBusinessReportableSegmentsMember_2" xml:lang="en" xlink:role="http://www.xbrl.org/2003/role/verboseLabel" id="label_InteriorDecorationConstructionBusinessReportableSegmentsMember_2">InteriorDecorationConstructionBusiness, Reportable segments [member]</link:label>
    <link:labelArc xlink:type="arc" xlink:arcrole="http://www.xbrl.org/2003/arcrole/concept-label" xlink:from="InteriorDecorationConstructionBusinessReportableSegmentsMember" xlink:to="label_InteriorDecorationConstructionBusinessReportableSegmentsMember_2" />
    <link:label xlink:type="resource" xlink:label="label_TotalShareholderReturn" xml:lang="en" xlink:role="http://www.xbrl.org/2003/role/label" id="label_TotalShareholderReturn">Total shareholder return</link:label>
    <link:labelArc xlink:type="arc" xlink:arcrole="http://www.xbrl.org/2003/arcrole/concept-label" xlink:from="TotalShareholderReturn" xlink:to="label_TotalShareholderReturn" />
    <link:label xlink:type="resource" xlink:label="label_TotalShareholderReturn_2" xml:lang="en" xlink:role="http://www.xbrl.org/2003/role/verboseLabel" id="label_TotalShareholderReturn_2">Total shareholder return</link:label>
    <link:labelArc xlink:type="arc" xlink:arcrole="http://www.xbrl.org/2003/arcrole/concept-label" xlink:from="TotalShareholderReturn" xlink:to="label_TotalShareholderReturn_2" />
    <link:label xlink:type="resource" xlink:label="label_TotalReturnOnSharePriceIndex" xml:lang="en" xlink:role="http://www.xbrl.org/2003/role/label" id="label_TotalReturnOnSharePriceIndex">Total return on share price index</link:label>
    <link:labelArc xlink:type="arc" xlink:arcrole="http://www.xbrl.org/2003/arcrole/concept-label" xlink:from="TotalReturnOnSharePriceIndex" xlink:to="label_TotalReturnOnSharePriceIndex" />
    <link:label xlink:type="resource" xlink:label="label_TotalReturnOnSharePriceIndex_2" xml:lang="en" xlink:role="http://www.xbrl.org/2003/role/verboseLabel" id="label_TotalReturnOnSharePriceIndex_2">Total return on share price index</link:label>
    <link:labelArc xlink:type="arc" xlink:arcrole="http://www.xbrl.org/2003/arcrole/concept-label" xlink:from="TotalReturnOnSharePriceIndex" xlink:to="label_TotalReturnOnSharePriceIndex_2" />
    <link:label xlink:type="resource" xlink:label="label_EntertainmentIncome" xml:lang="en" xlink:role="http://www.xbrl.org/2003/role/label" id="label_EntertainmentIncome">Entertainment Income</link:label>
    <link:labelArc xlink:type="arc" xlink:arcrole="http://www.xbrl.org/2003/arcrole/concept-label" xlink:from="EntertainmentIncome" xlink:to="label_EntertainmentIncome" />
    <link:label xlink:type="resource" xlink:label="label_EntertainmentIncome_2" xml:lang="en" xlink:role="http://www.xbrl.org/2003/role/verboseLabel" id="label_EntertainmentIncome_2">Entertainment Income</link:label>
    <link:labelArc xlink:type="arc" xlink:arcrole="http://www.xbrl.org/2003/arcrole/concept-label" xlink:from="EntertainmentIncome" xlink:to="label_EntertainmentIncome_2" />
    <link:label xlink:type="resource" xlink:label="label_IncidentalFoodProjectIncome" xml:lang="en" xlink:role="http://www.xbrl.org/2003/role/label" id="label_IncidentalFoodProjectIncome">Incidental Food Project Income</link:label>
    <link:labelArc xlink:type="arc" xlink:arcrole="http://www.xbrl.org/2003/arcrole/concept-label" xlink:from="IncidentalFoodProjectIncome" xlink:to="label_IncidentalFoodProjectIncome" />
    <link:label xlink:type="resource" xlink:label="label_IncidentalFoodProjectIncome_2" xml:lang="en" xlink:role="http://www.xbrl.org/2003/role/verboseLabel" id="label_IncidentalFoodProjectIncome_2">Incidental Food Project Income</link:label>
    <link:labelArc xlink:type="arc" xlink:arcrole="http://www.xbrl.org/2003/arcrole/concept-label" xlink:from="IncidentalFoodProjectIncome" xlink:to="label_IncidentalFoodProjectIncome_2" />
    <link:label xlink:type="resource" xlink:label="label_LeaseIncome" xml:lang="en" xlink:role="http://www.xbrl.org/2003/role/label" id="label_LeaseIncome">Lease Income</link:label>
    <link:labelArc xlink:type="arc" xlink:arcrole="http://www.xbrl.org/2003/arcrole/concept-label" xlink:from="LeaseIncome" xlink:to="label_LeaseIncome" />
    <link:label xlink:type="resource" xlink:label="label_LeaseIncome_2" xml:lang="en" xlink:role="http://www.xbrl.org/2003/role/verboseLabel" id="label_LeaseIncome_2">Lease Income</link:label>
    <link:labelArc xlink:type="arc" xlink:arcrole="http://www.xbrl.org/2003/arcrole/concept-label" xlink:from="LeaseIncome" xlink:to="label_LeaseIncome_2" />
    <link:label xlink:type="resource" xlink:label="label_InteriorDesignWorkIncome" xml:lang="en" xlink:role="http://www.xbrl.org/2003/role/label" id="label_InteriorDesignWorkIncome">Interior Design Work Income</link:label>
    <link:labelArc xlink:type="arc" xlink:arcrole="http://www.xbrl.org/2003/arcrole/concept-label" xlink:from="InteriorDesignWorkIncome" xlink:to="label_InteriorDesignWorkIncome" />
    <link:label xlink:type="resource" xlink:label="label_InteriorDesignWorkIncome_2" xml:lang="en" xlink:role="http://www.xbrl.org/2003/role/verboseLabel" id="label_InteriorDesignWorkIncome_2">Interior Design Work Income</link:label>
    <link:labelArc xlink:type="arc" xlink:arcrole="http://www.xbrl.org/2003/arcrole/concept-label" xlink:from="InteriorDesignWorkIncome" xlink:to="label_InteriorDesignWorkIncome_2" />
    <link:label xlink:type="resource" xlink:label="label_EntertainmentCost" xml:lang="en" xlink:role="http://www.xbrl.org/2003/role/label" id="label_EntertainmentCost">Entertainment Cost</link:label>
    <link:labelArc xlink:type="arc" xlink:arcrole="http://www.xbrl.org/2003/arcrole/concept-label" xlink:from="EntertainmentCost" xlink:to="label_EntertainmentCost" />
    <link:label xlink:type="resource" xlink:label="label_EntertainmentCost_2" xml:lang="en" xlink:role="http://www.xbrl.org/2003/role/verboseLabel" id="label_EntertainmentCost_2">Entertainment Cost</link:label>
    <link:labelArc xlink:type="arc" xlink:arcrole="http://www.xbrl.org/2003/arcrole/concept-label" xlink:from="EntertainmentCost" xlink:to="label_EntertainmentCost_2" />
    <link:label xlink:type="resource" xlink:label="label_IncidentalFoodProjectCost" xml:lang="en" xlink:role="http://www.xbrl.org/2003/role/label" id="label_IncidentalFoodProjectCost">Incidental Food Project Cost</link:label>
    <link:labelArc xlink:type="arc" xlink:arcrole="http://www.xbrl.org/2003/arcrole/concept-label" xlink:from="IncidentalFoodProjectCost" xlink:to="label_IncidentalFoodProjectCost" />
    <link:label xlink:type="resource" xlink:label="label_IncidentalFoodProjectCost_2" xml:lang="en" xlink:role="http://www.xbrl.org/2003/role/verboseLabel" id="label_IncidentalFoodProjectCost_2">Incidental Food Project Cost</link:label>
    <link:labelArc xlink:type="arc" xlink:arcrole="http://www.xbrl.org/2003/arcrole/concept-label" xlink:from="IncidentalFoodProjectCost" xlink:to="label_IncidentalFoodProjectCost_2" />
    <link:label xlink:type="resource" xlink:label="label_InteriorDesignWorkCost" xml:lang="en" xlink:role="http://www.xbrl.org/2003/role/label" id="label_InteriorDesignWorkCost">Interior Design Work Cost</link:label>
    <link:labelArc xlink:type="arc" xlink:arcrole="http://www.xbrl.org/2003/arcrole/concept-label" xlink:from="InteriorDesignWorkCost" xlink:to="label_InteriorDesignWorkCost" />
    <link:label xlink:type="resource" xlink:label="label_InteriorDesignWorkCost_2" xml:lang="en" xlink:role="http://www.xbrl.org/2003/role/verboseLabel" id="label_InteriorDesignWorkCost_2">Interior Design Work Cost</link:label>
    <link:labelArc xlink:type="arc" xlink:arcrole="http://www.xbrl.org/2003/arcrole/concept-label" xlink:from="InteriorDesignWorkCost" xlink:to="label_InteriorDesignWorkCost_2" />
    <link:label xlink:type="resource" xlink:label="label_ManagementAnalysisOfFinancialPositionOperatingResultsAndCashFlowsHeading" xml:lang="en" xlink:role="http://www.xbrl.org/2003/role/label" id="label_ManagementAnalysisOfFinancialPositionOperatingResultsAndCashFlowsHeading">Management analysis of financial position, operating results and cash flows</link:label>
    <link:labelArc xlink:type="arc" xlink:arcrole="http://www.xbrl.org/2003/arcrole/concept-label" xlink:from="ManagementAnalysisOfFinancialPositionOperatingResultsAndCashFlowsHeading" xlink:to="label_ManagementAnalysisOfFinancialPositionOperatingResultsAndCashFlowsHeading" />
    <link:label xlink:type="resource" xlink:label="label_ManagementAnalysisOfFinancialPositionOperatingResultsAndCashFlowsHeading_2" xml:lang="en" xlink:role="http://www.xbrl.org/2003/role/verboseLabel" id="label_ManagementAnalysisOfFinancialPositionOperatingResultsAndCashFlowsHeading_2">Management analysis of financial position, operating results and cash flows [heading]</link:label>
    <link:labelArc xlink:type="arc" xlink:arcrole="http://www.xbrl.org/2003/arcrole/concept-label" xlink:from="ManagementAnalysisOfFinancialPositionOperatingResultsAndCashFlowsHeading" xlink:to="label_ManagementAnalysisOfFinancialPositionOperatingResultsAndCashFlowsHeading_2" />
    <link:label xlink:type="resource" xlink:label="label_ManagementAnalysisOfFinancialPositionOperatingResultsAndCashFlowsTextBlock" xml:lang="en" xlink:role="http://www.xbrl.org/2003/role/label" id="label_ManagementAnalysisOfFinancialPositionOperatingResultsAndCashFlowsTextBlock">Management analysis of financial position, operating results and cash flows</link:label>
    <link:labelArc xlink:type="arc" xlink:arcrole="http://www.xbrl.org/2003/arcrole/concept-label" xlink:from="ManagementAnalysisOfFinancialPositionOperatingResultsAndCashFlowsTextBlock" xlink:to="label_ManagementAnalysisOfFinancialPositionOperatingResultsAndCashFlowsTextBlock" />
    <link:label xlink:type="resource" xlink:label="label_ManagementAnalysisOfFinancialPositionOperatingResultsAndCashFlowsTextBlock_2" xml:lang="en" xlink:role="http://www.xbrl.org/2003/role/verboseLabel" id="label_ManagementAnalysisOfFinancialPositionOperatingResultsAndCashFlowsTextBlock_2">Management analysis of financial position, operating results and cash flows [text block]</link:label>
    <link:labelArc xlink:type="arc" xlink:arcrole="http://www.xbrl.org/2003/arcrole/concept-label" xlink:from="ManagementAnalysisOfFinancialPositionOperatingResultsAndCashFlowsTextBlock" xlink:to="label_ManagementAnalysisOfFinancialPositionOperatingResultsAndCashFlowsTextBlock_2" />
    <link:label xlink:type="resource" xlink:label="label_OtherInformationAboutShareAcquisitionRightsHeading" xml:lang="en" xlink:role="http://www.xbrl.org/2003/role/label" id="label_OtherInformationAboutShareAcquisitionRightsHeading">Other information about share acquisition rights</link:label>
    <link:labelArc xlink:type="arc" xlink:arcrole="http://www.xbrl.org/2003/arcrole/concept-label" xlink:from="OtherInformationAboutShareAcquisitionRightsHeading" xlink:to="label_OtherInformationAboutShareAcquisitionRightsHeading" />
    <link:label xlink:type="resource" xlink:label="label_OtherInformationAboutShareAcquisitionRightsHeading_2" xml:lang="en" xlink:role="http://www.xbrl.org/2003/role/verboseLabel" id="label_OtherInformationAboutShareAcquisitionRightsHeading_2">Other information about share acquisition rights [heading]</link:label>
    <link:labelArc xlink:type="arc" xlink:arcrole="http://www.xbrl.org/2003/arcrole/concept-label" xlink:from="OtherInformationAboutShareAcquisitionRightsHeading" xlink:to="label_OtherInformationAboutShareAcquisitionRightsHeading_2" />
    <link:label xlink:type="resource" xlink:label="label_OtherInformationAboutShareAcquisitionRightsTextBlock" xml:lang="en" xlink:role="http://www.xbrl.org/2003/role/label" id="label_OtherInformationAboutShareAcquisitionRightsTextBlock">Other information about share acquisition rights</link:label>
    <link:labelArc xlink:type="arc" xlink:arcrole="http://www.xbrl.org/2003/arcrole/concept-label" xlink:from="OtherInformationAboutShareAcquisitionRightsTextBlock" xlink:to="label_OtherInformationAboutShareAcquisitionRightsTextBlock" />
    <link:label xlink:type="resource" xlink:label="label_OtherInformationAboutShareAcquisitionRightsTextBlock_2" xml:lang="en" xlink:role="http://www.xbrl.org/2003/role/verboseLabel" id="label_OtherInformationAboutShareAcquisitionRightsTextBlock_2">Other information about share acquisition rights [text block]</link:label>
    <link:labelArc xlink:type="arc" xlink:arcrole="http://www.xbrl.org/2003/arcrole/concept-label" xlink:from="OtherInformationAboutShareAcquisitionRightsTextBlock" xlink:to="label_OtherInformationAboutShareAcquisitionRightsTextBlock_2" />
    <link:label xlink:type="resource" xlink:label="label_OverviewOfCorporateGovernanceTextBlock" xml:lang="en" xlink:role="http://www.xbrl.org/2003/role/label" id="label_OverviewOfCorporateGovernanceTextBlock">Overview of corporate governance</link:label>
    <link:labelArc xlink:type="arc" xlink:arcrole="http://www.xbrl.org/2003/arcrole/concept-label" xlink:from="OverviewOfCorporateGovernanceTextBlock" xlink:to="label_OverviewOfCorporateGovernanceTextBlock" />
    <link:label xlink:type="resource" xlink:label="label_OverviewOfCorporateGovernanceTextBlock_2" xml:lang="en" xlink:role="http://www.xbrl.org/2003/role/verboseLabel" id="label_OverviewOfCorporateGovernanceTextBlock_2">Overview of corporate governance [text block]</link:label>
    <link:labelArc xlink:type="arc" xlink:arcrole="http://www.xbrl.org/2003/arcrole/concept-label" xlink:from="OverviewOfCorporateGovernanceTextBlock" xlink:to="label_OverviewOfCorporateGovernanceTextBlock_2" />
    <link:label xlink:type="resource" xlink:label="label_InformationAboutAuditsTextBlock" xml:lang="en" xlink:role="http://www.xbrl.org/2003/role/label" id="label_InformationAboutAuditsTextBlock">Information about audits</link:label>
    <link:labelArc xlink:type="arc" xlink:arcrole="http://www.xbrl.org/2003/arcrole/concept-label" xlink:from="InformationAboutAuditsTextBlock" xlink:to="label_InformationAboutAuditsTextBlock" />
    <link:label xlink:type="resource" xlink:label="label_InformationAboutAuditsTextBlock_2" xml:lang="en" xlink:role="http://www.xbrl.org/2003/role/verboseLabel" id="label_InformationAboutAuditsTextBlock_2">Information about audits [text block]</link:label>
    <link:labelArc xlink:type="arc" xlink:arcrole="http://www.xbrl.org/2003/arcrole/concept-label" xlink:from="InformationAboutAuditsTextBlock" xlink:to="label_InformationAboutAuditsTextBlock_2" />
    <link:label xlink:type="resource" xlink:label="label_RemunerationForDirectorsAndOtherOfficersTextBlock" xml:lang="en" xlink:role="http://www.xbrl.org/2003/role/label" id="label_RemunerationForDirectorsAndOtherOfficersTextBlock">Remuneration for directors (and other officers)</link:label>
    <link:labelArc xlink:type="arc" xlink:arcrole="http://www.xbrl.org/2003/arcrole/concept-label" xlink:from="RemunerationForDirectorsAndOtherOfficersTextBlock" xlink:to="label_RemunerationForDirectorsAndOtherOfficersTextBlock" />
    <link:label xlink:type="resource" xlink:label="label_RemunerationForDirectorsAndOtherOfficersTextBlock_2" xml:lang="en" xlink:role="http://www.xbrl.org/2003/role/verboseLabel" id="label_RemunerationForDirectorsAndOtherOfficersTextBlock_2">Remuneration for directors (and other officers) [text block]</link:label>
    <link:labelArc xlink:type="arc" xlink:arcrole="http://www.xbrl.org/2003/arcrole/concept-label" xlink:from="RemunerationForDirectorsAndOtherOfficersTextBlock" xlink:to="label_RemunerationForDirectorsAndOtherOfficersTextBlock_2" />
    <link:label xlink:type="resource" xlink:label="label_EquitySecuritiesHeldTextBlock" xml:lang="en" xlink:role="http://www.xbrl.org/2003/role/label" id="label_EquitySecuritiesHeldTextBlock">Equity securities held</link:label>
    <link:labelArc xlink:type="arc" xlink:arcrole="http://www.xbrl.org/2003/arcrole/concept-label" xlink:from="EquitySecuritiesHeldTextBlock" xlink:to="label_EquitySecuritiesHeldTextBlock" />
    <link:label xlink:type="resource" xlink:label="label_EquitySecuritiesHeldTextBlock_2" xml:lang="en" xlink:role="http://www.xbrl.org/2003/role/verboseLabel" id="label_EquitySecuritiesHeldTextBlock_2">Equity securities held [text block]</link:label>
    <link:labelArc xlink:type="arc" xlink:arcrole="http://www.xbrl.org/2003/arcrole/concept-label" xlink:from="EquitySecuritiesHeldTextBlock" xlink:to="label_EquitySecuritiesHeldTextBlock_2" />
    <link:label xlink:type="resource" xlink:label="label_OverviewOfCorporateGovernanceHeading" xml:lang="en" xlink:role="http://www.xbrl.org/2003/role/label" id="label_OverviewOfCorporateGovernanceHeading">Overview of corporate governance</link:label>
    <link:labelArc xlink:type="arc" xlink:arcrole="http://www.xbrl.org/2003/arcrole/concept-label" xlink:from="OverviewOfCorporateGovernanceHeading" xlink:to="label_OverviewOfCorporateGovernanceHeading" />
    <link:label xlink:type="resource" xlink:label="label_OverviewOfCorporateGovernanceHeading_2" xml:lang="en" xlink:role="http://www.xbrl.org/2003/role/verboseLabel" id="label_OverviewOfCorporateGovernanceHeading_2">Overview of corporate governance [heading]</link:label>
    <link:labelArc xlink:type="arc" xlink:arcrole="http://www.xbrl.org/2003/arcrole/concept-label" xlink:from="OverviewOfCorporateGovernanceHeading" xlink:to="label_OverviewOfCorporateGovernanceHeading_2" />
    <link:label xlink:type="resource" xlink:label="label_RemunerationForDirectorsAndOtherOfficersHeading" xml:lang="en" xlink:role="http://www.xbrl.org/2003/role/label" id="label_RemunerationForDirectorsAndOtherOfficersHeading">Remuneration for directors (and other officers)</link:label>
    <link:labelArc xlink:type="arc" xlink:arcrole="http://www.xbrl.org/2003/arcrole/concept-label" xlink:from="RemunerationForDirectorsAndOtherOfficersHeading" xlink:to="label_RemunerationForDirectorsAndOtherOfficersHeading" />
    <link:label xlink:type="resource" xlink:label="label_RemunerationForDirectorsAndOtherOfficersHeading_2" xml:lang="en" xlink:role="http://www.xbrl.org/2003/role/verboseLabel" id="label_RemunerationForDirectorsAndOtherOfficersHeading_2">Remuneration for directors (and other officers) [heading]</link:label>
    <link:labelArc xlink:type="arc" xlink:arcrole="http://www.xbrl.org/2003/arcrole/concept-label" xlink:from="RemunerationForDirectorsAndOtherOfficersHeading" xlink:to="label_RemunerationForDirectorsAndOtherOfficersHeading_2" />
    <link:label xlink:type="resource" xlink:label="label_EquitySecuritiesHeldHeading" xml:lang="en" xlink:role="http://www.xbrl.org/2003/role/label" id="label_EquitySecuritiesHeldHeading">Equity securities held</link:label>
    <link:labelArc xlink:type="arc" xlink:arcrole="http://www.xbrl.org/2003/arcrole/concept-label" xlink:from="EquitySecuritiesHeldHeading" xlink:to="label_EquitySecuritiesHeldHeading" />
    <link:label xlink:type="resource" xlink:label="label_EquitySecuritiesHeldHeading_2" xml:lang="en" xlink:role="http://www.xbrl.org/2003/role/verboseLabel" id="label_EquitySecuritiesHeldHeading_2">Equity securities held [heading]</link:label>
    <link:labelArc xlink:type="arc" xlink:arcrole="http://www.xbrl.org/2003/arcrole/concept-label" xlink:from="EquitySecuritiesHeldHeading" xlink:to="label_EquitySecuritiesHeldHeading_2" />
    <link:label xlink:type="resource" xlink:label="label_InformationAboutAuditsHeading" xml:lang="en" xlink:role="http://www.xbrl.org/2003/role/label" id="label_InformationAboutAuditsHeading">Information about audits</link:label>
    <link:labelArc xlink:type="arc" xlink:arcrole="http://www.xbrl.org/2003/arcrole/concept-label" xlink:from="InformationAboutAuditsHeading" xlink:to="label_InformationAboutAuditsHeading" />
    <link:label xlink:type="resource" xlink:label="label_InformationAboutAuditsHeading_2" xml:lang="en" xlink:role="http://www.xbrl.org/2003/role/verboseLabel" id="label_InformationAboutAuditsHeading_2">Information about audits [heading]</link:label>
    <link:labelArc xlink:type="arc" xlink:arcrole="http://www.xbrl.org/2003/arcrole/concept-label" xlink:from="InformationAboutAuditsHeading" xlink:to="label_InformationAboutAuditsHeading_2" />
  </link:labelLink>
</link:linkbase>