<?xml version="1.0" encoding="utf-8"?>
<!-- Generated by PRONEXUS WORKS -->
<link:linkbase xmlns:link="http://www.xbrl.org/2003/linkbase" xmlns:xsi="http://www.w3.org/2001/XMLSchema-instance" xmlns:xbrli="http://www.xbrl.org/2003/instance" xmlns:xlink="http://www.w3.org/1999/xlink">
  <link:labelLink xlink:type="extended" xlink:role="http://www.xbrl.org/2003/role/link">
    <link:loc xlink:type="locator" xlink:href="jpcrp030000-asr-001_E01734-000_2019-08-31_01_2019-11-29.xsd#jpcrp030000-asr_E01734-000_InformationAboutEmployeesOfReportingCompanyTable" xlink:label="InformationAboutEmployeesOfReportingCompanyTable" />
    <link:loc xlink:type="locator" xlink:href="jpcrp030000-asr-001_E01734-000_2019-08-31_01_2019-11-29.xsd#jpcrp030000-asr_E01734-000_InformationAboutEmployeesOfReportingCompanyLineItems" xlink:label="InformationAboutEmployeesOfReportingCompanyLineItems" />
    <link:loc xlink:type="locator" xlink:href="jpcrp030000-asr-001_E01734-000_2019-08-31_01_2019-11-29.xsd#jpcrp030000-asr_E01734-000_EquipmentRelatedBusinessReportableSegmentsMember" xlink:label="EquipmentRelatedBusinessReportableSegmentsMember" />
    <link:loc xlink:type="locator" xlink:href="jpcrp030000-asr-001_E01734-000_2019-08-31_01_2019-11-29.xsd#jpcrp030000-asr_E01734-000_EnviromentalBusinessReportableSegmentsMember" xlink:label="EnviromentalBusinessReportableSegmentsMember" />
    <link:loc xlink:type="locator" xlink:href="jpcrp030000-asr-001_E01734-000_2019-08-31_01_2019-11-29.xsd#jpcrp030000-asr_E01734-000_ManagementAnalysisOfFinancialPositionOperatingResultsAndCashFlowsHeading" xlink:label="ManagementAnalysisOfFinancialPositionOperatingResultsAndCashFlowsHeading" />
    <link:loc xlink:type="locator" xlink:href="jpcrp030000-asr-001_E01734-000_2019-08-31_01_2019-11-29.xsd#jpcrp030000-asr_E01734-000_ManagementAnalysisOfFinancialPositionOperatingResultsAndCashFlowsTextBlock" xlink:label="ManagementAnalysisOfFinancialPositionOperatingResultsAndCashFlowsTextBlock" />
    <link:loc xlink:type="locator" xlink:href="jpcrp030000-asr-001_E01734-000_2019-08-31_01_2019-11-29.xsd#jpcrp030000-asr_E01734-000_OtherInformationAboutShareAcquisitionRightsHeading" xlink:label="OtherInformationAboutShareAcquisitionRightsHeading" />
    <link:loc xlink:type="locator" xlink:href="jpcrp030000-asr-001_E01734-000_2019-08-31_01_2019-11-29.xsd#jpcrp030000-asr_E01734-000_OtherInformationAboutShareAcquisitionRightsTextBlock" xlink:label="OtherInformationAboutShareAcquisitionRightsTextBlock" />
    <link:loc xlink:type="locator" xlink:href="jpcrp030000-asr-001_E01734-000_2019-08-31_01_2019-11-29.xsd#jpcrp030000-asr_E01734-000_OverviewOfCorporateGovernanceHeading" xlink:label="OverviewOfCorporateGovernanceHeading" />
    <link:loc xlink:type="locator" xlink:href="jpcrp030000-asr-001_E01734-000_2019-08-31_01_2019-11-29.xsd#jpcrp030000-asr_E01734-000_OverviewOfCorporateGovernanceTextBlock" xlink:label="OverviewOfCorporateGovernanceTextBlock" />
    <link:loc xlink:type="locator" xlink:href="jpcrp030000-asr-001_E01734-000_2019-08-31_01_2019-11-29.xsd#jpcrp030000-asr_E01734-000_OutsideDirectorsAndOutsideCorporateAuditorsInformationAboutDirectorsAndOtherOfficersTextBlock" xlink:label="OutsideDirectorsAndOutsideCorporateAuditorsInformationAboutDirectorsAndOtherOfficersTextBlock" />
    <link:loc xlink:type="locator" xlink:href="jpcrp030000-asr-001_E01734-000_2019-08-31_01_2019-11-29.xsd#jpcrp030000-asr_E01734-000_InformationAboutAuditsHeading" xlink:label="InformationAboutAuditsHeading" />
    <link:loc xlink:type="locator" xlink:href="jpcrp030000-asr-001_E01734-000_2019-08-31_01_2019-11-29.xsd#jpcrp030000-asr_E01734-000_InformationAboutAuditsTextBlock" xlink:label="InformationAboutAuditsTextBlock" />
    <link:loc xlink:type="locator" xlink:href="jpcrp030000-asr-001_E01734-000_2019-08-31_01_2019-11-29.xsd#jpcrp030000-asr_E01734-000_RemunerationForDirectorsAndOtherOfficersHeading" xlink:label="RemunerationForDirectorsAndOtherOfficersHeading" />
    <link:loc xlink:type="locator" xlink:href="jpcrp030000-asr-001_E01734-000_2019-08-31_01_2019-11-29.xsd#jpcrp030000-asr_E01734-000_RemunerationForDirectorsAndOtherOfficersTextBlock" xlink:label="RemunerationForDirectorsAndOtherOfficersTextBlock" />
    <link:loc xlink:type="locator" xlink:href="jpcrp030000-asr-001_E01734-000_2019-08-31_01_2019-11-29.xsd#jpcrp030000-asr_E01734-000_EquitySecuritiesHeldHeading" xlink:label="EquitySecuritiesHeldHeading" />
    <link:loc xlink:type="locator" xlink:href="jpcrp030000-asr-001_E01734-000_2019-08-31_01_2019-11-29.xsd#jpcrp030000-asr_E01734-000_EquitySecuritiesHeldTextBlock" xlink:label="EquitySecuritiesHeldTextBlock" />
    <link:loc xlink:type="locator" xlink:href="jpcrp030000-asr-001_E01734-000_2019-08-31_01_2019-11-29.xsd#jpcrp030000-asr_E01734-000_TotalShareholderReturn" xlink:label="TotalShareholderReturn" />
    <link:loc xlink:type="locator" xlink:href="jpcrp030000-asr-001_E01734-000_2019-08-31_01_2019-11-29.xsd#jpcrp030000-asr_E01734-000_TotalReturnOnSharePriceIndex" xlink:label="TotalReturnOnSharePriceIndex" />
    <link:loc xlink:type="locator" xlink:href="jpcrp030000-asr-001_E01734-000_2019-08-31_01_2019-11-29.xsd#jpcrp030000-asr_E01734-000_OfficialTitleOrPositionInformationAboutDirectorsAndCorporateAuditors" xlink:label="OfficialTitleOrPositionInformationAboutDirectorsAndCorporateAuditors" />
    <link:loc xlink:type="locator" xlink:href="http://disclosure.edinet-fsa.go.jp/taxonomy/jpcrp/2018-03-31/jpcrp_cor_2018-03-31.xsd#jpcrp_cor_OrdinaryIncomeLossSummaryOfBusinessResults" xlink:label="OrdinaryIncomeLossSummaryOfBusinessResults" />
    <link:label xlink:type="resource" xlink:label="label_OrdinaryIncomeLossSummaryOfBusinessResults" xml:lang="ja" xlink:role="http://www.xbrl.org/2003/role/positiveLabel" id="label_OrdinaryIncomeLossSummaryOfBusinessResults">経常利益</link:label>
    <link:labelArc xlink:type="arc" xlink:arcrole="http://www.xbrl.org/2003/arcrole/concept-label" xlink:from="OrdinaryIncomeLossSummaryOfBusinessResults" xlink:to="label_OrdinaryIncomeLossSummaryOfBusinessResults" />
    <link:loc xlink:type="locator" xlink:href="jpcrp030000-asr-001_E01734-000_2019-08-31_01_2019-11-29.xsd#jpcrp030000-asr_E01734-000_SatoshiHiramachiMember" xlink:label="SatoshiHiramachiMember" />
    <link:loc xlink:type="locator" xlink:href="jpcrp030000-asr-001_E01734-000_2019-08-31_01_2019-11-29.xsd#jpcrp030000-asr_E01734-000_MasafumiItoMember" xlink:label="MasafumiItoMember" />
    <link:loc xlink:type="locator" xlink:href="jpcrp030000-asr-001_E01734-000_2019-08-31_01_2019-11-29.xsd#jpcrp030000-asr_E01734-000_KazuoHirosawaMember" xlink:label="KazuoHirosawaMember" />
    <link:loc xlink:type="locator" xlink:href="jpcrp030000-asr-001_E01734-000_2019-08-31_01_2019-11-29.xsd#jpcrp030000-asr_E01734-000_ToshiyukiYauchiMember" xlink:label="ToshiyukiYauchiMember" />
    <link:loc xlink:type="locator" xlink:href="jpcrp030000-asr-001_E01734-000_2019-08-31_01_2019-11-29.xsd#jpcrp030000-asr_E01734-000_KenjiTeradaMember" xlink:label="KenjiTeradaMember" />
    <link:loc xlink:type="locator" xlink:href="jpcrp030000-asr-001_E01734-000_2019-08-31_01_2019-11-29.xsd#jpcrp030000-asr_E01734-000_YasuhisaSeraMember" xlink:label="YasuhisaSeraMember" />
    <link:loc xlink:type="locator" xlink:href="jpcrp030000-asr-001_E01734-000_2019-08-31_01_2019-11-29.xsd#jpcrp030000-asr_E01734-000_TeruakiKakimotoMember" xlink:label="TeruakiKakimotoMember" />
    <link:loc xlink:type="locator" xlink:href="jpcrp030000-asr-001_E01734-000_2019-08-31_01_2019-11-29.xsd#jpcrp030000-asr_E01734-000_HiroyukiShimboMember" xlink:label="HiroyukiShimboMember" />
    <link:loc xlink:type="locator" xlink:href="jpcrp030000-asr-001_E01734-000_2019-08-31_01_2019-11-29.xsd#jpcrp030000-asr_E01734-000_RestrictedStock" xlink:label="RestrictedStock" />
    <link:label xlink:type="resource" xlink:label="label_ManagementAnalysisOfFinancialPositionOperatingResultsAndCashFlowsHeading" xml:lang="ja" xlink:role="http://www.xbrl.org/2003/role/label" id="label_ManagementAnalysisOfFinancialPositionOperatingResultsAndCashFlowsHeading">経営者による財政状態、経営成績及びキャッシュ・フローの状況の分析</link:label>
    <link:labelArc xlink:type="arc" xlink:arcrole="http://www.xbrl.org/2003/arcrole/concept-label" xlink:from="ManagementAnalysisOfFinancialPositionOperatingResultsAndCashFlowsHeading" xlink:to="label_ManagementAnalysisOfFinancialPositionOperatingResultsAndCashFlowsHeading" />
    <link:label xlink:type="resource" xlink:label="label_ManagementAnalysisOfFinancialPositionOperatingResultsAndCashFlowsHeading_2" xml:lang="ja" xlink:role="http://www.xbrl.org/2003/role/verboseLabel" id="label_ManagementAnalysisOfFinancialPositionOperatingResultsAndCashFlowsHeading_2">経営者による財政状態、経営成績及びキャッシュ・フローの状況の分析 [目次項目]</link:label>
    <link:labelArc xlink:type="arc" xlink:arcrole="http://www.xbrl.org/2003/arcrole/concept-label" xlink:from="ManagementAnalysisOfFinancialPositionOperatingResultsAndCashFlowsHeading" xlink:to="label_ManagementAnalysisOfFinancialPositionOperatingResultsAndCashFlowsHeading_2" />
    <link:label xlink:type="resource" xlink:label="label_ManagementAnalysisOfFinancialPositionOperatingResultsAndCashFlowsTextBlock" xml:lang="ja" xlink:role="http://www.xbrl.org/2003/role/label" id="label_ManagementAnalysisOfFinancialPositionOperatingResultsAndCashFlowsTextBlock">経営者による財政状態、経営成績及びキャッシュ・フローの状況の分析</link:label>
    <link:labelArc xlink:type="arc" xlink:arcrole="http://www.xbrl.org/2003/arcrole/concept-label" xlink:from="ManagementAnalysisOfFinancialPositionOperatingResultsAndCashFlowsTextBlock" xlink:to="label_ManagementAnalysisOfFinancialPositionOperatingResultsAndCashFlowsTextBlock" />
    <link:label xlink:type="resource" xlink:label="label_ManagementAnalysisOfFinancialPositionOperatingResultsAndCashFlowsTextBlock_2" xml:lang="ja" xlink:role="http://www.xbrl.org/2003/role/verboseLabel" id="label_ManagementAnalysisOfFinancialPositionOperatingResultsAndCashFlowsTextBlock_2">経営者による財政状態、経営成績及びキャッシュ・フローの状況の分析 [テキストブロック]</link:label>
    <link:labelArc xlink:type="arc" xlink:arcrole="http://www.xbrl.org/2003/arcrole/concept-label" xlink:from="ManagementAnalysisOfFinancialPositionOperatingResultsAndCashFlowsTextBlock" xlink:to="label_ManagementAnalysisOfFinancialPositionOperatingResultsAndCashFlowsTextBlock_2" />
    <link:label xlink:type="resource" xlink:label="label_OtherInformationAboutShareAcquisitionRightsHeading" xml:lang="ja" xlink:role="http://www.xbrl.org/2003/role/label" id="label_OtherInformationAboutShareAcquisitionRightsHeading">その他の新株予約権等の状況</link:label>
    <link:labelArc xlink:type="arc" xlink:arcrole="http://www.xbrl.org/2003/arcrole/concept-label" xlink:from="OtherInformationAboutShareAcquisitionRightsHeading" xlink:to="label_OtherInformationAboutShareAcquisitionRightsHeading" />
    <link:label xlink:type="resource" xlink:label="label_OtherInformationAboutShareAcquisitionRightsHeading_2" xml:lang="ja" xlink:role="http://www.xbrl.org/2003/role/verboseLabel" id="label_OtherInformationAboutShareAcquisitionRightsHeading_2">その他の新株予約権等の状況 [目次項目]</link:label>
    <link:labelArc xlink:type="arc" xlink:arcrole="http://www.xbrl.org/2003/arcrole/concept-label" xlink:from="OtherInformationAboutShareAcquisitionRightsHeading" xlink:to="label_OtherInformationAboutShareAcquisitionRightsHeading_2" />
    <link:label xlink:type="resource" xlink:label="label_OtherInformationAboutShareAcquisitionRightsTextBlock" xml:lang="ja" xlink:role="http://www.xbrl.org/2003/role/label" id="label_OtherInformationAboutShareAcquisitionRightsTextBlock">その他の新株予約権等の状況</link:label>
    <link:labelArc xlink:type="arc" xlink:arcrole="http://www.xbrl.org/2003/arcrole/concept-label" xlink:from="OtherInformationAboutShareAcquisitionRightsTextBlock" xlink:to="label_OtherInformationAboutShareAcquisitionRightsTextBlock" />
    <link:label xlink:type="resource" xlink:label="label_OtherInformationAboutShareAcquisitionRightsTextBlock_2" xml:lang="ja" xlink:role="http://www.xbrl.org/2003/role/verboseLabel" id="label_OtherInformationAboutShareAcquisitionRightsTextBlock_2">その他の新株予約権等の状況 [テキストブロック]</link:label>
    <link:labelArc xlink:type="arc" xlink:arcrole="http://www.xbrl.org/2003/arcrole/concept-label" xlink:from="OtherInformationAboutShareAcquisitionRightsTextBlock" xlink:to="label_OtherInformationAboutShareAcquisitionRightsTextBlock_2" />
    <link:label xlink:type="resource" xlink:label="label_OverviewOfCorporateGovernanceTextBlock" xml:lang="ja" xlink:role="http://www.xbrl.org/2003/role/label" id="label_OverviewOfCorporateGovernanceTextBlock">コーポレート・ガバナンスの概要</link:label>
    <link:labelArc xlink:type="arc" xlink:arcrole="http://www.xbrl.org/2003/arcrole/concept-label" xlink:from="OverviewOfCorporateGovernanceTextBlock" xlink:to="label_OverviewOfCorporateGovernanceTextBlock" />
    <link:label xlink:type="resource" xlink:label="label_OverviewOfCorporateGovernanceTextBlock_2" xml:lang="ja" xlink:role="http://www.xbrl.org/2003/role/verboseLabel" id="label_OverviewOfCorporateGovernanceTextBlock_2">コーポレート・ガバナンスの概要 [テキストブロック]</link:label>
    <link:labelArc xlink:type="arc" xlink:arcrole="http://www.xbrl.org/2003/arcrole/concept-label" xlink:from="OverviewOfCorporateGovernanceTextBlock" xlink:to="label_OverviewOfCorporateGovernanceTextBlock_2" />
    <link:label xlink:type="resource" xlink:label="label_OutsideDirectorsAndOutsideCorporateAuditorsInformationAboutDirectorsAndOtherOfficersTextBlock" xml:lang="ja" xlink:role="http://www.xbrl.org/2003/role/label" id="label_OutsideDirectorsAndOutsideCorporateAuditorsInformationAboutDirectorsAndOtherOfficersTextBlock">社外取締役（及び社外監査役）</link:label>
    <link:labelArc xlink:type="arc" xlink:arcrole="http://www.xbrl.org/2003/arcrole/concept-label" xlink:from="OutsideDirectorsAndOutsideCorporateAuditorsInformationAboutDirectorsAndOtherOfficersTextBlock" xlink:to="label_OutsideDirectorsAndOutsideCorporateAuditorsInformationAboutDirectorsAndOtherOfficersTextBlock" />
    <link:label xlink:type="resource" xlink:label="label_OutsideDirectorsAndOutsideCorporateAuditorsInformationAboutDirectorsAndOtherOfficersTextBlock_2" xml:lang="ja" xlink:role="http://www.xbrl.org/2003/role/verboseLabel" id="label_OutsideDirectorsAndOutsideCorporateAuditorsInformationAboutDirectorsAndOtherOfficersTextBlock_2">社外取締役（及び社外監査役）、役員の状況 [テキストブロック]</link:label>
    <link:labelArc xlink:type="arc" xlink:arcrole="http://www.xbrl.org/2003/arcrole/concept-label" xlink:from="OutsideDirectorsAndOutsideCorporateAuditorsInformationAboutDirectorsAndOtherOfficersTextBlock" xlink:to="label_OutsideDirectorsAndOutsideCorporateAuditorsInformationAboutDirectorsAndOtherOfficersTextBlock_2" />
    <link:label xlink:type="resource" xlink:label="label_InformationAboutAuditsTextBlock" xml:lang="ja" xlink:role="http://www.xbrl.org/2003/role/label" id="label_InformationAboutAuditsTextBlock">監査の状況</link:label>
    <link:labelArc xlink:type="arc" xlink:arcrole="http://www.xbrl.org/2003/arcrole/concept-label" xlink:from="InformationAboutAuditsTextBlock" xlink:to="label_InformationAboutAuditsTextBlock" />
    <link:label xlink:type="resource" xlink:label="label_InformationAboutAuditsTextBlock_2" xml:lang="ja" xlink:role="http://www.xbrl.org/2003/role/verboseLabel" id="label_InformationAboutAuditsTextBlock_2">監査の状況 [テキストブロック]</link:label>
    <link:labelArc xlink:type="arc" xlink:arcrole="http://www.xbrl.org/2003/arcrole/concept-label" xlink:from="InformationAboutAuditsTextBlock" xlink:to="label_InformationAboutAuditsTextBlock_2" />
    <link:label xlink:type="resource" xlink:label="label_RemunerationForDirectorsAndOtherOfficersTextBlock" xml:lang="ja" xlink:role="http://www.xbrl.org/2003/role/label" id="label_RemunerationForDirectorsAndOtherOfficersTextBlock">役員の報酬等</link:label>
    <link:labelArc xlink:type="arc" xlink:arcrole="http://www.xbrl.org/2003/arcrole/concept-label" xlink:from="RemunerationForDirectorsAndOtherOfficersTextBlock" xlink:to="label_RemunerationForDirectorsAndOtherOfficersTextBlock" />
    <link:label xlink:type="resource" xlink:label="label_RemunerationForDirectorsAndOtherOfficersTextBlock_2" xml:lang="ja" xlink:role="http://www.xbrl.org/2003/role/verboseLabel" id="label_RemunerationForDirectorsAndOtherOfficersTextBlock_2">役員の報酬等 [テキストブロック]</link:label>
    <link:labelArc xlink:type="arc" xlink:arcrole="http://www.xbrl.org/2003/arcrole/concept-label" xlink:from="RemunerationForDirectorsAndOtherOfficersTextBlock" xlink:to="label_RemunerationForDirectorsAndOtherOfficersTextBlock_2" />
    <link:label xlink:type="resource" xlink:label="label_EquitySecuritiesHeldTextBlock" xml:lang="ja" xlink:role="http://www.xbrl.org/2003/role/label" id="label_EquitySecuritiesHeldTextBlock">株式の保有状況</link:label>
    <link:labelArc xlink:type="arc" xlink:arcrole="http://www.xbrl.org/2003/arcrole/concept-label" xlink:from="EquitySecuritiesHeldTextBlock" xlink:to="label_EquitySecuritiesHeldTextBlock" />
    <link:label xlink:type="resource" xlink:label="label_EquitySecuritiesHeldTextBlock_2" xml:lang="ja" xlink:role="http://www.xbrl.org/2003/role/verboseLabel" id="label_EquitySecuritiesHeldTextBlock_2">株式の保有状況 [テキストブロック]</link:label>
    <link:labelArc xlink:type="arc" xlink:arcrole="http://www.xbrl.org/2003/arcrole/concept-label" xlink:from="EquitySecuritiesHeldTextBlock" xlink:to="label_EquitySecuritiesHeldTextBlock_2" />
    <link:label xlink:type="resource" xlink:label="label_OverviewOfCorporateGovernanceHeading" xml:lang="ja" xlink:role="http://www.xbrl.org/2003/role/label" id="label_OverviewOfCorporateGovernanceHeading">コーポレート・ガバナンスの概要</link:label>
    <link:labelArc xlink:type="arc" xlink:arcrole="http://www.xbrl.org/2003/arcrole/concept-label" xlink:from="OverviewOfCorporateGovernanceHeading" xlink:to="label_OverviewOfCorporateGovernanceHeading" />
    <link:label xlink:type="resource" xlink:label="label_OverviewOfCorporateGovernanceHeading_2" xml:lang="ja" xlink:role="http://www.xbrl.org/2003/role/verboseLabel" id="label_OverviewOfCorporateGovernanceHeading_2">コーポレート・ガバナンスの概要 [目次項目]</link:label>
    <link:labelArc xlink:type="arc" xlink:arcrole="http://www.xbrl.org/2003/arcrole/concept-label" xlink:from="OverviewOfCorporateGovernanceHeading" xlink:to="label_OverviewOfCorporateGovernanceHeading_2" />
    <link:label xlink:type="resource" xlink:label="label_EquitySecuritiesHeldHeading" xml:lang="ja" xlink:role="http://www.xbrl.org/2003/role/label" id="label_EquitySecuritiesHeldHeading">株式の保有状況</link:label>
    <link:labelArc xlink:type="arc" xlink:arcrole="http://www.xbrl.org/2003/arcrole/concept-label" xlink:from="EquitySecuritiesHeldHeading" xlink:to="label_EquitySecuritiesHeldHeading" />
    <link:label xlink:type="resource" xlink:label="label_EquitySecuritiesHeldHeading_2" xml:lang="ja" xlink:role="http://www.xbrl.org/2003/role/verboseLabel" id="label_EquitySecuritiesHeldHeading_2">株式の保有状況 [目次項目]</link:label>
    <link:labelArc xlink:type="arc" xlink:arcrole="http://www.xbrl.org/2003/arcrole/concept-label" xlink:from="EquitySecuritiesHeldHeading" xlink:to="label_EquitySecuritiesHeldHeading_2" />
    <link:label xlink:type="resource" xlink:label="label_TotalShareholderReturn" xml:lang="ja" xlink:role="http://www.xbrl.org/2003/role/label" id="label_TotalShareholderReturn">株主総利回り</link:label>
    <link:labelArc xlink:type="arc" xlink:arcrole="http://www.xbrl.org/2003/arcrole/concept-label" xlink:from="TotalShareholderReturn" xlink:to="label_TotalShareholderReturn" />
    <link:label xlink:type="resource" xlink:label="label_TotalShareholderReturn_2" xml:lang="ja" xlink:role="http://www.xbrl.org/2003/role/verboseLabel" id="label_TotalShareholderReturn_2">株主総利回り</link:label>
    <link:labelArc xlink:type="arc" xlink:arcrole="http://www.xbrl.org/2003/arcrole/concept-label" xlink:from="TotalShareholderReturn" xlink:to="label_TotalShareholderReturn_2" />
    <link:label xlink:type="resource" xlink:label="label_TotalReturnOnSharePriceIndex" xml:lang="ja" xlink:role="http://www.xbrl.org/2003/role/label" id="label_TotalReturnOnSharePriceIndex">株価指数における総利回り</link:label>
    <link:labelArc xlink:type="arc" xlink:arcrole="http://www.xbrl.org/2003/arcrole/concept-label" xlink:from="TotalReturnOnSharePriceIndex" xlink:to="label_TotalReturnOnSharePriceIndex" />
    <link:label xlink:type="resource" xlink:label="label_TotalReturnOnSharePriceIndex_2" xml:lang="ja" xlink:role="http://www.xbrl.org/2003/role/verboseLabel" id="label_TotalReturnOnSharePriceIndex_2">株価指数における総利回り</link:label>
    <link:labelArc xlink:type="arc" xlink:arcrole="http://www.xbrl.org/2003/arcrole/concept-label" xlink:from="TotalReturnOnSharePriceIndex" xlink:to="label_TotalReturnOnSharePriceIndex_2" />
    <link:label xlink:type="resource" xlink:label="label_InformationAboutEmployeesOfReportingCompanyTable" xml:lang="ja" xlink:role="http://www.xbrl.org/2003/role/label" id="label_InformationAboutEmployeesOfReportingCompanyTable">提出会社の従業員の状況</link:label>
    <link:labelArc xlink:type="arc" xlink:arcrole="http://www.xbrl.org/2003/arcrole/concept-label" xlink:from="InformationAboutEmployeesOfReportingCompanyTable" xlink:to="label_InformationAboutEmployeesOfReportingCompanyTable" />
    <link:label xlink:type="resource" xlink:label="label_InformationAboutEmployeesOfReportingCompanyTable_2" xml:lang="ja" xlink:role="http://www.xbrl.org/2003/role/verboseLabel" id="label_InformationAboutEmployeesOfReportingCompanyTable_2">提出会社の従業員の状況 [表]</link:label>
    <link:labelArc xlink:type="arc" xlink:arcrole="http://www.xbrl.org/2003/arcrole/concept-label" xlink:from="InformationAboutEmployeesOfReportingCompanyTable" xlink:to="label_InformationAboutEmployeesOfReportingCompanyTable_2" />
    <link:label xlink:type="resource" xlink:label="label_InformationAboutEmployeesOfReportingCompanyLineItems" xml:lang="ja" xlink:role="http://www.xbrl.org/2003/role/label" id="label_InformationAboutEmployeesOfReportingCompanyLineItems">提出会社の従業員の状況</link:label>
    <link:labelArc xlink:type="arc" xlink:arcrole="http://www.xbrl.org/2003/arcrole/concept-label" xlink:from="InformationAboutEmployeesOfReportingCompanyLineItems" xlink:to="label_InformationAboutEmployeesOfReportingCompanyLineItems" />
    <link:label xlink:type="resource" xlink:label="label_InformationAboutEmployeesOfReportingCompanyLineItems_2" xml:lang="ja" xlink:role="http://www.xbrl.org/2003/role/verboseLabel" id="label_InformationAboutEmployeesOfReportingCompanyLineItems_2">提出会社の従業員の状況 [表示項目]</link:label>
    <link:labelArc xlink:type="arc" xlink:arcrole="http://www.xbrl.org/2003/arcrole/concept-label" xlink:from="InformationAboutEmployeesOfReportingCompanyLineItems" xlink:to="label_InformationAboutEmployeesOfReportingCompanyLineItems_2" />
    <link:label xlink:type="resource" xlink:label="label_EquipmentRelatedBusinessReportableSegmentsMember" xml:lang="ja" xlink:role="http://www.xbrl.org/2003/role/label" id="label_EquipmentRelatedBusinessReportableSegmentsMember">装置関連事業</link:label>
    <link:labelArc xlink:type="arc" xlink:arcrole="http://www.xbrl.org/2003/arcrole/concept-label" xlink:from="EquipmentRelatedBusinessReportableSegmentsMember" xlink:to="label_EquipmentRelatedBusinessReportableSegmentsMember" />
    <link:label xlink:type="resource" xlink:label="label_EquipmentRelatedBusinessReportableSegmentsMember_2" xml:lang="ja" xlink:role="http://www.xbrl.org/2003/role/verboseLabel" id="label_EquipmentRelatedBusinessReportableSegmentsMember_2">装置関連事業 、報告セグメント [メンバー]</link:label>
    <link:labelArc xlink:type="arc" xlink:arcrole="http://www.xbrl.org/2003/arcrole/concept-label" xlink:from="EquipmentRelatedBusinessReportableSegmentsMember" xlink:to="label_EquipmentRelatedBusinessReportableSegmentsMember_2" />
    <link:label xlink:type="resource" xlink:label="label_EnviromentalBusinessReportableSegmentsMember" xml:lang="ja" xlink:role="http://www.xbrl.org/2003/role/label" id="label_EnviromentalBusinessReportableSegmentsMember">環境関連事業</link:label>
    <link:labelArc xlink:type="arc" xlink:arcrole="http://www.xbrl.org/2003/arcrole/concept-label" xlink:from="EnviromentalBusinessReportableSegmentsMember" xlink:to="label_EnviromentalBusinessReportableSegmentsMember" />
    <link:label xlink:type="resource" xlink:label="label_EnviromentalBusinessReportableSegmentsMember_2" xml:lang="ja" xlink:role="http://www.xbrl.org/2003/role/verboseLabel" id="label_EnviromentalBusinessReportableSegmentsMember_2">環境関連事業、報告セグメント[メンバー]</link:label>
    <link:labelArc xlink:type="arc" xlink:arcrole="http://www.xbrl.org/2003/arcrole/concept-label" xlink:from="EnviromentalBusinessReportableSegmentsMember" xlink:to="label_EnviromentalBusinessReportableSegmentsMember_2" />
    <link:label xlink:type="resource" xlink:label="label_InformationAboutAuditsHeading" xml:lang="ja" xlink:role="http://www.xbrl.org/2003/role/label" id="label_InformationAboutAuditsHeading">監査の状況</link:label>
    <link:labelArc xlink:type="arc" xlink:arcrole="http://www.xbrl.org/2003/arcrole/concept-label" xlink:from="InformationAboutAuditsHeading" xlink:to="label_InformationAboutAuditsHeading" />
    <link:label xlink:type="resource" xlink:label="label_InformationAboutAuditsHeading_2" xml:lang="ja" xlink:role="http://www.xbrl.org/2003/role/verboseLabel" id="label_InformationAboutAuditsHeading_2">監査の状況 [目次項目]</link:label>
    <link:labelArc xlink:type="arc" xlink:arcrole="http://www.xbrl.org/2003/arcrole/concept-label" xlink:from="InformationAboutAuditsHeading" xlink:to="label_InformationAboutAuditsHeading_2" />
    <link:label xlink:type="resource" xlink:label="label_OfficialTitleOrPositionInformationAboutDirectorsAndCorporateAuditors" xml:lang="ja" xlink:role="http://www.xbrl.org/2003/role/label" id="label_OfficialTitleOrPositionInformationAboutDirectorsAndCorporateAuditors">役職名</link:label>
    <link:labelArc xlink:type="arc" xlink:arcrole="http://www.xbrl.org/2003/arcrole/concept-label" xlink:from="OfficialTitleOrPositionInformationAboutDirectorsAndCorporateAuditors" xlink:to="label_OfficialTitleOrPositionInformationAboutDirectorsAndCorporateAuditors" />
    <link:label xlink:type="resource" xlink:label="label_OfficialTitleOrPositionInformationAboutDirectorsAndCorporateAuditors_2" xml:lang="ja" xlink:role="http://www.xbrl.org/2003/role/verboseLabel" id="label_OfficialTitleOrPositionInformationAboutDirectorsAndCorporateAuditors_2">役職名、役員の状況（取締役（及び監査役））</link:label>
    <link:labelArc xlink:type="arc" xlink:arcrole="http://www.xbrl.org/2003/arcrole/concept-label" xlink:from="OfficialTitleOrPositionInformationAboutDirectorsAndCorporateAuditors" xlink:to="label_OfficialTitleOrPositionInformationAboutDirectorsAndCorporateAuditors_2" />
    <link:label xlink:type="resource" xlink:label="label_SatoshiHiramachiMember" xml:lang="ja" xlink:role="http://www.xbrl.org/2003/role/label" id="label_SatoshiHiramachiMember">平町　聡</link:label>
    <link:labelArc xlink:type="arc" xlink:arcrole="http://www.xbrl.org/2003/arcrole/concept-label" xlink:from="SatoshiHiramachiMember" xlink:to="label_SatoshiHiramachiMember" />
    <link:label xlink:type="resource" xlink:label="label_SatoshiHiramachiMember_2" xml:lang="ja" xlink:role="http://www.xbrl.org/2003/role/verboseLabel" id="label_SatoshiHiramachiMember_2">平町　聡 [メンバー]</link:label>
    <link:labelArc xlink:type="arc" xlink:arcrole="http://www.xbrl.org/2003/arcrole/concept-label" xlink:from="SatoshiHiramachiMember" xlink:to="label_SatoshiHiramachiMember_2" />
    <link:label xlink:type="resource" xlink:label="label_MasafumiItoMember" xml:lang="ja" xlink:role="http://www.xbrl.org/2003/role/verboseLabel" id="label_MasafumiItoMember">伊藤　雅文 [メンバー]</link:label>
    <link:labelArc xlink:type="arc" xlink:arcrole="http://www.xbrl.org/2003/arcrole/concept-label" xlink:from="MasafumiItoMember" xlink:to="label_MasafumiItoMember" />
    <link:label xlink:type="resource" xlink:label="label_MasafumiItoMember_2" xml:lang="ja" xlink:role="http://www.xbrl.org/2003/role/label" id="label_MasafumiItoMember_2">伊藤　雅文</link:label>
    <link:labelArc xlink:type="arc" xlink:arcrole="http://www.xbrl.org/2003/arcrole/concept-label" xlink:from="MasafumiItoMember" xlink:to="label_MasafumiItoMember_2" />
    <link:label xlink:type="resource" xlink:label="label_KazuoHirosawaMember" xml:lang="ja" xlink:role="http://www.xbrl.org/2003/role/verboseLabel" id="label_KazuoHirosawaMember">廣澤　一夫 [メンバー]</link:label>
    <link:labelArc xlink:type="arc" xlink:arcrole="http://www.xbrl.org/2003/arcrole/concept-label" xlink:from="KazuoHirosawaMember" xlink:to="label_KazuoHirosawaMember" />
    <link:label xlink:type="resource" xlink:label="label_KazuoHirosawaMember_2" xml:lang="ja" xlink:role="http://www.xbrl.org/2003/role/label" id="label_KazuoHirosawaMember_2">廣澤　一夫</link:label>
    <link:labelArc xlink:type="arc" xlink:arcrole="http://www.xbrl.org/2003/arcrole/concept-label" xlink:from="KazuoHirosawaMember" xlink:to="label_KazuoHirosawaMember_2" />
    <link:label xlink:type="resource" xlink:label="label_ToshiyukiYauchiMember" xml:lang="ja" xlink:role="http://www.xbrl.org/2003/role/verboseLabel" id="label_ToshiyukiYauchiMember">矢内　利幸 [メンバー]</link:label>
    <link:labelArc xlink:type="arc" xlink:arcrole="http://www.xbrl.org/2003/arcrole/concept-label" xlink:from="ToshiyukiYauchiMember" xlink:to="label_ToshiyukiYauchiMember" />
    <link:label xlink:type="resource" xlink:label="label_ToshiyukiYauchiMember_2" xml:lang="ja" xlink:role="http://www.xbrl.org/2003/role/label" id="label_ToshiyukiYauchiMember_2">矢内　利幸</link:label>
    <link:labelArc xlink:type="arc" xlink:arcrole="http://www.xbrl.org/2003/arcrole/concept-label" xlink:from="ToshiyukiYauchiMember" xlink:to="label_ToshiyukiYauchiMember_2" />
    <link:label xlink:type="resource" xlink:label="label_KenjiTeradaMember" xml:lang="ja" xlink:role="http://www.xbrl.org/2003/role/verboseLabel" id="label_KenjiTeradaMember">寺田　健治 [メンバー]</link:label>
    <link:labelArc xlink:type="arc" xlink:arcrole="http://www.xbrl.org/2003/arcrole/concept-label" xlink:from="KenjiTeradaMember" xlink:to="label_KenjiTeradaMember" />
    <link:label xlink:type="resource" xlink:label="label_KenjiTeradaMember_2" xml:lang="ja" xlink:role="http://www.xbrl.org/2003/role/label" id="label_KenjiTeradaMember_2">寺田　健治</link:label>
    <link:labelArc xlink:type="arc" xlink:arcrole="http://www.xbrl.org/2003/arcrole/concept-label" xlink:from="KenjiTeradaMember" xlink:to="label_KenjiTeradaMember_2" />
    <link:label xlink:type="resource" xlink:label="label_YasuhisaSeraMember" xml:lang="ja" xlink:role="http://www.xbrl.org/2003/role/verboseLabel" id="label_YasuhisaSeraMember">世羅　靖久 [メンバー]</link:label>
    <link:labelArc xlink:type="arc" xlink:arcrole="http://www.xbrl.org/2003/arcrole/concept-label" xlink:from="YasuhisaSeraMember" xlink:to="label_YasuhisaSeraMember" />
    <link:label xlink:type="resource" xlink:label="label_YasuhisaSeraMember_2" xml:lang="ja" xlink:role="http://www.xbrl.org/2003/role/label" id="label_YasuhisaSeraMember_2">世羅　靖久</link:label>
    <link:labelArc xlink:type="arc" xlink:arcrole="http://www.xbrl.org/2003/arcrole/concept-label" xlink:from="YasuhisaSeraMember" xlink:to="label_YasuhisaSeraMember_2" />
    <link:label xlink:type="resource" xlink:label="label_TeruakiKakimotoMember" xml:lang="ja" xlink:role="http://www.xbrl.org/2003/role/verboseLabel" id="label_TeruakiKakimotoMember">柿本　輝明 [メンバー]</link:label>
    <link:labelArc xlink:type="arc" xlink:arcrole="http://www.xbrl.org/2003/arcrole/concept-label" xlink:from="TeruakiKakimotoMember" xlink:to="label_TeruakiKakimotoMember" />
    <link:label xlink:type="resource" xlink:label="label_TeruakiKakimotoMember_2" xml:lang="ja" xlink:role="http://www.xbrl.org/2003/role/label" id="label_TeruakiKakimotoMember_2">柿本　輝明</link:label>
    <link:labelArc xlink:type="arc" xlink:arcrole="http://www.xbrl.org/2003/arcrole/concept-label" xlink:from="TeruakiKakimotoMember" xlink:to="label_TeruakiKakimotoMember_2" />
    <link:label xlink:type="resource" xlink:label="label_HiroyukiShimboMember" xml:lang="ja" xlink:role="http://www.xbrl.org/2003/role/verboseLabel" id="label_HiroyukiShimboMember">新保　博之 [メンバー]</link:label>
    <link:labelArc xlink:type="arc" xlink:arcrole="http://www.xbrl.org/2003/arcrole/concept-label" xlink:from="HiroyukiShimboMember" xlink:to="label_HiroyukiShimboMember" />
    <link:label xlink:type="resource" xlink:label="label_HiroyukiShimboMember_2" xml:lang="ja" xlink:role="http://www.xbrl.org/2003/role/label" id="label_HiroyukiShimboMember_2">新保　博之</link:label>
    <link:labelArc xlink:type="arc" xlink:arcrole="http://www.xbrl.org/2003/arcrole/concept-label" xlink:from="HiroyukiShimboMember" xlink:to="label_HiroyukiShimboMember_2" />
    <link:label xlink:type="resource" xlink:label="label_RemunerationForDirectorsAndOtherOfficersHeading" xml:lang="ja" xlink:role="http://www.xbrl.org/2003/role/label" id="label_RemunerationForDirectorsAndOtherOfficersHeading">役員の報酬等</link:label>
    <link:labelArc xlink:type="arc" xlink:arcrole="http://www.xbrl.org/2003/arcrole/concept-label" xlink:from="RemunerationForDirectorsAndOtherOfficersHeading" xlink:to="label_RemunerationForDirectorsAndOtherOfficersHeading" />
    <link:label xlink:type="resource" xlink:label="label_RemunerationForDirectorsAndOtherOfficersHeading_2" xml:lang="ja" xlink:role="http://www.xbrl.org/2003/role/verboseLabel" id="label_RemunerationForDirectorsAndOtherOfficersHeading_2">役員の報酬等 [目次項目]</link:label>
    <link:labelArc xlink:type="arc" xlink:arcrole="http://www.xbrl.org/2003/arcrole/concept-label" xlink:from="RemunerationForDirectorsAndOtherOfficersHeading" xlink:to="label_RemunerationForDirectorsAndOtherOfficersHeading_2" />
    <link:label xlink:type="resource" xlink:label="label_RestrictedStock" xml:lang="ja" xlink:role="http://www.xbrl.org/2003/role/label" id="label_RestrictedStock">譲渡制限付株式報酬</link:label>
    <link:labelArc xlink:type="arc" xlink:arcrole="http://www.xbrl.org/2003/arcrole/concept-label" xlink:from="RestrictedStock" xlink:to="label_RestrictedStock" />
    <link:label xlink:type="resource" xlink:label="label_RestrictedStock_2" xml:lang="ja" xlink:role="http://www.xbrl.org/2003/role/verboseLabel" id="label_RestrictedStock_2">譲渡制限付株式報酬</link:label>
    <link:labelArc xlink:type="arc" xlink:arcrole="http://www.xbrl.org/2003/arcrole/concept-label" xlink:from="RestrictedStock" xlink:to="label_RestrictedStock_2" />
  </link:labelLink>
</link:linkbase>