﻿<?xml version="1.0" encoding="utf-8"?>
<!-- Edited with XiRUTE .NET Library 01-08 -->
<link:linkbase xmlns:xlink="http://www.w3.org/1999/xlink" xmlns:xsi="http://www.w3.org/2001/XMLSchema-instance" xmlns:link="http://www.xbrl.org/2003/linkbase">
  <link:roleRef xlink:type="simple" xlink:href="http://disclosure.edinet-fsa.go.jp/taxonomy/jppfs/2019-02-28/jppfs_rt_2019-02-28.xsd#rol_BNKConsolidatedLabel" roleURI="http://disclosure.edinet-fsa.go.jp/jppfs/bnk/Consolidated/role/label" />
  <link:labelLink xlink:type="extended" xlink:role="http://www.xbrl.org/2003/role/link">
    <link:label xml:lang="en" xlink:type="resource" xlink:label="jpcrp040300-q2r_E03576-000_BalanceOfTrustAccountLoansSummaryOfBusinessResults_label" xlink:role="http://www.xbrl.org/2003/role/label">Balance of trust account loans</link:label>
    <link:label xml:lang="en" xlink:type="resource" xlink:label="jpcrp040300-q2r_E03576-000_BalanceOfTrustAccountLoansSummaryOfBusinessResults_label_1" xlink:role="http://www.xbrl.org/2003/role/verboseLabel">Balance of trust account loans, Summary of business results</link:label>
    <link:label xml:lang="en" xlink:type="resource" xlink:label="jpcrp040300-q2r_E03576-000_BalanceOfTrustAccountSecuritiesSummaryOfBusinessResults_label" xlink:role="http://www.xbrl.org/2003/role/label">Balance of trust account securities</link:label>
    <link:label xml:lang="en" xlink:type="resource" xlink:label="jpcrp040300-q2r_E03576-000_BalanceOfTrustAccountSecuritiesSummaryOfBusinessResults_label_1" xlink:role="http://www.xbrl.org/2003/role/verboseLabel">Balance of trust account securities, Summary of business results</link:label>
    <link:label xml:lang="en" xlink:type="resource" xlink:label="jpcrp040300-q2r_E03576-000_BankingReportableSegmentsMember_label" xlink:role="http://www.xbrl.org/2003/role/label">Banking</link:label>
    <link:label xml:lang="en" xlink:type="resource" xlink:label="jpcrp040300-q2r_E03576-000_BankingReportableSegmentsMember_label_1" xlink:role="http://www.xbrl.org/2003/role/verboseLabel">Banking, Reportable segments[member]</link:label>
    <link:label xml:lang="en" xlink:type="resource" xlink:label="jpcrp040300-q2r_E03576-000_NotesRegardingGeneralAndAdministrativeExpensesTextBlock_label" xlink:role="http://www.xbrl.org/2003/role/label">Notes regarding general and administrative expenses</link:label>
    <link:label xml:lang="en" xlink:type="resource" xlink:label="jpcrp040300-q2r_E03576-000_NotesRegardingGeneralAndAdministrativeExpensesTextBlock_label_1" xlink:role="http://www.xbrl.org/2003/role/verboseLabel">Notes regarding general and administrative expenses[text block]</link:label>
    <link:label xml:lang="en" xlink:type="resource" xlink:label="jpcrp040300-q2r_E03576-000_NotesRegardingPrincipalAmountOfTrustWithContractForReplacementOfLossesTextBlock_label" xlink:role="http://www.xbrl.org/2003/role/label">Notes regarding principal amount of trust with contract for replacement of losses</link:label>
    <link:label xml:lang="en" xlink:type="resource" xlink:label="jpcrp040300-q2r_E03576-000_NotesRegardingPrincipalAmountOfTrustWithContractForReplacementOfLossesTextBlock_label_1" xlink:role="http://www.xbrl.org/2003/role/verboseLabel">Notes regarding principal amount of trust with contract for replacement of losses [text block]</link:label>
    <link:label xml:lang="en" xlink:type="resource" xlink:label="jpcrp040300-q2r_E03576-000_SummaryOfBusinessResultsTextBlock_label" xlink:role="http://www.xbrl.org/2003/role/label">Summary of business results</link:label>
    <link:label xml:lang="en" xlink:type="resource" xlink:label="jpcrp040300-q2r_E03576-000_SummaryOfBusinessResultsTextBlock_label_1" xlink:role="http://www.xbrl.org/2003/role/verboseLabel">Summary of business results [text block]</link:label>
    <link:label xml:lang="en" xlink:type="resource" xlink:label="jpcrp040300-q2r_E03576-000_TrustFeeSummaryOfBusinessResults_label" xlink:role="http://www.xbrl.org/2003/role/label">Trust fee</link:label>
    <link:label xml:lang="en" xlink:type="resource" xlink:label="jpcrp040300-q2r_E03576-000_TrustFeeSummaryOfBusinessResults_label_1" xlink:role="http://www.xbrl.org/2003/role/verboseLabel">Trust fee, Summary of business results</link:label>
    <link:label xml:lang="en" xlink:type="resource" xlink:label="jpcrp040300-q2r_E03576-000_TrustPropertySummaryOfBusinessResults_label" xlink:role="http://www.xbrl.org/2003/role/label">Trust property</link:label>
    <link:label xml:lang="en" xlink:type="resource" xlink:label="jpcrp040300-q2r_E03576-000_TrustPropertySummaryOfBusinessResults_label_1" xlink:role="http://www.xbrl.org/2003/role/verboseLabel">Trust property, Summary of business results</link:label>
    <link:label xml:lang="en" xlink:type="resource" xlink:label="jppfs_cor_LossGainOnMoneyHeldInTrustOpeCFBNK_label" xlink:role="http://disclosure.edinet-fsa.go.jp/jppfs/bnk/Consolidated/role/label">Loss (gain) on money held in trust</link:label>
    <link:loc xlink:type="locator" xlink:href="http://disclosure.edinet-fsa.go.jp/taxonomy/jppfs/2019-02-28/jppfs_cor_2019-02-28.xsd#jppfs_cor_LossGainOnMoneyHeldInTrustOpeCFBNK" xlink:label="jppfs_cor_LossGainOnMoneyHeldInTrustOpeCFBNK" />
    <link:loc xlink:type="locator" xlink:href="jpcrp040300-q2r-001_E03576-000_2019-09-30_01_2019-11-29.xsd#jpcrp040300-q2r_E03576-000_BalanceOfTrustAccountLoansSummaryOfBusinessResults" xlink:label="jpcrp040300-q2r_E03576-000_BalanceOfTrustAccountLoansSummaryOfBusinessResults" />
    <link:loc xlink:type="locator" xlink:href="jpcrp040300-q2r-001_E03576-000_2019-09-30_01_2019-11-29.xsd#jpcrp040300-q2r_E03576-000_BalanceOfTrustAccountSecuritiesSummaryOfBusinessResults" xlink:label="jpcrp040300-q2r_E03576-000_BalanceOfTrustAccountSecuritiesSummaryOfBusinessResults" />
    <link:loc xlink:type="locator" xlink:href="jpcrp040300-q2r-001_E03576-000_2019-09-30_01_2019-11-29.xsd#jpcrp040300-q2r_E03576-000_BankingReportableSegmentsMember" xlink:label="jpcrp040300-q2r_E03576-000_BankingReportableSegmentsMember" />
    <link:loc xlink:type="locator" xlink:href="jpcrp040300-q2r-001_E03576-000_2019-09-30_01_2019-11-29.xsd#jpcrp040300-q2r_E03576-000_NotesRegardingGeneralAndAdministrativeExpensesTextBlock" xlink:label="jpcrp040300-q2r_E03576-000_NotesRegardingGeneralAndAdministrativeExpensesTextBlock" />
    <link:loc xlink:type="locator" xlink:href="jpcrp040300-q2r-001_E03576-000_2019-09-30_01_2019-11-29.xsd#jpcrp040300-q2r_E03576-000_NotesRegardingPrincipalAmountOfTrustWithContractForReplacementOfLossesTextBlock" xlink:label="jpcrp040300-q2r_E03576-000_NotesRegardingPrincipalAmountOfTrustWithContractForReplacementOfLossesTextBlock" />
    <link:loc xlink:type="locator" xlink:href="jpcrp040300-q2r-001_E03576-000_2019-09-30_01_2019-11-29.xsd#jpcrp040300-q2r_E03576-000_SummaryOfBusinessResultsTextBlock" xlink:label="jpcrp040300-q2r_E03576-000_SummaryOfBusinessResultsTextBlock" />
    <link:loc xlink:type="locator" xlink:href="jpcrp040300-q2r-001_E03576-000_2019-09-30_01_2019-11-29.xsd#jpcrp040300-q2r_E03576-000_TrustFeeSummaryOfBusinessResults" xlink:label="jpcrp040300-q2r_E03576-000_TrustFeeSummaryOfBusinessResults" />
    <link:loc xlink:type="locator" xlink:href="jpcrp040300-q2r-001_E03576-000_2019-09-30_01_2019-11-29.xsd#jpcrp040300-q2r_E03576-000_TrustPropertySummaryOfBusinessResults" xlink:label="jpcrp040300-q2r_E03576-000_TrustPropertySummaryOfBusinessResults" />
    <link:labelArc xlink:type="arc" xlink:from="jpcrp040300-q2r_E03576-000_BalanceOfTrustAccountLoansSummaryOfBusinessResults" xlink:to="jpcrp040300-q2r_E03576-000_BalanceOfTrustAccountLoansSummaryOfBusinessResults_label_1" xlink:arcrole="http://www.xbrl.org/2003/arcrole/concept-label" order="1" />
    <link:labelArc xlink:type="arc" xlink:from="jpcrp040300-q2r_E03576-000_BalanceOfTrustAccountLoansSummaryOfBusinessResults" xlink:to="jpcrp040300-q2r_E03576-000_BalanceOfTrustAccountLoansSummaryOfBusinessResults_label" xlink:arcrole="http://www.xbrl.org/2003/arcrole/concept-label" order="1" />
    <link:labelArc xlink:type="arc" xlink:from="jpcrp040300-q2r_E03576-000_BalanceOfTrustAccountSecuritiesSummaryOfBusinessResults" xlink:to="jpcrp040300-q2r_E03576-000_BalanceOfTrustAccountSecuritiesSummaryOfBusinessResults_label_1" xlink:arcrole="http://www.xbrl.org/2003/arcrole/concept-label" order="1" />
    <link:labelArc xlink:type="arc" xlink:from="jpcrp040300-q2r_E03576-000_BalanceOfTrustAccountSecuritiesSummaryOfBusinessResults" xlink:to="jpcrp040300-q2r_E03576-000_BalanceOfTrustAccountSecuritiesSummaryOfBusinessResults_label" xlink:arcrole="http://www.xbrl.org/2003/arcrole/concept-label" order="1" />
    <link:labelArc xlink:type="arc" xlink:from="jpcrp040300-q2r_E03576-000_BankingReportableSegmentsMember" xlink:to="jpcrp040300-q2r_E03576-000_BankingReportableSegmentsMember_label_1" xlink:arcrole="http://www.xbrl.org/2003/arcrole/concept-label" order="1" />
    <link:labelArc xlink:type="arc" xlink:from="jpcrp040300-q2r_E03576-000_BankingReportableSegmentsMember" xlink:to="jpcrp040300-q2r_E03576-000_BankingReportableSegmentsMember_label" xlink:arcrole="http://www.xbrl.org/2003/arcrole/concept-label" order="1" />
    <link:labelArc xlink:type="arc" xlink:from="jpcrp040300-q2r_E03576-000_NotesRegardingGeneralAndAdministrativeExpensesTextBlock" xlink:to="jpcrp040300-q2r_E03576-000_NotesRegardingGeneralAndAdministrativeExpensesTextBlock_label_1" xlink:arcrole="http://www.xbrl.org/2003/arcrole/concept-label" order="1" />
    <link:labelArc xlink:type="arc" xlink:from="jpcrp040300-q2r_E03576-000_NotesRegardingGeneralAndAdministrativeExpensesTextBlock" xlink:to="jpcrp040300-q2r_E03576-000_NotesRegardingGeneralAndAdministrativeExpensesTextBlock_label" xlink:arcrole="http://www.xbrl.org/2003/arcrole/concept-label" order="1" />
    <link:labelArc xlink:type="arc" xlink:from="jpcrp040300-q2r_E03576-000_NotesRegardingPrincipalAmountOfTrustWithContractForReplacementOfLossesTextBlock" xlink:to="jpcrp040300-q2r_E03576-000_NotesRegardingPrincipalAmountOfTrustWithContractForReplacementOfLossesTextBlock_label_1" xlink:arcrole="http://www.xbrl.org/2003/arcrole/concept-label" order="1" />
    <link:labelArc xlink:type="arc" xlink:from="jpcrp040300-q2r_E03576-000_NotesRegardingPrincipalAmountOfTrustWithContractForReplacementOfLossesTextBlock" xlink:to="jpcrp040300-q2r_E03576-000_NotesRegardingPrincipalAmountOfTrustWithContractForReplacementOfLossesTextBlock_label" xlink:arcrole="http://www.xbrl.org/2003/arcrole/concept-label" order="1" />
    <link:labelArc xlink:type="arc" xlink:from="jpcrp040300-q2r_E03576-000_SummaryOfBusinessResultsTextBlock" xlink:to="jpcrp040300-q2r_E03576-000_SummaryOfBusinessResultsTextBlock_label_1" xlink:arcrole="http://www.xbrl.org/2003/arcrole/concept-label" order="1" />
    <link:labelArc xlink:type="arc" xlink:from="jpcrp040300-q2r_E03576-000_SummaryOfBusinessResultsTextBlock" xlink:to="jpcrp040300-q2r_E03576-000_SummaryOfBusinessResultsTextBlock_label" xlink:arcrole="http://www.xbrl.org/2003/arcrole/concept-label" order="1" />
    <link:labelArc xlink:type="arc" xlink:from="jpcrp040300-q2r_E03576-000_TrustFeeSummaryOfBusinessResults" xlink:to="jpcrp040300-q2r_E03576-000_TrustFeeSummaryOfBusinessResults_label_1" xlink:arcrole="http://www.xbrl.org/2003/arcrole/concept-label" order="1" />
    <link:labelArc xlink:type="arc" xlink:from="jpcrp040300-q2r_E03576-000_TrustFeeSummaryOfBusinessResults" xlink:to="jpcrp040300-q2r_E03576-000_TrustFeeSummaryOfBusinessResults_label" xlink:arcrole="http://www.xbrl.org/2003/arcrole/concept-label" order="1" />
    <link:labelArc xlink:type="arc" xlink:from="jpcrp040300-q2r_E03576-000_TrustPropertySummaryOfBusinessResults" xlink:to="jpcrp040300-q2r_E03576-000_TrustPropertySummaryOfBusinessResults_label_1" xlink:arcrole="http://www.xbrl.org/2003/arcrole/concept-label" order="1" />
    <link:labelArc xlink:type="arc" xlink:from="jpcrp040300-q2r_E03576-000_TrustPropertySummaryOfBusinessResults" xlink:to="jpcrp040300-q2r_E03576-000_TrustPropertySummaryOfBusinessResults_label" xlink:arcrole="http://www.xbrl.org/2003/arcrole/concept-label" order="1" />
    <link:labelArc xlink:type="arc" xlink:from="jppfs_cor_LossGainOnMoneyHeldInTrustOpeCFBNK" xlink:to="jppfs_cor_LossGainOnMoneyHeldInTrustOpeCFBNK_label" xlink:arcrole="http://www.xbrl.org/2003/arcrole/concept-label" order="1" />
  </link:labelLink>
</link:linkbase>