﻿<?xml version="1.0" encoding="utf-8"?>
<!-- Edited with XiRUTE .NET Library 01-08 -->
<link:linkbase xmlns:xlink="http://www.w3.org/1999/xlink" xmlns:xsi="http://www.w3.org/2001/XMLSchema-instance" xmlns:link="http://www.xbrl.org/2003/linkbase">
  <link:roleRef xlink:type="simple" xlink:href="http://disclosure.edinet-fsa.go.jp/taxonomy/jppfs/2019-02-28/jppfs_rt_2019-02-28.xsd#rol_BNKConsolidatedLabel" roleURI="http://disclosure.edinet-fsa.go.jp/jppfs/bnk/Consolidated/role/label" />
  <link:labelLink xlink:type="extended" xlink:role="http://www.xbrl.org/2003/role/link">
    <link:label xml:lang="ja" xlink:type="resource" xlink:label="jpcrp040300-q2r_E03576-000_BalanceOfTrustAccountLoansSummaryOfBusinessResults_label" xlink:role="http://www.xbrl.org/2003/role/label">信託勘定貸出金残高</link:label>
    <link:label xml:lang="ja" xlink:type="resource" xlink:label="jpcrp040300-q2r_E03576-000_BalanceOfTrustAccountLoansSummaryOfBusinessResults_label_1" xlink:role="http://www.xbrl.org/2003/role/verboseLabel">信託勘定貸出金残高、経営指標等</link:label>
    <link:label xml:lang="ja" xlink:type="resource" xlink:label="jpcrp040300-q2r_E03576-000_BalanceOfTrustAccountSecuritiesSummaryOfBusinessResults_label" xlink:role="http://www.xbrl.org/2003/role/label">信託勘定有価証券残高</link:label>
    <link:label xml:lang="ja" xlink:type="resource" xlink:label="jpcrp040300-q2r_E03576-000_BalanceOfTrustAccountSecuritiesSummaryOfBusinessResults_label_1" xlink:role="http://www.xbrl.org/2003/role/verboseLabel">信託勘定有価証券残高、経営指標等</link:label>
    <link:label xml:lang="ja" xlink:type="resource" xlink:label="jpcrp040300-q2r_E03576-000_BankingReportableSegmentsMember_label" xlink:role="http://www.xbrl.org/2003/role/label">銀行業</link:label>
    <link:label xml:lang="ja" xlink:type="resource" xlink:label="jpcrp040300-q2r_E03576-000_BankingReportableSegmentsMember_label_1" xlink:role="http://www.xbrl.org/2003/role/verboseLabel">銀行業、報告セグメント[メンバー]</link:label>
    <link:label xml:lang="ja" xlink:type="resource" xlink:label="jpcrp040300-q2r_E03576-000_NotesRegardingGeneralAndAdministrativeExpensesTextBlock_label" xlink:role="http://www.xbrl.org/2003/role/label">営業経費に関する注記</link:label>
    <link:label xml:lang="ja" xlink:type="resource" xlink:label="jpcrp040300-q2r_E03576-000_NotesRegardingGeneralAndAdministrativeExpensesTextBlock_label_1" xlink:role="http://www.xbrl.org/2003/role/verboseLabel">営業経費に関する注記[テキストブロック]</link:label>
    <link:label xml:lang="ja" xlink:type="resource" xlink:label="jpcrp040300-q2r_E03576-000_NotesRegardingPrincipalAmountOfTrustWithContractForReplacementOfLossesTextBlock_label" xlink:role="http://www.xbrl.org/2003/role/label">元本補填契約のある信託の元本金額に関する注記</link:label>
    <link:label xml:lang="ja" xlink:type="resource" xlink:label="jpcrp040300-q2r_E03576-000_NotesRegardingPrincipalAmountOfTrustWithContractForReplacementOfLossesTextBlock_label_1" xlink:role="http://www.xbrl.org/2003/role/verboseLabel">元本補填契約のある信託の元本金額に関する注記 [テキストブロック]</link:label>
    <link:label xml:lang="ja" xlink:type="resource" xlink:label="jpcrp040300-q2r_E03576-000_SummaryOfBusinessResultsTextBlock_label" xlink:role="http://www.xbrl.org/2003/role/label">主要な経営指標等の推移</link:label>
    <link:label xml:lang="ja" xlink:type="resource" xlink:label="jpcrp040300-q2r_E03576-000_SummaryOfBusinessResultsTextBlock_label_1" xlink:role="http://www.xbrl.org/2003/role/verboseLabel">主要な経営指標等の推移 [テキストブロック]</link:label>
    <link:label xml:lang="ja" xlink:type="resource" xlink:label="jpcrp040300-q2r_E03576-000_TrustFeeSummaryOfBusinessResults_label" xlink:role="http://www.xbrl.org/2003/role/label">信託報酬</link:label>
    <link:label xml:lang="ja" xlink:type="resource" xlink:label="jpcrp040300-q2r_E03576-000_TrustFeeSummaryOfBusinessResults_label_1" xlink:role="http://www.xbrl.org/2003/role/verboseLabel">信託報酬、経営指標等</link:label>
    <link:label xml:lang="ja" xlink:type="resource" xlink:label="jpcrp040300-q2r_E03576-000_TrustPropertySummaryOfBusinessResults_label" xlink:role="http://www.xbrl.org/2003/role/label">信託財産額</link:label>
    <link:label xml:lang="ja" xlink:type="resource" xlink:label="jpcrp040300-q2r_E03576-000_TrustPropertySummaryOfBusinessResults_label_1" xlink:role="http://www.xbrl.org/2003/role/verboseLabel">信託財産額、経営指標等</link:label>
    <link:label xml:lang="ja" xlink:type="resource" xlink:label="jppfs_cor_LossGainOnMoneyHeldInTrustOpeCFBNK_label" xlink:role="http://disclosure.edinet-fsa.go.jp/jppfs/bnk/Consolidated/role/label">金銭の信託の運用損益（△は益）</link:label>
    <link:loc xlink:type="locator" xlink:href="http://disclosure.edinet-fsa.go.jp/taxonomy/jppfs/2019-02-28/jppfs_cor_2019-02-28.xsd#jppfs_cor_LossGainOnMoneyHeldInTrustOpeCFBNK" xlink:label="jppfs_cor_LossGainOnMoneyHeldInTrustOpeCFBNK" />
    <link:loc xlink:type="locator" xlink:href="jpcrp040300-q2r-001_E03576-000_2019-09-30_01_2019-11-29.xsd#jpcrp040300-q2r_E03576-000_BalanceOfTrustAccountLoansSummaryOfBusinessResults" xlink:label="jpcrp040300-q2r_E03576-000_BalanceOfTrustAccountLoansSummaryOfBusinessResults" />
    <link:loc xlink:type="locator" xlink:href="jpcrp040300-q2r-001_E03576-000_2019-09-30_01_2019-11-29.xsd#jpcrp040300-q2r_E03576-000_BalanceOfTrustAccountSecuritiesSummaryOfBusinessResults" xlink:label="jpcrp040300-q2r_E03576-000_BalanceOfTrustAccountSecuritiesSummaryOfBusinessResults" />
    <link:loc xlink:type="locator" xlink:href="jpcrp040300-q2r-001_E03576-000_2019-09-30_01_2019-11-29.xsd#jpcrp040300-q2r_E03576-000_BankingReportableSegmentsMember" xlink:label="jpcrp040300-q2r_E03576-000_BankingReportableSegmentsMember" />
    <link:loc xlink:type="locator" xlink:href="jpcrp040300-q2r-001_E03576-000_2019-09-30_01_2019-11-29.xsd#jpcrp040300-q2r_E03576-000_NotesRegardingGeneralAndAdministrativeExpensesTextBlock" xlink:label="jpcrp040300-q2r_E03576-000_NotesRegardingGeneralAndAdministrativeExpensesTextBlock" />
    <link:loc xlink:type="locator" xlink:href="jpcrp040300-q2r-001_E03576-000_2019-09-30_01_2019-11-29.xsd#jpcrp040300-q2r_E03576-000_NotesRegardingPrincipalAmountOfTrustWithContractForReplacementOfLossesTextBlock" xlink:label="jpcrp040300-q2r_E03576-000_NotesRegardingPrincipalAmountOfTrustWithContractForReplacementOfLossesTextBlock" />
    <link:loc xlink:type="locator" xlink:href="jpcrp040300-q2r-001_E03576-000_2019-09-30_01_2019-11-29.xsd#jpcrp040300-q2r_E03576-000_SummaryOfBusinessResultsTextBlock" xlink:label="jpcrp040300-q2r_E03576-000_SummaryOfBusinessResultsTextBlock" />
    <link:loc xlink:type="locator" xlink:href="jpcrp040300-q2r-001_E03576-000_2019-09-30_01_2019-11-29.xsd#jpcrp040300-q2r_E03576-000_TrustFeeSummaryOfBusinessResults" xlink:label="jpcrp040300-q2r_E03576-000_TrustFeeSummaryOfBusinessResults" />
    <link:loc xlink:type="locator" xlink:href="jpcrp040300-q2r-001_E03576-000_2019-09-30_01_2019-11-29.xsd#jpcrp040300-q2r_E03576-000_TrustPropertySummaryOfBusinessResults" xlink:label="jpcrp040300-q2r_E03576-000_TrustPropertySummaryOfBusinessResults" />
    <link:labelArc xlink:type="arc" xlink:from="jpcrp040300-q2r_E03576-000_BalanceOfTrustAccountLoansSummaryOfBusinessResults" xlink:to="jpcrp040300-q2r_E03576-000_BalanceOfTrustAccountLoansSummaryOfBusinessResults_label_1" xlink:arcrole="http://www.xbrl.org/2003/arcrole/concept-label" order="1" />
    <link:labelArc xlink:type="arc" xlink:from="jpcrp040300-q2r_E03576-000_BalanceOfTrustAccountLoansSummaryOfBusinessResults" xlink:to="jpcrp040300-q2r_E03576-000_BalanceOfTrustAccountLoansSummaryOfBusinessResults_label" xlink:arcrole="http://www.xbrl.org/2003/arcrole/concept-label" order="1" />
    <link:labelArc xlink:type="arc" xlink:from="jpcrp040300-q2r_E03576-000_BalanceOfTrustAccountSecuritiesSummaryOfBusinessResults" xlink:to="jpcrp040300-q2r_E03576-000_BalanceOfTrustAccountSecuritiesSummaryOfBusinessResults_label_1" xlink:arcrole="http://www.xbrl.org/2003/arcrole/concept-label" order="1" />
    <link:labelArc xlink:type="arc" xlink:from="jpcrp040300-q2r_E03576-000_BalanceOfTrustAccountSecuritiesSummaryOfBusinessResults" xlink:to="jpcrp040300-q2r_E03576-000_BalanceOfTrustAccountSecuritiesSummaryOfBusinessResults_label" xlink:arcrole="http://www.xbrl.org/2003/arcrole/concept-label" order="1" />
    <link:labelArc xlink:type="arc" xlink:from="jpcrp040300-q2r_E03576-000_BankingReportableSegmentsMember" xlink:to="jpcrp040300-q2r_E03576-000_BankingReportableSegmentsMember_label_1" xlink:arcrole="http://www.xbrl.org/2003/arcrole/concept-label" order="1" />
    <link:labelArc xlink:type="arc" xlink:from="jpcrp040300-q2r_E03576-000_BankingReportableSegmentsMember" xlink:to="jpcrp040300-q2r_E03576-000_BankingReportableSegmentsMember_label" xlink:arcrole="http://www.xbrl.org/2003/arcrole/concept-label" order="1" />
    <link:labelArc xlink:type="arc" xlink:from="jpcrp040300-q2r_E03576-000_NotesRegardingGeneralAndAdministrativeExpensesTextBlock" xlink:to="jpcrp040300-q2r_E03576-000_NotesRegardingGeneralAndAdministrativeExpensesTextBlock_label_1" xlink:arcrole="http://www.xbrl.org/2003/arcrole/concept-label" order="1" />
    <link:labelArc xlink:type="arc" xlink:from="jpcrp040300-q2r_E03576-000_NotesRegardingGeneralAndAdministrativeExpensesTextBlock" xlink:to="jpcrp040300-q2r_E03576-000_NotesRegardingGeneralAndAdministrativeExpensesTextBlock_label" xlink:arcrole="http://www.xbrl.org/2003/arcrole/concept-label" order="1" />
    <link:labelArc xlink:type="arc" xlink:from="jpcrp040300-q2r_E03576-000_NotesRegardingPrincipalAmountOfTrustWithContractForReplacementOfLossesTextBlock" xlink:to="jpcrp040300-q2r_E03576-000_NotesRegardingPrincipalAmountOfTrustWithContractForReplacementOfLossesTextBlock_label_1" xlink:arcrole="http://www.xbrl.org/2003/arcrole/concept-label" order="1" />
    <link:labelArc xlink:type="arc" xlink:from="jpcrp040300-q2r_E03576-000_NotesRegardingPrincipalAmountOfTrustWithContractForReplacementOfLossesTextBlock" xlink:to="jpcrp040300-q2r_E03576-000_NotesRegardingPrincipalAmountOfTrustWithContractForReplacementOfLossesTextBlock_label" xlink:arcrole="http://www.xbrl.org/2003/arcrole/concept-label" order="1" />
    <link:labelArc xlink:type="arc" xlink:from="jpcrp040300-q2r_E03576-000_SummaryOfBusinessResultsTextBlock" xlink:to="jpcrp040300-q2r_E03576-000_SummaryOfBusinessResultsTextBlock_label_1" xlink:arcrole="http://www.xbrl.org/2003/arcrole/concept-label" order="1" />
    <link:labelArc xlink:type="arc" xlink:from="jpcrp040300-q2r_E03576-000_SummaryOfBusinessResultsTextBlock" xlink:to="jpcrp040300-q2r_E03576-000_SummaryOfBusinessResultsTextBlock_label" xlink:arcrole="http://www.xbrl.org/2003/arcrole/concept-label" order="1" />
    <link:labelArc xlink:type="arc" xlink:from="jpcrp040300-q2r_E03576-000_TrustFeeSummaryOfBusinessResults" xlink:to="jpcrp040300-q2r_E03576-000_TrustFeeSummaryOfBusinessResults_label_1" xlink:arcrole="http://www.xbrl.org/2003/arcrole/concept-label" order="1" />
    <link:labelArc xlink:type="arc" xlink:from="jpcrp040300-q2r_E03576-000_TrustFeeSummaryOfBusinessResults" xlink:to="jpcrp040300-q2r_E03576-000_TrustFeeSummaryOfBusinessResults_label" xlink:arcrole="http://www.xbrl.org/2003/arcrole/concept-label" order="1" />
    <link:labelArc xlink:type="arc" xlink:from="jpcrp040300-q2r_E03576-000_TrustPropertySummaryOfBusinessResults" xlink:to="jpcrp040300-q2r_E03576-000_TrustPropertySummaryOfBusinessResults_label_1" xlink:arcrole="http://www.xbrl.org/2003/arcrole/concept-label" order="1" />
    <link:labelArc xlink:type="arc" xlink:from="jpcrp040300-q2r_E03576-000_TrustPropertySummaryOfBusinessResults" xlink:to="jpcrp040300-q2r_E03576-000_TrustPropertySummaryOfBusinessResults_label" xlink:arcrole="http://www.xbrl.org/2003/arcrole/concept-label" order="1" />
    <link:labelArc xlink:type="arc" xlink:from="jppfs_cor_LossGainOnMoneyHeldInTrustOpeCFBNK" xlink:to="jppfs_cor_LossGainOnMoneyHeldInTrustOpeCFBNK_label" xlink:arcrole="http://www.xbrl.org/2003/arcrole/concept-label" order="1" />
  </link:labelLink>
</link:linkbase>