﻿<?xml version="1.0" encoding="utf-8"?>
<!-- Edited with XiRUTE .NET Library 01-08 -->
<link:linkbase xmlns:xlink="http://www.w3.org/1999/xlink" xmlns:xsi="http://www.w3.org/2001/XMLSchema-instance" xmlns:link="http://www.xbrl.org/2003/linkbase">
  <link:roleRef xlink:type="simple" xlink:href="http://disclosure.edinet-fsa.go.jp/taxonomy/jppfs/2019-02-28/jppfs_rt_2019-02-28.xsd#rol_SemiAnnualBalanceSheet" roleURI="http://disclosure.edinet-fsa.go.jp/role/jppfs/rol_SemiAnnualBalanceSheet" />
  <link:roleRef xlink:type="simple" xlink:href="http://disclosure.edinet-fsa.go.jp/taxonomy/jppfs/2019-02-28/jppfs_rt_2019-02-28.xsd#rol_SemiAnnualConsolidatedBalanceSheet" roleURI="http://disclosure.edinet-fsa.go.jp/role/jppfs/rol_SemiAnnualConsolidatedBalanceSheet" />
  <link:roleRef xlink:type="simple" xlink:href="http://disclosure.edinet-fsa.go.jp/taxonomy/jppfs/2019-02-28/jppfs_rt_2019-02-28.xsd#rol_SemiAnnualConsolidatedStatementOfCashFlows-indirect" roleURI="http://disclosure.edinet-fsa.go.jp/role/jppfs/rol_SemiAnnualConsolidatedStatementOfCashFlows-indirect" />
  <link:roleRef xlink:type="simple" xlink:href="http://disclosure.edinet-fsa.go.jp/taxonomy/jppfs/2019-02-28/jppfs_rt_2019-02-28.xsd#rol_SemiAnnualConsolidatedStatementOfChangesInEquity" roleURI="http://disclosure.edinet-fsa.go.jp/role/jppfs/rol_SemiAnnualConsolidatedStatementOfChangesInEquity" />
  <link:roleRef xlink:type="simple" xlink:href="http://disclosure.edinet-fsa.go.jp/taxonomy/jppfs/2019-02-28/jppfs_rt_2019-02-28.xsd#rol_SemiAnnualConsolidatedStatementOfComprehensiveIncome" roleURI="http://disclosure.edinet-fsa.go.jp/role/jppfs/rol_SemiAnnualConsolidatedStatementOfComprehensiveIncome" />
  <link:roleRef xlink:type="simple" xlink:href="http://disclosure.edinet-fsa.go.jp/taxonomy/jppfs/2019-02-28/jppfs_rt_2019-02-28.xsd#rol_SemiAnnualConsolidatedStatementOfIncome" roleURI="http://disclosure.edinet-fsa.go.jp/role/jppfs/rol_SemiAnnualConsolidatedStatementOfIncome" />
  <link:roleRef xlink:type="simple" xlink:href="http://disclosure.edinet-fsa.go.jp/taxonomy/jppfs/2019-02-28/jppfs_rt_2019-02-28.xsd#rol_SemiAnnualStatementOfChangesInEquity" roleURI="http://disclosure.edinet-fsa.go.jp/role/jppfs/rol_SemiAnnualStatementOfChangesInEquity" />
  <link:roleRef xlink:type="simple" xlink:href="http://disclosure.edinet-fsa.go.jp/taxonomy/jppfs/2019-02-28/jppfs_rt_2019-02-28.xsd#rol_SemiAnnualStatementOfIncome" roleURI="http://disclosure.edinet-fsa.go.jp/role/jppfs/rol_SemiAnnualStatementOfIncome" />
  <link:calculationLink xlink:type="extended" xlink:role="http://disclosure.edinet-fsa.go.jp/role/jppfs/rol_SemiAnnualConsolidatedBalanceSheet">
    <link:loc xlink:type="locator" xlink:href="http://disclosure.edinet-fsa.go.jp/taxonomy/jppfs/2019-02-28/jppfs_cor_2019-02-28.xsd#jppfs_cor_AcceptancesAndGuaranteesLiabilitiesBNK" xlink:label="jppfs_cor_AcceptancesAndGuaranteesLiabilitiesBNK" />
    <link:loc xlink:type="locator" xlink:href="http://disclosure.edinet-fsa.go.jp/taxonomy/jppfs/2019-02-28/jppfs_cor_2019-02-28.xsd#jppfs_cor_AllowanceForLoanLossesAssetsBNK" xlink:label="jppfs_cor_AllowanceForLoanLossesAssetsBNK" />
    <link:loc xlink:type="locator" xlink:href="http://disclosure.edinet-fsa.go.jp/taxonomy/jppfs/2019-02-28/jppfs_cor_2019-02-28.xsd#jppfs_cor_Assets" xlink:label="jppfs_cor_Assets" />
    <link:loc xlink:type="locator" xlink:href="http://disclosure.edinet-fsa.go.jp/taxonomy/jppfs/2019-02-28/jppfs_cor_2019-02-28.xsd#jppfs_cor_BorrowedMoneyFromTrustAccountLiabilitiesBNK" xlink:label="jppfs_cor_BorrowedMoneyFromTrustAccountLiabilitiesBNK" />
    <link:loc xlink:type="locator" xlink:href="http://disclosure.edinet-fsa.go.jp/taxonomy/jppfs/2019-02-28/jppfs_cor_2019-02-28.xsd#jppfs_cor_BorrowedMoneyLiabilitiesBNK" xlink:label="jppfs_cor_BorrowedMoneyLiabilitiesBNK" />
    <link:loc xlink:type="locator" xlink:href="http://disclosure.edinet-fsa.go.jp/taxonomy/jppfs/2019-02-28/jppfs_cor_2019-02-28.xsd#jppfs_cor_CallLoansAndBillsBoughtAssetsBNK" xlink:label="jppfs_cor_CallLoansAndBillsBoughtAssetsBNK" />
    <link:loc xlink:type="locator" xlink:href="http://disclosure.edinet-fsa.go.jp/taxonomy/jppfs/2019-02-28/jppfs_cor_2019-02-28.xsd#jppfs_cor_CallMoneyAndBillsSoldLiabilitiesBNK" xlink:label="jppfs_cor_CallMoneyAndBillsSoldLiabilitiesBNK" />
    <link:loc xlink:type="locator" xlink:href="http://disclosure.edinet-fsa.go.jp/taxonomy/jppfs/2019-02-28/jppfs_cor_2019-02-28.xsd#jppfs_cor_CapitalStock" xlink:label="jppfs_cor_CapitalStock" />
    <link:loc xlink:type="locator" xlink:href="http://disclosure.edinet-fsa.go.jp/taxonomy/jppfs/2019-02-28/jppfs_cor_2019-02-28.xsd#jppfs_cor_CapitalSurplus" xlink:label="jppfs_cor_CapitalSurplus" />
    <link:loc xlink:type="locator" xlink:href="http://disclosure.edinet-fsa.go.jp/taxonomy/jppfs/2019-02-28/jppfs_cor_2019-02-28.xsd#jppfs_cor_CashAndDueFromBanksAssetsBNK" xlink:label="jppfs_cor_CashAndDueFromBanksAssetsBNK" />
    <link:loc xlink:type="locator" xlink:href="http://disclosure.edinet-fsa.go.jp/taxonomy/jppfs/2019-02-28/jppfs_cor_2019-02-28.xsd#jppfs_cor_CustomersLiabilitiesForAcceptancesAndGuaranteesAssetsBNK" xlink:label="jppfs_cor_CustomersLiabilitiesForAcceptancesAndGuaranteesAssetsBNK" />
    <link:loc xlink:type="locator" xlink:href="http://disclosure.edinet-fsa.go.jp/taxonomy/jppfs/2019-02-28/jppfs_cor_2019-02-28.xsd#jppfs_cor_DeferredGainsOrLossesOnHedges" xlink:label="jppfs_cor_DeferredGainsOrLossesOnHedges" />
    <link:loc xlink:type="locator" xlink:href="http://disclosure.edinet-fsa.go.jp/taxonomy/jppfs/2019-02-28/jppfs_cor_2019-02-28.xsd#jppfs_cor_DeferredTaxAssets" xlink:label="jppfs_cor_DeferredTaxAssets" />
    <link:loc xlink:type="locator" xlink:href="http://disclosure.edinet-fsa.go.jp/taxonomy/jppfs/2019-02-28/jppfs_cor_2019-02-28.xsd#jppfs_cor_DeferredTaxAssetsForLandRevaluation" xlink:label="jppfs_cor_DeferredTaxAssetsForLandRevaluation" />
    <link:loc xlink:type="locator" xlink:href="http://disclosure.edinet-fsa.go.jp/taxonomy/jppfs/2019-02-28/jppfs_cor_2019-02-28.xsd#jppfs_cor_DeferredTaxLiabilities" xlink:label="jppfs_cor_DeferredTaxLiabilities" />
    <link:loc xlink:type="locator" xlink:href="http://disclosure.edinet-fsa.go.jp/taxonomy/jppfs/2019-02-28/jppfs_cor_2019-02-28.xsd#jppfs_cor_DepositsLiabilitiesBNK" xlink:label="jppfs_cor_DepositsLiabilitiesBNK" />
    <link:loc xlink:type="locator" xlink:href="http://disclosure.edinet-fsa.go.jp/taxonomy/jppfs/2019-02-28/jppfs_cor_2019-02-28.xsd#jppfs_cor_ForeignExchangesAssetsBNK" xlink:label="jppfs_cor_ForeignExchangesAssetsBNK" />
    <link:loc xlink:type="locator" xlink:href="http://disclosure.edinet-fsa.go.jp/taxonomy/jppfs/2019-02-28/jppfs_cor_2019-02-28.xsd#jppfs_cor_ForeignExchangesLiabilitiesBNK" xlink:label="jppfs_cor_ForeignExchangesLiabilitiesBNK" />
    <link:loc xlink:type="locator" xlink:href="http://disclosure.edinet-fsa.go.jp/taxonomy/jppfs/2019-02-28/jppfs_cor_2019-02-28.xsd#jppfs_cor_IntangibleAssets" xlink:label="jppfs_cor_IntangibleAssets" />
    <link:loc xlink:type="locator" xlink:href="http://disclosure.edinet-fsa.go.jp/taxonomy/jppfs/2019-02-28/jppfs_cor_2019-02-28.xsd#jppfs_cor_LeaseReceivablesAndInvestmentAssetsCA" xlink:label="jppfs_cor_LeaseReceivablesAndInvestmentAssetsCA" />
    <link:loc xlink:type="locator" xlink:href="http://disclosure.edinet-fsa.go.jp/taxonomy/jppfs/2019-02-28/jppfs_cor_2019-02-28.xsd#jppfs_cor_Liabilities" xlink:label="jppfs_cor_Liabilities" />
    <link:loc xlink:type="locator" xlink:href="http://disclosure.edinet-fsa.go.jp/taxonomy/jppfs/2019-02-28/jppfs_cor_2019-02-28.xsd#jppfs_cor_LiabilitiesAndNetAssets" xlink:label="jppfs_cor_LiabilitiesAndNetAssets" />
    <link:loc xlink:type="locator" xlink:href="http://disclosure.edinet-fsa.go.jp/taxonomy/jppfs/2019-02-28/jppfs_cor_2019-02-28.xsd#jppfs_cor_LoansAndBillsDiscountedAssetsBNK" xlink:label="jppfs_cor_LoansAndBillsDiscountedAssetsBNK" />
    <link:loc xlink:type="locator" xlink:href="http://disclosure.edinet-fsa.go.jp/taxonomy/jppfs/2019-02-28/jppfs_cor_2019-02-28.xsd#jppfs_cor_MonetaryClaimsBoughtAssetsBNK" xlink:label="jppfs_cor_MonetaryClaimsBoughtAssetsBNK" />
    <link:loc xlink:type="locator" xlink:href="http://disclosure.edinet-fsa.go.jp/taxonomy/jppfs/2019-02-28/jppfs_cor_2019-02-28.xsd#jppfs_cor_MoneyHeldInTrustAssetsBNK" xlink:label="jppfs_cor_MoneyHeldInTrustAssetsBNK" />
    <link:loc xlink:type="locator" xlink:href="http://disclosure.edinet-fsa.go.jp/taxonomy/jppfs/2019-02-28/jppfs_cor_2019-02-28.xsd#jppfs_cor_NegotiableCertificatesOfDepositLiabilitiesBNK" xlink:label="jppfs_cor_NegotiableCertificatesOfDepositLiabilitiesBNK" />
    <link:loc xlink:type="locator" xlink:href="http://disclosure.edinet-fsa.go.jp/taxonomy/jppfs/2019-02-28/jppfs_cor_2019-02-28.xsd#jppfs_cor_NetAssets" xlink:label="jppfs_cor_NetAssets" />
    <link:loc xlink:type="locator" xlink:href="http://disclosure.edinet-fsa.go.jp/taxonomy/jppfs/2019-02-28/jppfs_cor_2019-02-28.xsd#jppfs_cor_NetDefinedBenefitLiability" xlink:label="jppfs_cor_NetDefinedBenefitLiability" />
    <link:loc xlink:type="locator" xlink:href="http://disclosure.edinet-fsa.go.jp/taxonomy/jppfs/2019-02-28/jppfs_cor_2019-02-28.xsd#jppfs_cor_NonControllingInterests" xlink:label="jppfs_cor_NonControllingInterests" />
    <link:loc xlink:type="locator" xlink:href="http://disclosure.edinet-fsa.go.jp/taxonomy/jppfs/2019-02-28/jppfs_cor_2019-02-28.xsd#jppfs_cor_OtherAssetsAssetsBNK" xlink:label="jppfs_cor_OtherAssetsAssetsBNK" />
    <link:loc xlink:type="locator" xlink:href="http://disclosure.edinet-fsa.go.jp/taxonomy/jppfs/2019-02-28/jppfs_cor_2019-02-28.xsd#jppfs_cor_OtherLiabilitiesLiabilitiesBNK" xlink:label="jppfs_cor_OtherLiabilitiesLiabilitiesBNK" />
    <link:loc xlink:type="locator" xlink:href="http://disclosure.edinet-fsa.go.jp/taxonomy/jppfs/2019-02-28/jppfs_cor_2019-02-28.xsd#jppfs_cor_PayablesUnderSecuritiesLendingTransactionsLiabilitiesBNK" xlink:label="jppfs_cor_PayablesUnderSecuritiesLendingTransactionsLiabilitiesBNK" />
    <link:loc xlink:type="locator" xlink:href="http://disclosure.edinet-fsa.go.jp/taxonomy/jppfs/2019-02-28/jppfs_cor_2019-02-28.xsd#jppfs_cor_PropertyPlantAndEquipment" xlink:label="jppfs_cor_PropertyPlantAndEquipment" />
    <link:loc xlink:type="locator" xlink:href="http://disclosure.edinet-fsa.go.jp/taxonomy/jppfs/2019-02-28/jppfs_cor_2019-02-28.xsd#jppfs_cor_ProvisionForContingentLossLiabilitiesBNK" xlink:label="jppfs_cor_ProvisionForContingentLossLiabilitiesBNK" />
    <link:loc xlink:type="locator" xlink:href="http://disclosure.edinet-fsa.go.jp/taxonomy/jppfs/2019-02-28/jppfs_cor_2019-02-28.xsd#jppfs_cor_ProvisionForReimbursementOfDepositsLiabilitiesBNK" xlink:label="jppfs_cor_ProvisionForReimbursementOfDepositsLiabilitiesBNK" />
    <link:loc xlink:type="locator" xlink:href="http://disclosure.edinet-fsa.go.jp/taxonomy/jppfs/2019-02-28/jppfs_cor_2019-02-28.xsd#jppfs_cor_RemeasurementsOfDefinedBenefitPlans" xlink:label="jppfs_cor_RemeasurementsOfDefinedBenefitPlans" />
    <link:loc xlink:type="locator" xlink:href="http://disclosure.edinet-fsa.go.jp/taxonomy/jppfs/2019-02-28/jppfs_cor_2019-02-28.xsd#jppfs_cor_ReservesUnderTheSpecialLaws2" xlink:label="jppfs_cor_ReservesUnderTheSpecialLaws2" />
    <link:loc xlink:type="locator" xlink:href="http://disclosure.edinet-fsa.go.jp/taxonomy/jppfs/2019-02-28/jppfs_cor_2019-02-28.xsd#jppfs_cor_RetainedEarnings" xlink:label="jppfs_cor_RetainedEarnings" />
    <link:loc xlink:type="locator" xlink:href="http://disclosure.edinet-fsa.go.jp/taxonomy/jppfs/2019-02-28/jppfs_cor_2019-02-28.xsd#jppfs_cor_RevaluationReserveForLand" xlink:label="jppfs_cor_RevaluationReserveForLand" />
    <link:loc xlink:type="locator" xlink:href="http://disclosure.edinet-fsa.go.jp/taxonomy/jppfs/2019-02-28/jppfs_cor_2019-02-28.xsd#jppfs_cor_SecuritiesAssetsBNK" xlink:label="jppfs_cor_SecuritiesAssetsBNK" />
    <link:loc xlink:type="locator" xlink:href="http://disclosure.edinet-fsa.go.jp/taxonomy/jppfs/2019-02-28/jppfs_cor_2019-02-28.xsd#jppfs_cor_ShareholdersEquity" xlink:label="jppfs_cor_ShareholdersEquity" />
    <link:loc xlink:type="locator" xlink:href="http://disclosure.edinet-fsa.go.jp/taxonomy/jppfs/2019-02-28/jppfs_cor_2019-02-28.xsd#jppfs_cor_SubscriptionRightsToShares" xlink:label="jppfs_cor_SubscriptionRightsToShares" />
    <link:loc xlink:type="locator" xlink:href="http://disclosure.edinet-fsa.go.jp/taxonomy/jppfs/2019-02-28/jppfs_cor_2019-02-28.xsd#jppfs_cor_TradingAccountSecuritiesAssetsBNK" xlink:label="jppfs_cor_TradingAccountSecuritiesAssetsBNK" />
    <link:loc xlink:type="locator" xlink:href="http://disclosure.edinet-fsa.go.jp/taxonomy/jppfs/2019-02-28/jppfs_cor_2019-02-28.xsd#jppfs_cor_TreasuryStock" xlink:label="jppfs_cor_TreasuryStock" />
    <link:loc xlink:type="locator" xlink:href="http://disclosure.edinet-fsa.go.jp/taxonomy/jppfs/2019-02-28/jppfs_cor_2019-02-28.xsd#jppfs_cor_ValuationAndTranslationAdjustments" xlink:label="jppfs_cor_ValuationAndTranslationAdjustments" />
    <link:loc xlink:type="locator" xlink:href="http://disclosure.edinet-fsa.go.jp/taxonomy/jppfs/2019-02-28/jppfs_cor_2019-02-28.xsd#jppfs_cor_ValuationDifferenceOnAvailableForSaleSecurities" xlink:label="jppfs_cor_ValuationDifferenceOnAvailableForSaleSecurities" />
    <link:calculationArc xlink:type="arc" xlink:from="jppfs_cor_Assets" xlink:to="jppfs_cor_CashAndDueFromBanksAssetsBNK" xlink:arcrole="http://www.xbrl.org/2003/arcrole/summation-item" order="1" weight="1" />
    <link:calculationArc xlink:type="arc" xlink:from="jppfs_cor_Assets" xlink:to="jppfs_cor_CallLoansAndBillsBoughtAssetsBNK" xlink:arcrole="http://www.xbrl.org/2003/arcrole/summation-item" order="2" weight="1" />
    <link:calculationArc xlink:type="arc" xlink:from="jppfs_cor_Assets" xlink:to="jppfs_cor_MonetaryClaimsBoughtAssetsBNK" xlink:arcrole="http://www.xbrl.org/2003/arcrole/summation-item" order="3" weight="1" />
    <link:calculationArc xlink:type="arc" xlink:from="jppfs_cor_Assets" xlink:to="jppfs_cor_TradingAccountSecuritiesAssetsBNK" xlink:arcrole="http://www.xbrl.org/2003/arcrole/summation-item" order="4" weight="1" />
    <link:calculationArc xlink:type="arc" xlink:from="jppfs_cor_Assets" xlink:to="jppfs_cor_MoneyHeldInTrustAssetsBNK" xlink:arcrole="http://www.xbrl.org/2003/arcrole/summation-item" order="5" weight="1" />
    <link:calculationArc xlink:type="arc" xlink:from="jppfs_cor_Assets" xlink:to="jppfs_cor_SecuritiesAssetsBNK" xlink:arcrole="http://www.xbrl.org/2003/arcrole/summation-item" order="6" weight="1" />
    <link:calculationArc xlink:type="arc" xlink:from="jppfs_cor_Assets" xlink:to="jppfs_cor_LoansAndBillsDiscountedAssetsBNK" xlink:arcrole="http://www.xbrl.org/2003/arcrole/summation-item" order="7" weight="1" />
    <link:calculationArc xlink:type="arc" xlink:from="jppfs_cor_Assets" xlink:to="jppfs_cor_ForeignExchangesAssetsBNK" xlink:arcrole="http://www.xbrl.org/2003/arcrole/summation-item" order="8" weight="1" />
    <link:calculationArc xlink:type="arc" xlink:from="jppfs_cor_Assets" xlink:to="jppfs_cor_LeaseReceivablesAndInvestmentAssetsCA" xlink:arcrole="http://www.xbrl.org/2003/arcrole/summation-item" order="9" weight="1" />
    <link:calculationArc xlink:type="arc" xlink:from="jppfs_cor_Assets" xlink:to="jppfs_cor_OtherAssetsAssetsBNK" xlink:arcrole="http://www.xbrl.org/2003/arcrole/summation-item" order="10" weight="1" />
    <link:calculationArc xlink:type="arc" xlink:from="jppfs_cor_Assets" xlink:to="jppfs_cor_PropertyPlantAndEquipment" xlink:arcrole="http://www.xbrl.org/2003/arcrole/summation-item" order="11" weight="1" />
    <link:calculationArc xlink:type="arc" xlink:from="jppfs_cor_Assets" xlink:to="jppfs_cor_IntangibleAssets" xlink:arcrole="http://www.xbrl.org/2003/arcrole/summation-item" order="12" weight="1" />
    <link:calculationArc xlink:type="arc" xlink:from="jppfs_cor_Assets" xlink:to="jppfs_cor_DeferredTaxAssets" xlink:arcrole="http://www.xbrl.org/2003/arcrole/summation-item" order="13" weight="1" />
    <link:calculationArc xlink:type="arc" xlink:from="jppfs_cor_Assets" xlink:to="jppfs_cor_DeferredTaxAssetsForLandRevaluation" xlink:arcrole="http://www.xbrl.org/2003/arcrole/summation-item" order="14" weight="1" />
    <link:calculationArc xlink:type="arc" xlink:from="jppfs_cor_Assets" xlink:to="jppfs_cor_CustomersLiabilitiesForAcceptancesAndGuaranteesAssetsBNK" xlink:arcrole="http://www.xbrl.org/2003/arcrole/summation-item" order="15" weight="1" />
    <link:calculationArc xlink:type="arc" xlink:from="jppfs_cor_Assets" xlink:to="jppfs_cor_AllowanceForLoanLossesAssetsBNK" xlink:arcrole="http://www.xbrl.org/2003/arcrole/summation-item" order="16" weight="1" />
    <link:calculationArc xlink:type="arc" xlink:from="jppfs_cor_LiabilitiesAndNetAssets" xlink:to="jppfs_cor_Liabilities" xlink:arcrole="http://www.xbrl.org/2003/arcrole/summation-item" order="1" weight="1" />
    <link:calculationArc xlink:type="arc" xlink:from="jppfs_cor_Liabilities" xlink:to="jppfs_cor_DepositsLiabilitiesBNK" xlink:arcrole="http://www.xbrl.org/2003/arcrole/summation-item" order="1" weight="1" />
    <link:calculationArc xlink:type="arc" xlink:from="jppfs_cor_Liabilities" xlink:to="jppfs_cor_NegotiableCertificatesOfDepositLiabilitiesBNK" xlink:arcrole="http://www.xbrl.org/2003/arcrole/summation-item" order="2" weight="1" />
    <link:calculationArc xlink:type="arc" xlink:from="jppfs_cor_Liabilities" xlink:to="jppfs_cor_CallMoneyAndBillsSoldLiabilitiesBNK" xlink:arcrole="http://www.xbrl.org/2003/arcrole/summation-item" order="3" weight="1" />
    <link:calculationArc xlink:type="arc" xlink:from="jppfs_cor_Liabilities" xlink:to="jppfs_cor_PayablesUnderSecuritiesLendingTransactionsLiabilitiesBNK" xlink:arcrole="http://www.xbrl.org/2003/arcrole/summation-item" order="4" weight="1" />
    <link:calculationArc xlink:type="arc" xlink:from="jppfs_cor_Liabilities" xlink:to="jppfs_cor_BorrowedMoneyLiabilitiesBNK" xlink:arcrole="http://www.xbrl.org/2003/arcrole/summation-item" order="5" weight="1" />
    <link:calculationArc xlink:type="arc" xlink:from="jppfs_cor_Liabilities" xlink:to="jppfs_cor_ForeignExchangesLiabilitiesBNK" xlink:arcrole="http://www.xbrl.org/2003/arcrole/summation-item" order="6" weight="1" />
    <link:calculationArc xlink:type="arc" xlink:from="jppfs_cor_Liabilities" xlink:to="jppfs_cor_BorrowedMoneyFromTrustAccountLiabilitiesBNK" xlink:arcrole="http://www.xbrl.org/2003/arcrole/summation-item" order="7" weight="1" />
    <link:calculationArc xlink:type="arc" xlink:from="jppfs_cor_Liabilities" xlink:to="jppfs_cor_OtherLiabilitiesLiabilitiesBNK" xlink:arcrole="http://www.xbrl.org/2003/arcrole/summation-item" order="8" weight="1" />
    <link:calculationArc xlink:type="arc" xlink:from="jppfs_cor_Liabilities" xlink:to="jppfs_cor_NetDefinedBenefitLiability" xlink:arcrole="http://www.xbrl.org/2003/arcrole/summation-item" order="9" weight="1" />
    <link:calculationArc xlink:type="arc" xlink:from="jppfs_cor_Liabilities" xlink:to="jppfs_cor_ReservesUnderTheSpecialLaws2" xlink:arcrole="http://www.xbrl.org/2003/arcrole/summation-item" order="10" weight="1" />
    <link:calculationArc xlink:type="arc" xlink:from="jppfs_cor_Liabilities" xlink:to="jppfs_cor_ProvisionForReimbursementOfDepositsLiabilitiesBNK" xlink:arcrole="http://www.xbrl.org/2003/arcrole/summation-item" order="11" weight="1" />
    <link:calculationArc xlink:type="arc" xlink:from="jppfs_cor_Liabilities" xlink:to="jppfs_cor_ProvisionForContingentLossLiabilitiesBNK" xlink:arcrole="http://www.xbrl.org/2003/arcrole/summation-item" order="12" weight="1" />
    <link:calculationArc xlink:type="arc" xlink:from="jppfs_cor_Liabilities" xlink:to="jppfs_cor_DeferredTaxLiabilities" xlink:arcrole="http://www.xbrl.org/2003/arcrole/summation-item" order="13" weight="1" />
    <link:calculationArc xlink:type="arc" xlink:from="jppfs_cor_Liabilities" xlink:to="jppfs_cor_AcceptancesAndGuaranteesLiabilitiesBNK" xlink:arcrole="http://www.xbrl.org/2003/arcrole/summation-item" order="14" weight="1" />
    <link:calculationArc xlink:type="arc" xlink:from="jppfs_cor_LiabilitiesAndNetAssets" xlink:to="jppfs_cor_NetAssets" xlink:arcrole="http://www.xbrl.org/2003/arcrole/summation-item" order="2" weight="1" />
    <link:calculationArc xlink:type="arc" xlink:from="jppfs_cor_NetAssets" xlink:to="jppfs_cor_ShareholdersEquity" xlink:arcrole="http://www.xbrl.org/2003/arcrole/summation-item" order="1" weight="1" />
    <link:calculationArc xlink:type="arc" xlink:from="jppfs_cor_NetAssets" xlink:to="jppfs_cor_ValuationAndTranslationAdjustments" xlink:arcrole="http://www.xbrl.org/2003/arcrole/summation-item" order="2" weight="1" />
    <link:calculationArc xlink:type="arc" xlink:from="jppfs_cor_NetAssets" xlink:to="jppfs_cor_SubscriptionRightsToShares" xlink:arcrole="http://www.xbrl.org/2003/arcrole/summation-item" order="3" weight="1" />
    <link:calculationArc xlink:type="arc" xlink:from="jppfs_cor_NetAssets" xlink:to="jppfs_cor_NonControllingInterests" xlink:arcrole="http://www.xbrl.org/2003/arcrole/summation-item" order="4" weight="1" />
    <link:calculationArc xlink:type="arc" xlink:from="jppfs_cor_ShareholdersEquity" xlink:to="jppfs_cor_CapitalStock" xlink:arcrole="http://www.xbrl.org/2003/arcrole/summation-item" order="1" weight="1" />
    <link:calculationArc xlink:type="arc" xlink:from="jppfs_cor_ShareholdersEquity" xlink:to="jppfs_cor_CapitalSurplus" xlink:arcrole="http://www.xbrl.org/2003/arcrole/summation-item" order="2" weight="1" />
    <link:calculationArc xlink:type="arc" xlink:from="jppfs_cor_ShareholdersEquity" xlink:to="jppfs_cor_RetainedEarnings" xlink:arcrole="http://www.xbrl.org/2003/arcrole/summation-item" order="3" weight="1" />
    <link:calculationArc xlink:type="arc" xlink:from="jppfs_cor_ShareholdersEquity" xlink:to="jppfs_cor_TreasuryStock" xlink:arcrole="http://www.xbrl.org/2003/arcrole/summation-item" order="4" weight="1" />
    <link:calculationArc xlink:type="arc" xlink:from="jppfs_cor_ValuationAndTranslationAdjustments" xlink:to="jppfs_cor_ValuationDifferenceOnAvailableForSaleSecurities" xlink:arcrole="http://www.xbrl.org/2003/arcrole/summation-item" order="1" weight="1" />
    <link:calculationArc xlink:type="arc" xlink:from="jppfs_cor_ValuationAndTranslationAdjustments" xlink:to="jppfs_cor_DeferredGainsOrLossesOnHedges" xlink:arcrole="http://www.xbrl.org/2003/arcrole/summation-item" order="2" weight="1" />
    <link:calculationArc xlink:type="arc" xlink:from="jppfs_cor_ValuationAndTranslationAdjustments" xlink:to="jppfs_cor_RevaluationReserveForLand" xlink:arcrole="http://www.xbrl.org/2003/arcrole/summation-item" order="3" weight="1" />
    <link:calculationArc xlink:type="arc" xlink:from="jppfs_cor_ValuationAndTranslationAdjustments" xlink:to="jppfs_cor_RemeasurementsOfDefinedBenefitPlans" xlink:arcrole="http://www.xbrl.org/2003/arcrole/summation-item" order="4" weight="1" />
  </link:calculationLink>
  <link:calculationLink xlink:type="extended" xlink:role="http://disclosure.edinet-fsa.go.jp/role/jppfs/rol_SemiAnnualConsolidatedStatementOfIncome">
    <link:loc xlink:type="locator" xlink:href="http://disclosure.edinet-fsa.go.jp/taxonomy/jppfs/2019-02-28/jppfs_cor_2019-02-28.xsd#jppfs_cor_ExtraordinaryIncome" xlink:label="jppfs_cor_ExtraordinaryIncome" />
    <link:loc xlink:type="locator" xlink:href="http://disclosure.edinet-fsa.go.jp/taxonomy/jppfs/2019-02-28/jppfs_cor_2019-02-28.xsd#jppfs_cor_ExtraordinaryLoss" xlink:label="jppfs_cor_ExtraordinaryLoss" />
    <link:loc xlink:type="locator" xlink:href="http://disclosure.edinet-fsa.go.jp/taxonomy/jppfs/2019-02-28/jppfs_cor_2019-02-28.xsd#jppfs_cor_FeesAndCommissionsOIBNK" xlink:label="jppfs_cor_FeesAndCommissionsOIBNK" />
    <link:loc xlink:type="locator" xlink:href="http://disclosure.edinet-fsa.go.jp/taxonomy/jppfs/2019-02-28/jppfs_cor_2019-02-28.xsd#jppfs_cor_FeesAndCommissionsPaymentsOEBNK" xlink:label="jppfs_cor_FeesAndCommissionsPaymentsOEBNK" />
    <link:loc xlink:type="locator" xlink:href="http://disclosure.edinet-fsa.go.jp/taxonomy/jppfs/2019-02-28/jppfs_cor_2019-02-28.xsd#jppfs_cor_GainOnDisposalOfNoncurrentAssetsEI" xlink:label="jppfs_cor_GainOnDisposalOfNoncurrentAssetsEI" />
    <link:loc xlink:type="locator" xlink:href="http://disclosure.edinet-fsa.go.jp/taxonomy/jppfs/2019-02-28/jppfs_cor_2019-02-28.xsd#jppfs_cor_GeneralAndAdministrativeExpensesOEBNK" xlink:label="jppfs_cor_GeneralAndAdministrativeExpensesOEBNK" />
    <link:loc xlink:type="locator" xlink:href="http://disclosure.edinet-fsa.go.jp/taxonomy/jppfs/2019-02-28/jppfs_cor_2019-02-28.xsd#jppfs_cor_ImpairmentLossEL" xlink:label="jppfs_cor_ImpairmentLossEL" />
    <link:loc xlink:type="locator" xlink:href="http://disclosure.edinet-fsa.go.jp/taxonomy/jppfs/2019-02-28/jppfs_cor_2019-02-28.xsd#jppfs_cor_IncomeBeforeIncomeTaxes" xlink:label="jppfs_cor_IncomeBeforeIncomeTaxes" />
    <link:loc xlink:type="locator" xlink:href="http://disclosure.edinet-fsa.go.jp/taxonomy/jppfs/2019-02-28/jppfs_cor_2019-02-28.xsd#jppfs_cor_IncomeTaxes" xlink:label="jppfs_cor_IncomeTaxes" />
    <link:loc xlink:type="locator" xlink:href="http://disclosure.edinet-fsa.go.jp/taxonomy/jppfs/2019-02-28/jppfs_cor_2019-02-28.xsd#jppfs_cor_IncomeTaxesCurrent" xlink:label="jppfs_cor_IncomeTaxesCurrent" />
    <link:loc xlink:type="locator" xlink:href="http://disclosure.edinet-fsa.go.jp/taxonomy/jppfs/2019-02-28/jppfs_cor_2019-02-28.xsd#jppfs_cor_IncomeTaxesDeferred" xlink:label="jppfs_cor_IncomeTaxesDeferred" />
    <link:loc xlink:type="locator" xlink:href="http://disclosure.edinet-fsa.go.jp/taxonomy/jppfs/2019-02-28/jppfs_cor_2019-02-28.xsd#jppfs_cor_InterestExpensesOEBNK" xlink:label="jppfs_cor_InterestExpensesOEBNK" />
    <link:loc xlink:type="locator" xlink:href="http://disclosure.edinet-fsa.go.jp/taxonomy/jppfs/2019-02-28/jppfs_cor_2019-02-28.xsd#jppfs_cor_InterestIncomeOIBNK" xlink:label="jppfs_cor_InterestIncomeOIBNK" />
    <link:loc xlink:type="locator" xlink:href="http://disclosure.edinet-fsa.go.jp/taxonomy/jppfs/2019-02-28/jppfs_cor_2019-02-28.xsd#jppfs_cor_LossOnDisposalOfNoncurrentAssetsEL" xlink:label="jppfs_cor_LossOnDisposalOfNoncurrentAssetsEL" />
    <link:loc xlink:type="locator" xlink:href="http://disclosure.edinet-fsa.go.jp/taxonomy/jppfs/2019-02-28/jppfs_cor_2019-02-28.xsd#jppfs_cor_OrdinaryExpensesBNK" xlink:label="jppfs_cor_OrdinaryExpensesBNK" />
    <link:loc xlink:type="locator" xlink:href="http://disclosure.edinet-fsa.go.jp/taxonomy/jppfs/2019-02-28/jppfs_cor_2019-02-28.xsd#jppfs_cor_OrdinaryIncome" xlink:label="jppfs_cor_OrdinaryIncome" />
    <link:loc xlink:type="locator" xlink:href="http://disclosure.edinet-fsa.go.jp/taxonomy/jppfs/2019-02-28/jppfs_cor_2019-02-28.xsd#jppfs_cor_OrdinaryIncomeBNK" xlink:label="jppfs_cor_OrdinaryIncomeBNK" />
    <link:loc xlink:type="locator" xlink:href="http://disclosure.edinet-fsa.go.jp/taxonomy/jppfs/2019-02-28/jppfs_cor_2019-02-28.xsd#jppfs_cor_OtherExpensesOEBNK" xlink:label="jppfs_cor_OtherExpensesOEBNK" />
    <link:loc xlink:type="locator" xlink:href="http://disclosure.edinet-fsa.go.jp/taxonomy/jppfs/2019-02-28/jppfs_cor_2019-02-28.xsd#jppfs_cor_OtherIncomeOIBNK" xlink:label="jppfs_cor_OtherIncomeOIBNK" />
    <link:loc xlink:type="locator" xlink:href="http://disclosure.edinet-fsa.go.jp/taxonomy/jppfs/2019-02-28/jppfs_cor_2019-02-28.xsd#jppfs_cor_OtherOrdinaryExpensesOEBNK" xlink:label="jppfs_cor_OtherOrdinaryExpensesOEBNK" />
    <link:loc xlink:type="locator" xlink:href="http://disclosure.edinet-fsa.go.jp/taxonomy/jppfs/2019-02-28/jppfs_cor_2019-02-28.xsd#jppfs_cor_OtherOrdinaryIncomeOIBNK" xlink:label="jppfs_cor_OtherOrdinaryIncomeOIBNK" />
    <link:loc xlink:type="locator" xlink:href="http://disclosure.edinet-fsa.go.jp/taxonomy/jppfs/2019-02-28/jppfs_cor_2019-02-28.xsd#jppfs_cor_ProfitLoss" xlink:label="jppfs_cor_ProfitLoss" />
    <link:loc xlink:type="locator" xlink:href="http://disclosure.edinet-fsa.go.jp/taxonomy/jppfs/2019-02-28/jppfs_cor_2019-02-28.xsd#jppfs_cor_TransferToReserveForFinancialProductsTransactionLiabilitiesELBNK" xlink:label="jppfs_cor_TransferToReserveForFinancialProductsTransactionLiabilitiesELBNK" />
    <link:loc xlink:type="locator" xlink:href="http://disclosure.edinet-fsa.go.jp/taxonomy/jppfs/2019-02-28/jppfs_cor_2019-02-28.xsd#jppfs_cor_TrustFeesBNK" xlink:label="jppfs_cor_TrustFeesBNK" />
    <link:calculationArc xlink:type="arc" xlink:from="jppfs_cor_IncomeBeforeIncomeTaxes" xlink:to="jppfs_cor_ExtraordinaryIncome" xlink:arcrole="http://www.xbrl.org/2003/arcrole/summation-item" order="2" weight="1" />
    <link:calculationArc xlink:type="arc" xlink:from="jppfs_cor_ExtraordinaryIncome" xlink:to="jppfs_cor_GainOnDisposalOfNoncurrentAssetsEI" xlink:arcrole="http://www.xbrl.org/2003/arcrole/summation-item" order="1" weight="1" />
    <link:calculationArc xlink:type="arc" xlink:from="jppfs_cor_IncomeBeforeIncomeTaxes" xlink:to="jppfs_cor_OrdinaryIncome" xlink:arcrole="http://www.xbrl.org/2003/arcrole/summation-item" order="1" weight="1" />
    <link:calculationArc xlink:type="arc" xlink:from="jppfs_cor_IncomeBeforeIncomeTaxes" xlink:to="jppfs_cor_ExtraordinaryLoss" xlink:arcrole="http://www.xbrl.org/2003/arcrole/summation-item" order="3" weight="-1" />
    <link:calculationArc xlink:type="arc" xlink:from="jppfs_cor_ExtraordinaryLoss" xlink:to="jppfs_cor_LossOnDisposalOfNoncurrentAssetsEL" xlink:arcrole="http://www.xbrl.org/2003/arcrole/summation-item" order="1" weight="1" />
    <link:calculationArc xlink:type="arc" xlink:from="jppfs_cor_ExtraordinaryLoss" xlink:to="jppfs_cor_ImpairmentLossEL" xlink:arcrole="http://www.xbrl.org/2003/arcrole/summation-item" order="2" weight="1" />
    <link:calculationArc xlink:type="arc" xlink:from="jppfs_cor_ExtraordinaryLoss" xlink:to="jppfs_cor_TransferToReserveForFinancialProductsTransactionLiabilitiesELBNK" xlink:arcrole="http://www.xbrl.org/2003/arcrole/summation-item" order="3" weight="1" />
    <link:calculationArc xlink:type="arc" xlink:from="jppfs_cor_IncomeTaxes" xlink:to="jppfs_cor_IncomeTaxesCurrent" xlink:arcrole="http://www.xbrl.org/2003/arcrole/summation-item" order="1" weight="1" />
    <link:calculationArc xlink:type="arc" xlink:from="jppfs_cor_IncomeTaxes" xlink:to="jppfs_cor_IncomeTaxesDeferred" xlink:arcrole="http://www.xbrl.org/2003/arcrole/summation-item" order="2" weight="1" />
    <link:calculationArc xlink:type="arc" xlink:from="jppfs_cor_OrdinaryIncome" xlink:to="jppfs_cor_OrdinaryExpensesBNK" xlink:arcrole="http://www.xbrl.org/2003/arcrole/summation-item" order="2" weight="-1" />
    <link:calculationArc xlink:type="arc" xlink:from="jppfs_cor_OrdinaryExpensesBNK" xlink:to="jppfs_cor_InterestExpensesOEBNK" xlink:arcrole="http://www.xbrl.org/2003/arcrole/summation-item" order="1" weight="1" />
    <link:calculationArc xlink:type="arc" xlink:from="jppfs_cor_OrdinaryExpensesBNK" xlink:to="jppfs_cor_FeesAndCommissionsPaymentsOEBNK" xlink:arcrole="http://www.xbrl.org/2003/arcrole/summation-item" order="2" weight="1" />
    <link:calculationArc xlink:type="arc" xlink:from="jppfs_cor_OrdinaryExpensesBNK" xlink:to="jppfs_cor_OtherOrdinaryExpensesOEBNK" xlink:arcrole="http://www.xbrl.org/2003/arcrole/summation-item" order="3" weight="1" />
    <link:calculationArc xlink:type="arc" xlink:from="jppfs_cor_OrdinaryExpensesBNK" xlink:to="jppfs_cor_GeneralAndAdministrativeExpensesOEBNK" xlink:arcrole="http://www.xbrl.org/2003/arcrole/summation-item" order="4" weight="1" />
    <link:calculationArc xlink:type="arc" xlink:from="jppfs_cor_OrdinaryExpensesBNK" xlink:to="jppfs_cor_OtherExpensesOEBNK" xlink:arcrole="http://www.xbrl.org/2003/arcrole/summation-item" order="5" weight="1" />
    <link:calculationArc xlink:type="arc" xlink:from="jppfs_cor_OrdinaryIncome" xlink:to="jppfs_cor_OrdinaryIncomeBNK" xlink:arcrole="http://www.xbrl.org/2003/arcrole/summation-item" order="1" weight="1" />
    <link:calculationArc xlink:type="arc" xlink:from="jppfs_cor_OrdinaryIncomeBNK" xlink:to="jppfs_cor_InterestIncomeOIBNK" xlink:arcrole="http://www.xbrl.org/2003/arcrole/summation-item" order="1" weight="1" />
    <link:calculationArc xlink:type="arc" xlink:from="jppfs_cor_OrdinaryIncomeBNK" xlink:to="jppfs_cor_FeesAndCommissionsOIBNK" xlink:arcrole="http://www.xbrl.org/2003/arcrole/summation-item" order="2" weight="1" />
    <link:calculationArc xlink:type="arc" xlink:from="jppfs_cor_OrdinaryIncomeBNK" xlink:to="jppfs_cor_OtherOrdinaryIncomeOIBNK" xlink:arcrole="http://www.xbrl.org/2003/arcrole/summation-item" order="3" weight="1" />
    <link:calculationArc xlink:type="arc" xlink:from="jppfs_cor_OrdinaryIncomeBNK" xlink:to="jppfs_cor_OtherIncomeOIBNK" xlink:arcrole="http://www.xbrl.org/2003/arcrole/summation-item" order="4" weight="1" />
    <link:calculationArc xlink:type="arc" xlink:from="jppfs_cor_OrdinaryIncomeBNK" xlink:to="jppfs_cor_TrustFeesBNK" xlink:arcrole="http://www.xbrl.org/2003/arcrole/summation-item" order="5" weight="1" />
    <link:calculationArc xlink:type="arc" xlink:from="jppfs_cor_ProfitLoss" xlink:to="jppfs_cor_IncomeBeforeIncomeTaxes" xlink:arcrole="http://www.xbrl.org/2003/arcrole/summation-item" order="1" weight="1" />
    <link:calculationArc xlink:type="arc" xlink:from="jppfs_cor_ProfitLoss" xlink:to="jppfs_cor_IncomeTaxes" xlink:arcrole="http://www.xbrl.org/2003/arcrole/summation-item" order="2" weight="-1" />
  </link:calculationLink>
  <link:calculationLink xlink:type="extended" xlink:role="http://disclosure.edinet-fsa.go.jp/role/jppfs/rol_SemiAnnualConsolidatedStatementOfComprehensiveIncome">
    <link:loc xlink:type="locator" xlink:href="http://disclosure.edinet-fsa.go.jp/taxonomy/jppfs/2019-02-28/jppfs_cor_2019-02-28.xsd#jppfs_cor_ComprehensiveIncome" xlink:label="jppfs_cor_ComprehensiveIncome" />
    <link:loc xlink:type="locator" xlink:href="http://disclosure.edinet-fsa.go.jp/taxonomy/jppfs/2019-02-28/jppfs_cor_2019-02-28.xsd#jppfs_cor_DeferredGainsOrLossesOnHedgesNetOfTaxOCI" xlink:label="jppfs_cor_DeferredGainsOrLossesOnHedgesNetOfTaxOCI" />
    <link:loc xlink:type="locator" xlink:href="http://disclosure.edinet-fsa.go.jp/taxonomy/jppfs/2019-02-28/jppfs_cor_2019-02-28.xsd#jppfs_cor_OtherComprehensiveIncome" xlink:label="jppfs_cor_OtherComprehensiveIncome" />
    <link:loc xlink:type="locator" xlink:href="http://disclosure.edinet-fsa.go.jp/taxonomy/jppfs/2019-02-28/jppfs_cor_2019-02-28.xsd#jppfs_cor_ProfitLoss" xlink:label="jppfs_cor_ProfitLoss" />
    <link:loc xlink:type="locator" xlink:href="http://disclosure.edinet-fsa.go.jp/taxonomy/jppfs/2019-02-28/jppfs_cor_2019-02-28.xsd#jppfs_cor_RemeasurementsOfDefinedBenefitPlansNetOfTaxOCI" xlink:label="jppfs_cor_RemeasurementsOfDefinedBenefitPlansNetOfTaxOCI" />
    <link:loc xlink:type="locator" xlink:href="http://disclosure.edinet-fsa.go.jp/taxonomy/jppfs/2019-02-28/jppfs_cor_2019-02-28.xsd#jppfs_cor_ValuationDifferenceOnAvailableForSaleSecuritiesNetOfTaxOCI" xlink:label="jppfs_cor_ValuationDifferenceOnAvailableForSaleSecuritiesNetOfTaxOCI" />
    <link:calculationArc xlink:type="arc" xlink:from="jppfs_cor_ComprehensiveIncome" xlink:to="jppfs_cor_ProfitLoss" xlink:arcrole="http://www.xbrl.org/2003/arcrole/summation-item" order="1" weight="1" />
    <link:calculationArc xlink:type="arc" xlink:from="jppfs_cor_ComprehensiveIncome" xlink:to="jppfs_cor_OtherComprehensiveIncome" xlink:arcrole="http://www.xbrl.org/2003/arcrole/summation-item" order="2" weight="1" />
    <link:calculationArc xlink:type="arc" xlink:from="jppfs_cor_OtherComprehensiveIncome" xlink:to="jppfs_cor_ValuationDifferenceOnAvailableForSaleSecuritiesNetOfTaxOCI" xlink:arcrole="http://www.xbrl.org/2003/arcrole/summation-item" order="1" weight="1" />
    <link:calculationArc xlink:type="arc" xlink:from="jppfs_cor_OtherComprehensiveIncome" xlink:to="jppfs_cor_DeferredGainsOrLossesOnHedgesNetOfTaxOCI" xlink:arcrole="http://www.xbrl.org/2003/arcrole/summation-item" order="2" weight="1" />
    <link:calculationArc xlink:type="arc" xlink:from="jppfs_cor_OtherComprehensiveIncome" xlink:to="jppfs_cor_RemeasurementsOfDefinedBenefitPlansNetOfTaxOCI" xlink:arcrole="http://www.xbrl.org/2003/arcrole/summation-item" order="3" weight="1" />
  </link:calculationLink>
  <link:calculationLink xlink:type="extended" xlink:role="http://disclosure.edinet-fsa.go.jp/role/jppfs/rol_SemiAnnualConsolidatedStatementOfChangesInEquity">
    <link:loc xlink:type="locator" xlink:href="http://disclosure.edinet-fsa.go.jp/taxonomy/jppfs/2019-02-28/jppfs_cor_2019-02-28.xsd#jppfs_cor_DisposalOfTreasuryStock" xlink:label="jppfs_cor_DisposalOfTreasuryStock" />
    <link:loc xlink:type="locator" xlink:href="http://disclosure.edinet-fsa.go.jp/taxonomy/jppfs/2019-02-28/jppfs_cor_2019-02-28.xsd#jppfs_cor_DividendsFromSurplus" xlink:label="jppfs_cor_DividendsFromSurplus" />
    <link:loc xlink:type="locator" xlink:href="http://disclosure.edinet-fsa.go.jp/taxonomy/jppfs/2019-02-28/jppfs_cor_2019-02-28.xsd#jppfs_cor_NetChangesOfItemsOtherThanShareholdersEquity" xlink:label="jppfs_cor_NetChangesOfItemsOtherThanShareholdersEquity" />
    <link:loc xlink:type="locator" xlink:href="http://disclosure.edinet-fsa.go.jp/taxonomy/jppfs/2019-02-28/jppfs_cor_2019-02-28.xsd#jppfs_cor_ProfitLossAttributableToOwnersOfParent" xlink:label="jppfs_cor_ProfitLossAttributableToOwnersOfParent" />
    <link:loc xlink:type="locator" xlink:href="http://disclosure.edinet-fsa.go.jp/taxonomy/jppfs/2019-02-28/jppfs_cor_2019-02-28.xsd#jppfs_cor_PurchaseOfTreasuryStock" xlink:label="jppfs_cor_PurchaseOfTreasuryStock" />
    <link:loc xlink:type="locator" xlink:href="http://disclosure.edinet-fsa.go.jp/taxonomy/jppfs/2019-02-28/jppfs_cor_2019-02-28.xsd#jppfs_cor_ReversalOfRevaluationReserveForLand" xlink:label="jppfs_cor_ReversalOfRevaluationReserveForLand" />
    <link:loc xlink:type="locator" xlink:href="http://disclosure.edinet-fsa.go.jp/taxonomy/jppfs/2019-02-28/jppfs_cor_2019-02-28.xsd#jppfs_cor_TotalChangesOfItemsDuringThePeriod" xlink:label="jppfs_cor_TotalChangesOfItemsDuringThePeriod" />
    <link:calculationArc xlink:type="arc" xlink:from="jppfs_cor_TotalChangesOfItemsDuringThePeriod" xlink:to="jppfs_cor_DividendsFromSurplus" xlink:arcrole="http://www.xbrl.org/2003/arcrole/summation-item" order="1" weight="1" />
    <link:calculationArc xlink:type="arc" xlink:from="jppfs_cor_TotalChangesOfItemsDuringThePeriod" xlink:to="jppfs_cor_ProfitLossAttributableToOwnersOfParent" xlink:arcrole="http://www.xbrl.org/2003/arcrole/summation-item" order="2" weight="1" />
    <link:calculationArc xlink:type="arc" xlink:from="jppfs_cor_TotalChangesOfItemsDuringThePeriod" xlink:to="jppfs_cor_PurchaseOfTreasuryStock" xlink:arcrole="http://www.xbrl.org/2003/arcrole/summation-item" order="3" weight="1" />
    <link:calculationArc xlink:type="arc" xlink:from="jppfs_cor_TotalChangesOfItemsDuringThePeriod" xlink:to="jppfs_cor_DisposalOfTreasuryStock" xlink:arcrole="http://www.xbrl.org/2003/arcrole/summation-item" order="4" weight="1" />
    <link:calculationArc xlink:type="arc" xlink:from="jppfs_cor_TotalChangesOfItemsDuringThePeriod" xlink:to="jppfs_cor_ReversalOfRevaluationReserveForLand" xlink:arcrole="http://www.xbrl.org/2003/arcrole/summation-item" order="5" weight="1" />
    <link:calculationArc xlink:type="arc" xlink:from="jppfs_cor_TotalChangesOfItemsDuringThePeriod" xlink:to="jppfs_cor_NetChangesOfItemsOtherThanShareholdersEquity" xlink:arcrole="http://www.xbrl.org/2003/arcrole/summation-item" order="6" weight="1" />
  </link:calculationLink>
  <link:calculationLink xlink:type="extended" xlink:role="http://disclosure.edinet-fsa.go.jp/role/jppfs/rol_SemiAnnualConsolidatedStatementOfCashFlows-indirect">
    <link:loc xlink:type="locator" xlink:href="http://disclosure.edinet-fsa.go.jp/taxonomy/jppfs/2019-02-28/jppfs_cor_2019-02-28.xsd#jppfs_cor_CashDividendsPaidFinCF" xlink:label="jppfs_cor_CashDividendsPaidFinCF" />
    <link:loc xlink:type="locator" xlink:href="http://disclosure.edinet-fsa.go.jp/taxonomy/jppfs/2019-02-28/jppfs_cor_2019-02-28.xsd#jppfs_cor_DecreaseInMoneyHeldInTrustInvCFBNK" xlink:label="jppfs_cor_DecreaseInMoneyHeldInTrustInvCFBNK" />
    <link:loc xlink:type="locator" xlink:href="http://disclosure.edinet-fsa.go.jp/taxonomy/jppfs/2019-02-28/jppfs_cor_2019-02-28.xsd#jppfs_cor_DecreaseInSubordinatedBorrowingsFinCFBNK" xlink:label="jppfs_cor_DecreaseInSubordinatedBorrowingsFinCFBNK" />
    <link:loc xlink:type="locator" xlink:href="http://disclosure.edinet-fsa.go.jp/taxonomy/jppfs/2019-02-28/jppfs_cor_2019-02-28.xsd#jppfs_cor_DepreciationAndAmortizationOpeCF" xlink:label="jppfs_cor_DepreciationAndAmortizationOpeCF" />
    <link:loc xlink:type="locator" xlink:href="http://disclosure.edinet-fsa.go.jp/taxonomy/jppfs/2019-02-28/jppfs_cor_2019-02-28.xsd#jppfs_cor_DividendsPaidToNonControllingInterestsFinCF" xlink:label="jppfs_cor_DividendsPaidToNonControllingInterestsFinCF" />
    <link:loc xlink:type="locator" xlink:href="http://disclosure.edinet-fsa.go.jp/taxonomy/jppfs/2019-02-28/jppfs_cor_2019-02-28.xsd#jppfs_cor_EffectOfExchangeRateChangeOnCashAndCashEquivalents" xlink:label="jppfs_cor_EffectOfExchangeRateChangeOnCashAndCashEquivalents" />
    <link:loc xlink:type="locator" xlink:href="http://disclosure.edinet-fsa.go.jp/taxonomy/jppfs/2019-02-28/jppfs_cor_2019-02-28.xsd#jppfs_cor_EquityInEarningsLossesOfAffiliatesOpeCF" xlink:label="jppfs_cor_EquityInEarningsLossesOfAffiliatesOpeCF" />
    <link:loc xlink:type="locator" xlink:href="http://disclosure.edinet-fsa.go.jp/taxonomy/jppfs/2019-02-28/jppfs_cor_2019-02-28.xsd#jppfs_cor_FinancingExpensesOpeCFBNK" xlink:label="jppfs_cor_FinancingExpensesOpeCFBNK" />
    <link:loc xlink:type="locator" xlink:href="http://disclosure.edinet-fsa.go.jp/taxonomy/jppfs/2019-02-28/jppfs_cor_2019-02-28.xsd#jppfs_cor_ForeignExchangeLossesGainsOpeCF" xlink:label="jppfs_cor_ForeignExchangeLossesGainsOpeCF" />
    <link:loc xlink:type="locator" xlink:href="http://disclosure.edinet-fsa.go.jp/taxonomy/jppfs/2019-02-28/jppfs_cor_2019-02-28.xsd#jppfs_cor_GainOnFundManagementOpeCFBNK" xlink:label="jppfs_cor_GainOnFundManagementOpeCFBNK" />
    <link:loc xlink:type="locator" xlink:href="http://disclosure.edinet-fsa.go.jp/taxonomy/jppfs/2019-02-28/jppfs_cor_2019-02-28.xsd#jppfs_cor_ImpairmentLossOpeCF" xlink:label="jppfs_cor_ImpairmentLossOpeCF" />
    <link:loc xlink:type="locator" xlink:href="http://disclosure.edinet-fsa.go.jp/taxonomy/jppfs/2019-02-28/jppfs_cor_2019-02-28.xsd#jppfs_cor_IncomeBeforeIncomeTaxes" xlink:label="jppfs_cor_IncomeBeforeIncomeTaxes" />
    <link:loc xlink:type="locator" xlink:href="http://disclosure.edinet-fsa.go.jp/taxonomy/jppfs/2019-02-28/jppfs_cor_2019-02-28.xsd#jppfs_cor_IncomeTaxesPaidOpeCF" xlink:label="jppfs_cor_IncomeTaxesPaidOpeCF" />
    <link:loc xlink:type="locator" xlink:href="http://disclosure.edinet-fsa.go.jp/taxonomy/jppfs/2019-02-28/jppfs_cor_2019-02-28.xsd#jppfs_cor_IncreaseDecreaseInAllowanceForLoanLossesOpeCFBNK" xlink:label="jppfs_cor_IncreaseDecreaseInAllowanceForLoanLossesOpeCFBNK" />
    <link:loc xlink:type="locator" xlink:href="http://disclosure.edinet-fsa.go.jp/taxonomy/jppfs/2019-02-28/jppfs_cor_2019-02-28.xsd#jppfs_cor_IncreaseDecreaseInNetDefinedBenefitLiabilityOpeCF" xlink:label="jppfs_cor_IncreaseDecreaseInNetDefinedBenefitLiabilityOpeCF" />
    <link:loc xlink:type="locator" xlink:href="http://disclosure.edinet-fsa.go.jp/taxonomy/jppfs/2019-02-28/jppfs_cor_2019-02-28.xsd#jppfs_cor_IncreaseDecreaseInProvisionForContingentLossOpeCF" xlink:label="jppfs_cor_IncreaseDecreaseInProvisionForContingentLossOpeCF" />
    <link:loc xlink:type="locator" xlink:href="http://disclosure.edinet-fsa.go.jp/taxonomy/jppfs/2019-02-28/jppfs_cor_2019-02-28.xsd#jppfs_cor_LossGainOnDisposalOfNoncurrentAssetsOpeCF" xlink:label="jppfs_cor_LossGainOnDisposalOfNoncurrentAssetsOpeCF" />
    <link:loc xlink:type="locator" xlink:href="http://disclosure.edinet-fsa.go.jp/taxonomy/jppfs/2019-02-28/jppfs_cor_2019-02-28.xsd#jppfs_cor_LossGainOnMoneyHeldInTrustOpeCFBNK" xlink:label="jppfs_cor_LossGainOnMoneyHeldInTrustOpeCFBNK" />
    <link:loc xlink:type="locator" xlink:href="http://disclosure.edinet-fsa.go.jp/taxonomy/jppfs/2019-02-28/jppfs_cor_2019-02-28.xsd#jppfs_cor_LossGainRelatedToSecuritiesOpeCFBNK" xlink:label="jppfs_cor_LossGainRelatedToSecuritiesOpeCFBNK" />
    <link:loc xlink:type="locator" xlink:href="http://disclosure.edinet-fsa.go.jp/taxonomy/jppfs/2019-02-28/jppfs_cor_2019-02-28.xsd#jppfs_cor_NetCashProvidedByUsedInFinancingActivities" xlink:label="jppfs_cor_NetCashProvidedByUsedInFinancingActivities" />
    <link:loc xlink:type="locator" xlink:href="http://disclosure.edinet-fsa.go.jp/taxonomy/jppfs/2019-02-28/jppfs_cor_2019-02-28.xsd#jppfs_cor_NetCashProvidedByUsedInInvestmentActivities" xlink:label="jppfs_cor_NetCashProvidedByUsedInInvestmentActivities" />
    <link:loc xlink:type="locator" xlink:href="http://disclosure.edinet-fsa.go.jp/taxonomy/jppfs/2019-02-28/jppfs_cor_2019-02-28.xsd#jppfs_cor_NetCashProvidedByUsedInOperatingActivities" xlink:label="jppfs_cor_NetCashProvidedByUsedInOperatingActivities" />
    <link:loc xlink:type="locator" xlink:href="http://disclosure.edinet-fsa.go.jp/taxonomy/jppfs/2019-02-28/jppfs_cor_2019-02-28.xsd#jppfs_cor_NetDecreaseIncreaseInCallLoansOpeCFBNK" xlink:label="jppfs_cor_NetDecreaseIncreaseInCallLoansOpeCFBNK" />
    <link:loc xlink:type="locator" xlink:href="http://disclosure.edinet-fsa.go.jp/taxonomy/jppfs/2019-02-28/jppfs_cor_2019-02-28.xsd#jppfs_cor_NetDecreaseIncreaseInDepositExcludingDepositPaidToBankOfJapanOpeCFBNK" xlink:label="jppfs_cor_NetDecreaseIncreaseInDepositExcludingDepositPaidToBankOfJapanOpeCFBNK" />
    <link:loc xlink:type="locator" xlink:href="http://disclosure.edinet-fsa.go.jp/taxonomy/jppfs/2019-02-28/jppfs_cor_2019-02-28.xsd#jppfs_cor_NetDecreaseIncreaseInForeignExchangesAssetsOpeCFBNK" xlink:label="jppfs_cor_NetDecreaseIncreaseInForeignExchangesAssetsOpeCFBNK" />
    <link:loc xlink:type="locator" xlink:href="http://disclosure.edinet-fsa.go.jp/taxonomy/jppfs/2019-02-28/jppfs_cor_2019-02-28.xsd#jppfs_cor_NetDecreaseIncreaseInLeaseReceivablesAndInvestmentAssetsOpeCFBNK" xlink:label="jppfs_cor_NetDecreaseIncreaseInLeaseReceivablesAndInvestmentAssetsOpeCFBNK" />
    <link:loc xlink:type="locator" xlink:href="http://disclosure.edinet-fsa.go.jp/taxonomy/jppfs/2019-02-28/jppfs_cor_2019-02-28.xsd#jppfs_cor_NetDecreaseIncreaseInLoansAndBillsDiscountedOpeCFBNK" xlink:label="jppfs_cor_NetDecreaseIncreaseInLoansAndBillsDiscountedOpeCFBNK" />
    <link:loc xlink:type="locator" xlink:href="http://disclosure.edinet-fsa.go.jp/taxonomy/jppfs/2019-02-28/jppfs_cor_2019-02-28.xsd#jppfs_cor_NetDecreaseIncreaseInTradingAccountSecuritiesOpeCFBNK" xlink:label="jppfs_cor_NetDecreaseIncreaseInTradingAccountSecuritiesOpeCFBNK" />
    <link:loc xlink:type="locator" xlink:href="http://disclosure.edinet-fsa.go.jp/taxonomy/jppfs/2019-02-28/jppfs_cor_2019-02-28.xsd#jppfs_cor_NetIncreaseDecreaseInBorrowedMoneyExcludingSubordinatedBorrowingsOpeCFBNK" xlink:label="jppfs_cor_NetIncreaseDecreaseInBorrowedMoneyExcludingSubordinatedBorrowingsOpeCFBNK" />
    <link:loc xlink:type="locator" xlink:href="http://disclosure.edinet-fsa.go.jp/taxonomy/jppfs/2019-02-28/jppfs_cor_2019-02-28.xsd#jppfs_cor_NetIncreaseDecreaseInBorrowedMoneyFromTrustAccountOpeCFBNK" xlink:label="jppfs_cor_NetIncreaseDecreaseInBorrowedMoneyFromTrustAccountOpeCFBNK" />
    <link:loc xlink:type="locator" xlink:href="http://disclosure.edinet-fsa.go.jp/taxonomy/jppfs/2019-02-28/jppfs_cor_2019-02-28.xsd#jppfs_cor_NetIncreaseDecreaseInCallMoneyOpeCFBNK" xlink:label="jppfs_cor_NetIncreaseDecreaseInCallMoneyOpeCFBNK" />
    <link:loc xlink:type="locator" xlink:href="http://disclosure.edinet-fsa.go.jp/taxonomy/jppfs/2019-02-28/jppfs_cor_2019-02-28.xsd#jppfs_cor_NetIncreaseDecreaseInCashAndCashEquivalents" xlink:label="jppfs_cor_NetIncreaseDecreaseInCashAndCashEquivalents" />
    <link:loc xlink:type="locator" xlink:href="http://disclosure.edinet-fsa.go.jp/taxonomy/jppfs/2019-02-28/jppfs_cor_2019-02-28.xsd#jppfs_cor_NetIncreaseDecreaseInDepositOpeCFBNK" xlink:label="jppfs_cor_NetIncreaseDecreaseInDepositOpeCFBNK" />
    <link:loc xlink:type="locator" xlink:href="http://disclosure.edinet-fsa.go.jp/taxonomy/jppfs/2019-02-28/jppfs_cor_2019-02-28.xsd#jppfs_cor_NetIncreaseDecreaseInForeignExchangesLiabilitiesOpeCFBNK" xlink:label="jppfs_cor_NetIncreaseDecreaseInForeignExchangesLiabilitiesOpeCFBNK" />
    <link:loc xlink:type="locator" xlink:href="http://disclosure.edinet-fsa.go.jp/taxonomy/jppfs/2019-02-28/jppfs_cor_2019-02-28.xsd#jppfs_cor_NetIncreaseDecreaseInNegotiableCertificatesOfDepositOpeCFBNK" xlink:label="jppfs_cor_NetIncreaseDecreaseInNegotiableCertificatesOfDepositOpeCFBNK" />
    <link:loc xlink:type="locator" xlink:href="http://disclosure.edinet-fsa.go.jp/taxonomy/jppfs/2019-02-28/jppfs_cor_2019-02-28.xsd#jppfs_cor_NetIncreaseDecreaseInPayablesUnderSecuritiesLendingTransactionsOpeCFBNK" xlink:label="jppfs_cor_NetIncreaseDecreaseInPayablesUnderSecuritiesLendingTransactionsOpeCFBNK" />
    <link:loc xlink:type="locator" xlink:href="http://disclosure.edinet-fsa.go.jp/taxonomy/jppfs/2019-02-28/jppfs_cor_2019-02-28.xsd#jppfs_cor_OtherNetInvCF" xlink:label="jppfs_cor_OtherNetInvCF" />
    <link:loc xlink:type="locator" xlink:href="http://disclosure.edinet-fsa.go.jp/taxonomy/jppfs/2019-02-28/jppfs_cor_2019-02-28.xsd#jppfs_cor_OtherNetOpeCF" xlink:label="jppfs_cor_OtherNetOpeCF" />
    <link:loc xlink:type="locator" xlink:href="http://disclosure.edinet-fsa.go.jp/taxonomy/jppfs/2019-02-28/jppfs_cor_2019-02-28.xsd#jppfs_cor_PaymentsForFinanceOpeCFBNK" xlink:label="jppfs_cor_PaymentsForFinanceOpeCFBNK" />
    <link:loc xlink:type="locator" xlink:href="http://disclosure.edinet-fsa.go.jp/taxonomy/jppfs/2019-02-28/jppfs_cor_2019-02-28.xsd#jppfs_cor_ProceedsFromFundManagementOpeCFBNK" xlink:label="jppfs_cor_ProceedsFromFundManagementOpeCFBNK" />
    <link:loc xlink:type="locator" xlink:href="http://disclosure.edinet-fsa.go.jp/taxonomy/jppfs/2019-02-28/jppfs_cor_2019-02-28.xsd#jppfs_cor_ProceedsFromRedemptionOfSecuritiesInvCFBNK" xlink:label="jppfs_cor_ProceedsFromRedemptionOfSecuritiesInvCFBNK" />
    <link:loc xlink:type="locator" xlink:href="http://disclosure.edinet-fsa.go.jp/taxonomy/jppfs/2019-02-28/jppfs_cor_2019-02-28.xsd#jppfs_cor_ProceedsFromSalesOfPropertyPlantAndEquipmentInvCF" xlink:label="jppfs_cor_ProceedsFromSalesOfPropertyPlantAndEquipmentInvCF" />
    <link:loc xlink:type="locator" xlink:href="http://disclosure.edinet-fsa.go.jp/taxonomy/jppfs/2019-02-28/jppfs_cor_2019-02-28.xsd#jppfs_cor_ProceedsFromSalesOfSecuritiesInvCFBNK" xlink:label="jppfs_cor_ProceedsFromSalesOfSecuritiesInvCFBNK" />
    <link:loc xlink:type="locator" xlink:href="http://disclosure.edinet-fsa.go.jp/taxonomy/jppfs/2019-02-28/jppfs_cor_2019-02-28.xsd#jppfs_cor_PurchaseOfIntangibleAssetsInvCF" xlink:label="jppfs_cor_PurchaseOfIntangibleAssetsInvCF" />
    <link:loc xlink:type="locator" xlink:href="http://disclosure.edinet-fsa.go.jp/taxonomy/jppfs/2019-02-28/jppfs_cor_2019-02-28.xsd#jppfs_cor_PurchaseOfPropertyPlantAndEquipmentInvCF" xlink:label="jppfs_cor_PurchaseOfPropertyPlantAndEquipmentInvCF" />
    <link:loc xlink:type="locator" xlink:href="http://disclosure.edinet-fsa.go.jp/taxonomy/jppfs/2019-02-28/jppfs_cor_2019-02-28.xsd#jppfs_cor_PurchaseOfSecuritiesInvCFBNK" xlink:label="jppfs_cor_PurchaseOfSecuritiesInvCFBNK" />
    <link:loc xlink:type="locator" xlink:href="http://disclosure.edinet-fsa.go.jp/taxonomy/jppfs/2019-02-28/jppfs_cor_2019-02-28.xsd#jppfs_cor_SubtotalOpeCF" xlink:label="jppfs_cor_SubtotalOpeCF" />
    <link:calculationArc xlink:type="arc" xlink:from="jppfs_cor_NetCashProvidedByUsedInFinancingActivities" xlink:to="jppfs_cor_CashDividendsPaidFinCF" xlink:arcrole="http://www.xbrl.org/2003/arcrole/summation-item" order="1" weight="1" />
    <link:calculationArc xlink:type="arc" xlink:from="jppfs_cor_NetCashProvidedByUsedInFinancingActivities" xlink:to="jppfs_cor_DividendsPaidToNonControllingInterestsFinCF" xlink:arcrole="http://www.xbrl.org/2003/arcrole/summation-item" order="2" weight="1" />
    <link:calculationArc xlink:type="arc" xlink:from="jppfs_cor_NetCashProvidedByUsedInFinancingActivities" xlink:to="jppfs_cor_DecreaseInSubordinatedBorrowingsFinCFBNK" xlink:arcrole="http://www.xbrl.org/2003/arcrole/summation-item" order="3" weight="1" />
    <link:calculationArc xlink:type="arc" xlink:from="jppfs_cor_NetIncreaseDecreaseInCashAndCashEquivalents" xlink:to="jppfs_cor_NetCashProvidedByUsedInInvestmentActivities" xlink:arcrole="http://www.xbrl.org/2003/arcrole/summation-item" order="2" weight="1" />
    <link:calculationArc xlink:type="arc" xlink:from="jppfs_cor_NetCashProvidedByUsedInInvestmentActivities" xlink:to="jppfs_cor_PurchaseOfSecuritiesInvCFBNK" xlink:arcrole="http://www.xbrl.org/2003/arcrole/summation-item" order="1" weight="1" />
    <link:calculationArc xlink:type="arc" xlink:from="jppfs_cor_NetCashProvidedByUsedInInvestmentActivities" xlink:to="jppfs_cor_ProceedsFromSalesOfSecuritiesInvCFBNK" xlink:arcrole="http://www.xbrl.org/2003/arcrole/summation-item" order="2" weight="1" />
    <link:calculationArc xlink:type="arc" xlink:from="jppfs_cor_NetCashProvidedByUsedInInvestmentActivities" xlink:to="jppfs_cor_ProceedsFromRedemptionOfSecuritiesInvCFBNK" xlink:arcrole="http://www.xbrl.org/2003/arcrole/summation-item" order="3" weight="1" />
    <link:calculationArc xlink:type="arc" xlink:from="jppfs_cor_NetCashProvidedByUsedInInvestmentActivities" xlink:to="jppfs_cor_PurchaseOfPropertyPlantAndEquipmentInvCF" xlink:arcrole="http://www.xbrl.org/2003/arcrole/summation-item" order="4" weight="1" />
    <link:calculationArc xlink:type="arc" xlink:from="jppfs_cor_NetCashProvidedByUsedInInvestmentActivities" xlink:to="jppfs_cor_ProceedsFromSalesOfPropertyPlantAndEquipmentInvCF" xlink:arcrole="http://www.xbrl.org/2003/arcrole/summation-item" order="5" weight="1" />
    <link:calculationArc xlink:type="arc" xlink:from="jppfs_cor_NetCashProvidedByUsedInInvestmentActivities" xlink:to="jppfs_cor_DecreaseInMoneyHeldInTrustInvCFBNK" xlink:arcrole="http://www.xbrl.org/2003/arcrole/summation-item" order="6" weight="1" />
    <link:calculationArc xlink:type="arc" xlink:from="jppfs_cor_NetCashProvidedByUsedInInvestmentActivities" xlink:to="jppfs_cor_PurchaseOfIntangibleAssetsInvCF" xlink:arcrole="http://www.xbrl.org/2003/arcrole/summation-item" order="7" weight="1" />
    <link:calculationArc xlink:type="arc" xlink:from="jppfs_cor_NetCashProvidedByUsedInInvestmentActivities" xlink:to="jppfs_cor_OtherNetInvCF" xlink:arcrole="http://www.xbrl.org/2003/arcrole/summation-item" order="8" weight="1" />
    <link:calculationArc xlink:type="arc" xlink:from="jppfs_cor_NetIncreaseDecreaseInCashAndCashEquivalents" xlink:to="jppfs_cor_NetCashProvidedByUsedInOperatingActivities" xlink:arcrole="http://www.xbrl.org/2003/arcrole/summation-item" order="1" weight="1" />
    <link:calculationArc xlink:type="arc" xlink:from="jppfs_cor_NetCashProvidedByUsedInOperatingActivities" xlink:to="jppfs_cor_SubtotalOpeCF" xlink:arcrole="http://www.xbrl.org/2003/arcrole/summation-item" order="1" weight="1" />
    <link:calculationArc xlink:type="arc" xlink:from="jppfs_cor_NetCashProvidedByUsedInOperatingActivities" xlink:to="jppfs_cor_IncomeTaxesPaidOpeCF" xlink:arcrole="http://www.xbrl.org/2003/arcrole/summation-item" order="2" weight="1" />
    <link:calculationArc xlink:type="arc" xlink:from="jppfs_cor_NetIncreaseDecreaseInCashAndCashEquivalents" xlink:to="jppfs_cor_NetCashProvidedByUsedInFinancingActivities" xlink:arcrole="http://www.xbrl.org/2003/arcrole/summation-item" order="3" weight="1" />
    <link:calculationArc xlink:type="arc" xlink:from="jppfs_cor_NetIncreaseDecreaseInCashAndCashEquivalents" xlink:to="jppfs_cor_EffectOfExchangeRateChangeOnCashAndCashEquivalents" xlink:arcrole="http://www.xbrl.org/2003/arcrole/summation-item" order="4" weight="1" />
    <link:calculationArc xlink:type="arc" xlink:from="jppfs_cor_SubtotalOpeCF" xlink:to="jppfs_cor_IncomeBeforeIncomeTaxes" xlink:arcrole="http://www.xbrl.org/2003/arcrole/summation-item" order="1" weight="1" />
    <link:calculationArc xlink:type="arc" xlink:from="jppfs_cor_SubtotalOpeCF" xlink:to="jppfs_cor_DepreciationAndAmortizationOpeCF" xlink:arcrole="http://www.xbrl.org/2003/arcrole/summation-item" order="2" weight="1" />
    <link:calculationArc xlink:type="arc" xlink:from="jppfs_cor_SubtotalOpeCF" xlink:to="jppfs_cor_ImpairmentLossOpeCF" xlink:arcrole="http://www.xbrl.org/2003/arcrole/summation-item" order="3" weight="1" />
    <link:calculationArc xlink:type="arc" xlink:from="jppfs_cor_SubtotalOpeCF" xlink:to="jppfs_cor_EquityInEarningsLossesOfAffiliatesOpeCF" xlink:arcrole="http://www.xbrl.org/2003/arcrole/summation-item" order="4" weight="1" />
    <link:calculationArc xlink:type="arc" xlink:from="jppfs_cor_SubtotalOpeCF" xlink:to="jppfs_cor_IncreaseDecreaseInAllowanceForLoanLossesOpeCFBNK" xlink:arcrole="http://www.xbrl.org/2003/arcrole/summation-item" order="5" weight="1" />
    <link:calculationArc xlink:type="arc" xlink:from="jppfs_cor_SubtotalOpeCF" xlink:to="jppfs_cor_IncreaseDecreaseInNetDefinedBenefitLiabilityOpeCF" xlink:arcrole="http://www.xbrl.org/2003/arcrole/summation-item" order="6" weight="1" />
    <link:calculationArc xlink:type="arc" xlink:from="jppfs_cor_SubtotalOpeCF" xlink:to="jppfs_cor_IncreaseDecreaseInProvisionForContingentLossOpeCF" xlink:arcrole="http://www.xbrl.org/2003/arcrole/summation-item" order="7" weight="1" />
    <link:calculationArc xlink:type="arc" xlink:from="jppfs_cor_SubtotalOpeCF" xlink:to="jppfs_cor_GainOnFundManagementOpeCFBNK" xlink:arcrole="http://www.xbrl.org/2003/arcrole/summation-item" order="8" weight="1" />
    <link:calculationArc xlink:type="arc" xlink:from="jppfs_cor_SubtotalOpeCF" xlink:to="jppfs_cor_FinancingExpensesOpeCFBNK" xlink:arcrole="http://www.xbrl.org/2003/arcrole/summation-item" order="9" weight="1" />
    <link:calculationArc xlink:type="arc" xlink:from="jppfs_cor_SubtotalOpeCF" xlink:to="jppfs_cor_LossGainRelatedToSecuritiesOpeCFBNK" xlink:arcrole="http://www.xbrl.org/2003/arcrole/summation-item" order="10" weight="1" />
    <link:calculationArc xlink:type="arc" xlink:from="jppfs_cor_SubtotalOpeCF" xlink:to="jppfs_cor_LossGainOnMoneyHeldInTrustOpeCFBNK" xlink:arcrole="http://www.xbrl.org/2003/arcrole/summation-item" order="11" weight="1" />
    <link:calculationArc xlink:type="arc" xlink:from="jppfs_cor_SubtotalOpeCF" xlink:to="jppfs_cor_ForeignExchangeLossesGainsOpeCF" xlink:arcrole="http://www.xbrl.org/2003/arcrole/summation-item" order="12" weight="1" />
    <link:calculationArc xlink:type="arc" xlink:from="jppfs_cor_SubtotalOpeCF" xlink:to="jppfs_cor_LossGainOnDisposalOfNoncurrentAssetsOpeCF" xlink:arcrole="http://www.xbrl.org/2003/arcrole/summation-item" order="13" weight="1" />
    <link:calculationArc xlink:type="arc" xlink:from="jppfs_cor_SubtotalOpeCF" xlink:to="jppfs_cor_NetDecreaseIncreaseInTradingAccountSecuritiesOpeCFBNK" xlink:arcrole="http://www.xbrl.org/2003/arcrole/summation-item" order="14" weight="1" />
    <link:calculationArc xlink:type="arc" xlink:from="jppfs_cor_SubtotalOpeCF" xlink:to="jppfs_cor_NetDecreaseIncreaseInLoansAndBillsDiscountedOpeCFBNK" xlink:arcrole="http://www.xbrl.org/2003/arcrole/summation-item" order="15" weight="1" />
    <link:calculationArc xlink:type="arc" xlink:from="jppfs_cor_SubtotalOpeCF" xlink:to="jppfs_cor_NetIncreaseDecreaseInDepositOpeCFBNK" xlink:arcrole="http://www.xbrl.org/2003/arcrole/summation-item" order="16" weight="1" />
    <link:calculationArc xlink:type="arc" xlink:from="jppfs_cor_SubtotalOpeCF" xlink:to="jppfs_cor_NetIncreaseDecreaseInNegotiableCertificatesOfDepositOpeCFBNK" xlink:arcrole="http://www.xbrl.org/2003/arcrole/summation-item" order="17" weight="1" />
    <link:calculationArc xlink:type="arc" xlink:from="jppfs_cor_SubtotalOpeCF" xlink:to="jppfs_cor_NetIncreaseDecreaseInBorrowedMoneyExcludingSubordinatedBorrowingsOpeCFBNK" xlink:arcrole="http://www.xbrl.org/2003/arcrole/summation-item" order="18" weight="1" />
    <link:calculationArc xlink:type="arc" xlink:from="jppfs_cor_SubtotalOpeCF" xlink:to="jppfs_cor_NetDecreaseIncreaseInDepositExcludingDepositPaidToBankOfJapanOpeCFBNK" xlink:arcrole="http://www.xbrl.org/2003/arcrole/summation-item" order="19" weight="1" />
    <link:calculationArc xlink:type="arc" xlink:from="jppfs_cor_SubtotalOpeCF" xlink:to="jppfs_cor_NetDecreaseIncreaseInCallLoansOpeCFBNK" xlink:arcrole="http://www.xbrl.org/2003/arcrole/summation-item" order="20" weight="1" />
    <link:calculationArc xlink:type="arc" xlink:from="jppfs_cor_SubtotalOpeCF" xlink:to="jppfs_cor_NetIncreaseDecreaseInCallMoneyOpeCFBNK" xlink:arcrole="http://www.xbrl.org/2003/arcrole/summation-item" order="21" weight="1" />
    <link:calculationArc xlink:type="arc" xlink:from="jppfs_cor_SubtotalOpeCF" xlink:to="jppfs_cor_NetIncreaseDecreaseInPayablesUnderSecuritiesLendingTransactionsOpeCFBNK" xlink:arcrole="http://www.xbrl.org/2003/arcrole/summation-item" order="22" weight="1" />
    <link:calculationArc xlink:type="arc" xlink:from="jppfs_cor_SubtotalOpeCF" xlink:to="jppfs_cor_NetDecreaseIncreaseInForeignExchangesAssetsOpeCFBNK" xlink:arcrole="http://www.xbrl.org/2003/arcrole/summation-item" order="23" weight="1" />
    <link:calculationArc xlink:type="arc" xlink:from="jppfs_cor_SubtotalOpeCF" xlink:to="jppfs_cor_NetIncreaseDecreaseInForeignExchangesLiabilitiesOpeCFBNK" xlink:arcrole="http://www.xbrl.org/2003/arcrole/summation-item" order="24" weight="1" />
    <link:calculationArc xlink:type="arc" xlink:from="jppfs_cor_SubtotalOpeCF" xlink:to="jppfs_cor_NetDecreaseIncreaseInLeaseReceivablesAndInvestmentAssetsOpeCFBNK" xlink:arcrole="http://www.xbrl.org/2003/arcrole/summation-item" order="25" weight="1" />
    <link:calculationArc xlink:type="arc" xlink:from="jppfs_cor_SubtotalOpeCF" xlink:to="jppfs_cor_ProceedsFromFundManagementOpeCFBNK" xlink:arcrole="http://www.xbrl.org/2003/arcrole/summation-item" order="26" weight="1" />
    <link:calculationArc xlink:type="arc" xlink:from="jppfs_cor_SubtotalOpeCF" xlink:to="jppfs_cor_PaymentsForFinanceOpeCFBNK" xlink:arcrole="http://www.xbrl.org/2003/arcrole/summation-item" order="27" weight="1" />
    <link:calculationArc xlink:type="arc" xlink:from="jppfs_cor_SubtotalOpeCF" xlink:to="jppfs_cor_NetIncreaseDecreaseInBorrowedMoneyFromTrustAccountOpeCFBNK" xlink:arcrole="http://www.xbrl.org/2003/arcrole/summation-item" order="28" weight="1" />
    <link:calculationArc xlink:type="arc" xlink:from="jppfs_cor_SubtotalOpeCF" xlink:to="jppfs_cor_OtherNetOpeCF" xlink:arcrole="http://www.xbrl.org/2003/arcrole/summation-item" order="29" weight="1" />
  </link:calculationLink>
  <link:calculationLink xlink:type="extended" xlink:role="http://disclosure.edinet-fsa.go.jp/role/jppfs/rol_SemiAnnualBalanceSheet">
    <link:loc xlink:type="locator" xlink:href="http://disclosure.edinet-fsa.go.jp/taxonomy/jppfs/2019-02-28/jppfs_cor_2019-02-28.xsd#jppfs_cor_AcceptancesAndGuaranteesLiabilitiesBNK" xlink:label="jppfs_cor_AcceptancesAndGuaranteesLiabilitiesBNK" />
    <link:loc xlink:type="locator" xlink:href="http://disclosure.edinet-fsa.go.jp/taxonomy/jppfs/2019-02-28/jppfs_cor_2019-02-28.xsd#jppfs_cor_AllowanceForLoanLossesAssetsBNK" xlink:label="jppfs_cor_AllowanceForLoanLossesAssetsBNK" />
    <link:loc xlink:type="locator" xlink:href="http://disclosure.edinet-fsa.go.jp/taxonomy/jppfs/2019-02-28/jppfs_cor_2019-02-28.xsd#jppfs_cor_AssetRetirementObligationsLiabilities" xlink:label="jppfs_cor_AssetRetirementObligationsLiabilities" />
    <link:loc xlink:type="locator" xlink:href="http://disclosure.edinet-fsa.go.jp/taxonomy/jppfs/2019-02-28/jppfs_cor_2019-02-28.xsd#jppfs_cor_Assets" xlink:label="jppfs_cor_Assets" />
    <link:loc xlink:type="locator" xlink:href="http://disclosure.edinet-fsa.go.jp/taxonomy/jppfs/2019-02-28/jppfs_cor_2019-02-28.xsd#jppfs_cor_BorrowedMoneyFromTrustAccountLiabilitiesBNK" xlink:label="jppfs_cor_BorrowedMoneyFromTrustAccountLiabilitiesBNK" />
    <link:loc xlink:type="locator" xlink:href="http://disclosure.edinet-fsa.go.jp/taxonomy/jppfs/2019-02-28/jppfs_cor_2019-02-28.xsd#jppfs_cor_BorrowedMoneyLiabilitiesBNK" xlink:label="jppfs_cor_BorrowedMoneyLiabilitiesBNK" />
    <link:loc xlink:type="locator" xlink:href="http://disclosure.edinet-fsa.go.jp/taxonomy/jppfs/2019-02-28/jppfs_cor_2019-02-28.xsd#jppfs_cor_CallLoansAssetsBNK" xlink:label="jppfs_cor_CallLoansAssetsBNK" />
    <link:loc xlink:type="locator" xlink:href="http://disclosure.edinet-fsa.go.jp/taxonomy/jppfs/2019-02-28/jppfs_cor_2019-02-28.xsd#jppfs_cor_CallMoneyLiabilitiesBNK" xlink:label="jppfs_cor_CallMoneyLiabilitiesBNK" />
    <link:loc xlink:type="locator" xlink:href="http://disclosure.edinet-fsa.go.jp/taxonomy/jppfs/2019-02-28/jppfs_cor_2019-02-28.xsd#jppfs_cor_CapitalStock" xlink:label="jppfs_cor_CapitalStock" />
    <link:loc xlink:type="locator" xlink:href="http://disclosure.edinet-fsa.go.jp/taxonomy/jppfs/2019-02-28/jppfs_cor_2019-02-28.xsd#jppfs_cor_CapitalSurplus" xlink:label="jppfs_cor_CapitalSurplus" />
    <link:loc xlink:type="locator" xlink:href="http://disclosure.edinet-fsa.go.jp/taxonomy/jppfs/2019-02-28/jppfs_cor_2019-02-28.xsd#jppfs_cor_CashAndDueFromBanksAssetsBNK" xlink:label="jppfs_cor_CashAndDueFromBanksAssetsBNK" />
    <link:loc xlink:type="locator" xlink:href="http://disclosure.edinet-fsa.go.jp/taxonomy/jppfs/2019-02-28/jppfs_cor_2019-02-28.xsd#jppfs_cor_CustomersLiabilitiesForAcceptancesAndGuaranteesAssetsBNK" xlink:label="jppfs_cor_CustomersLiabilitiesForAcceptancesAndGuaranteesAssetsBNK" />
    <link:loc xlink:type="locator" xlink:href="http://disclosure.edinet-fsa.go.jp/taxonomy/jppfs/2019-02-28/jppfs_cor_2019-02-28.xsd#jppfs_cor_DeferredGainsOrLossesOnHedges" xlink:label="jppfs_cor_DeferredGainsOrLossesOnHedges" />
    <link:loc xlink:type="locator" xlink:href="http://disclosure.edinet-fsa.go.jp/taxonomy/jppfs/2019-02-28/jppfs_cor_2019-02-28.xsd#jppfs_cor_DeferredTaxAssetsForLandRevaluation" xlink:label="jppfs_cor_DeferredTaxAssetsForLandRevaluation" />
    <link:loc xlink:type="locator" xlink:href="http://disclosure.edinet-fsa.go.jp/taxonomy/jppfs/2019-02-28/jppfs_cor_2019-02-28.xsd#jppfs_cor_DeferredTaxLiabilities" xlink:label="jppfs_cor_DeferredTaxLiabilities" />
    <link:loc xlink:type="locator" xlink:href="http://disclosure.edinet-fsa.go.jp/taxonomy/jppfs/2019-02-28/jppfs_cor_2019-02-28.xsd#jppfs_cor_DepositsLiabilitiesBNK" xlink:label="jppfs_cor_DepositsLiabilitiesBNK" />
    <link:loc xlink:type="locator" xlink:href="http://disclosure.edinet-fsa.go.jp/taxonomy/jppfs/2019-02-28/jppfs_cor_2019-02-28.xsd#jppfs_cor_ForeignExchangesAssetsBNK" xlink:label="jppfs_cor_ForeignExchangesAssetsBNK" />
    <link:loc xlink:type="locator" xlink:href="http://disclosure.edinet-fsa.go.jp/taxonomy/jppfs/2019-02-28/jppfs_cor_2019-02-28.xsd#jppfs_cor_ForeignExchangesLiabilitiesBNK" xlink:label="jppfs_cor_ForeignExchangesLiabilitiesBNK" />
    <link:loc xlink:type="locator" xlink:href="http://disclosure.edinet-fsa.go.jp/taxonomy/jppfs/2019-02-28/jppfs_cor_2019-02-28.xsd#jppfs_cor_GeneralReserve" xlink:label="jppfs_cor_GeneralReserve" />
    <link:loc xlink:type="locator" xlink:href="http://disclosure.edinet-fsa.go.jp/taxonomy/jppfs/2019-02-28/jppfs_cor_2019-02-28.xsd#jppfs_cor_IncomeTaxesPayable" xlink:label="jppfs_cor_IncomeTaxesPayable" />
    <link:loc xlink:type="locator" xlink:href="http://disclosure.edinet-fsa.go.jp/taxonomy/jppfs/2019-02-28/jppfs_cor_2019-02-28.xsd#jppfs_cor_IntangibleAssets" xlink:label="jppfs_cor_IntangibleAssets" />
    <link:loc xlink:type="locator" xlink:href="http://disclosure.edinet-fsa.go.jp/taxonomy/jppfs/2019-02-28/jppfs_cor_2019-02-28.xsd#jppfs_cor_LeaseObligationsLiabilities" xlink:label="jppfs_cor_LeaseObligationsLiabilities" />
    <link:loc xlink:type="locator" xlink:href="http://disclosure.edinet-fsa.go.jp/taxonomy/jppfs/2019-02-28/jppfs_cor_2019-02-28.xsd#jppfs_cor_LegalCapitalSurplus" xlink:label="jppfs_cor_LegalCapitalSurplus" />
    <link:loc xlink:type="locator" xlink:href="http://disclosure.edinet-fsa.go.jp/taxonomy/jppfs/2019-02-28/jppfs_cor_2019-02-28.xsd#jppfs_cor_LegalRetainedEarnings" xlink:label="jppfs_cor_LegalRetainedEarnings" />
    <link:loc xlink:type="locator" xlink:href="http://disclosure.edinet-fsa.go.jp/taxonomy/jppfs/2019-02-28/jppfs_cor_2019-02-28.xsd#jppfs_cor_Liabilities" xlink:label="jppfs_cor_Liabilities" />
    <link:loc xlink:type="locator" xlink:href="http://disclosure.edinet-fsa.go.jp/taxonomy/jppfs/2019-02-28/jppfs_cor_2019-02-28.xsd#jppfs_cor_LiabilitiesAndNetAssets" xlink:label="jppfs_cor_LiabilitiesAndNetAssets" />
    <link:loc xlink:type="locator" xlink:href="http://disclosure.edinet-fsa.go.jp/taxonomy/jppfs/2019-02-28/jppfs_cor_2019-02-28.xsd#jppfs_cor_LoansAndBillsDiscountedAssetsBNK" xlink:label="jppfs_cor_LoansAndBillsDiscountedAssetsBNK" />
    <link:loc xlink:type="locator" xlink:href="http://disclosure.edinet-fsa.go.jp/taxonomy/jppfs/2019-02-28/jppfs_cor_2019-02-28.xsd#jppfs_cor_MonetaryClaimsBoughtAssetsBNK" xlink:label="jppfs_cor_MonetaryClaimsBoughtAssetsBNK" />
    <link:loc xlink:type="locator" xlink:href="http://disclosure.edinet-fsa.go.jp/taxonomy/jppfs/2019-02-28/jppfs_cor_2019-02-28.xsd#jppfs_cor_MoneyHeldInTrustAssetsBNK" xlink:label="jppfs_cor_MoneyHeldInTrustAssetsBNK" />
    <link:loc xlink:type="locator" xlink:href="http://disclosure.edinet-fsa.go.jp/taxonomy/jppfs/2019-02-28/jppfs_cor_2019-02-28.xsd#jppfs_cor_NegotiableCertificatesOfDepositLiabilitiesBNK" xlink:label="jppfs_cor_NegotiableCertificatesOfDepositLiabilitiesBNK" />
    <link:loc xlink:type="locator" xlink:href="http://disclosure.edinet-fsa.go.jp/taxonomy/jppfs/2019-02-28/jppfs_cor_2019-02-28.xsd#jppfs_cor_NetAssets" xlink:label="jppfs_cor_NetAssets" />
    <link:loc xlink:type="locator" xlink:href="http://disclosure.edinet-fsa.go.jp/taxonomy/jppfs/2019-02-28/jppfs_cor_2019-02-28.xsd#jppfs_cor_OtherAssetsAssetsBNK" xlink:label="jppfs_cor_OtherAssetsAssetsBNK" />
    <link:loc xlink:type="locator" xlink:href="http://disclosure.edinet-fsa.go.jp/taxonomy/jppfs/2019-02-28/jppfs_cor_2019-02-28.xsd#jppfs_cor_OtherCapitalSurplus" xlink:label="jppfs_cor_OtherCapitalSurplus" />
    <link:loc xlink:type="locator" xlink:href="http://disclosure.edinet-fsa.go.jp/taxonomy/jppfs/2019-02-28/jppfs_cor_2019-02-28.xsd#jppfs_cor_OtherLiabilitiesLiabilitiesBNK" xlink:label="jppfs_cor_OtherLiabilitiesLiabilitiesBNK" />
    <link:loc xlink:type="locator" xlink:href="http://disclosure.edinet-fsa.go.jp/taxonomy/jppfs/2019-02-28/jppfs_cor_2019-02-28.xsd#jppfs_cor_OtherOtherAssetsAssetsBNK" xlink:label="jppfs_cor_OtherOtherAssetsAssetsBNK" />
    <link:loc xlink:type="locator" xlink:href="http://disclosure.edinet-fsa.go.jp/taxonomy/jppfs/2019-02-28/jppfs_cor_2019-02-28.xsd#jppfs_cor_OtherOtherLiabilitiesLiabilitiesBNK" xlink:label="jppfs_cor_OtherOtherLiabilitiesLiabilitiesBNK" />
    <link:loc xlink:type="locator" xlink:href="http://disclosure.edinet-fsa.go.jp/taxonomy/jppfs/2019-02-28/jppfs_cor_2019-02-28.xsd#jppfs_cor_OtherRetainedEarnings" xlink:label="jppfs_cor_OtherRetainedEarnings" />
    <link:loc xlink:type="locator" xlink:href="http://disclosure.edinet-fsa.go.jp/taxonomy/jppfs/2019-02-28/jppfs_cor_2019-02-28.xsd#jppfs_cor_PayablesUnderSecuritiesLendingTransactionsLiabilitiesBNK" xlink:label="jppfs_cor_PayablesUnderSecuritiesLendingTransactionsLiabilitiesBNK" />
    <link:loc xlink:type="locator" xlink:href="http://disclosure.edinet-fsa.go.jp/taxonomy/jppfs/2019-02-28/jppfs_cor_2019-02-28.xsd#jppfs_cor_PropertyPlantAndEquipment" xlink:label="jppfs_cor_PropertyPlantAndEquipment" />
    <link:loc xlink:type="locator" xlink:href="http://disclosure.edinet-fsa.go.jp/taxonomy/jppfs/2019-02-28/jppfs_cor_2019-02-28.xsd#jppfs_cor_ProvisionForContingentLossLiabilitiesBNK" xlink:label="jppfs_cor_ProvisionForContingentLossLiabilitiesBNK" />
    <link:loc xlink:type="locator" xlink:href="http://disclosure.edinet-fsa.go.jp/taxonomy/jppfs/2019-02-28/jppfs_cor_2019-02-28.xsd#jppfs_cor_ProvisionForReimbursementOfDepositsLiabilitiesBNK" xlink:label="jppfs_cor_ProvisionForReimbursementOfDepositsLiabilitiesBNK" />
    <link:loc xlink:type="locator" xlink:href="http://disclosure.edinet-fsa.go.jp/taxonomy/jppfs/2019-02-28/jppfs_cor_2019-02-28.xsd#jppfs_cor_ProvisionForRetirementBenefits" xlink:label="jppfs_cor_ProvisionForRetirementBenefits" />
    <link:loc xlink:type="locator" xlink:href="http://disclosure.edinet-fsa.go.jp/taxonomy/jppfs/2019-02-28/jppfs_cor_2019-02-28.xsd#jppfs_cor_RetainedEarnings" xlink:label="jppfs_cor_RetainedEarnings" />
    <link:loc xlink:type="locator" xlink:href="http://disclosure.edinet-fsa.go.jp/taxonomy/jppfs/2019-02-28/jppfs_cor_2019-02-28.xsd#jppfs_cor_RetainedEarningsBroughtForward" xlink:label="jppfs_cor_RetainedEarningsBroughtForward" />
    <link:loc xlink:type="locator" xlink:href="http://disclosure.edinet-fsa.go.jp/taxonomy/jppfs/2019-02-28/jppfs_cor_2019-02-28.xsd#jppfs_cor_RevaluationReserveForLand" xlink:label="jppfs_cor_RevaluationReserveForLand" />
    <link:loc xlink:type="locator" xlink:href="http://disclosure.edinet-fsa.go.jp/taxonomy/jppfs/2019-02-28/jppfs_cor_2019-02-28.xsd#jppfs_cor_SecuritiesAssetsBNK" xlink:label="jppfs_cor_SecuritiesAssetsBNK" />
    <link:loc xlink:type="locator" xlink:href="http://disclosure.edinet-fsa.go.jp/taxonomy/jppfs/2019-02-28/jppfs_cor_2019-02-28.xsd#jppfs_cor_ShareholdersEquity" xlink:label="jppfs_cor_ShareholdersEquity" />
    <link:loc xlink:type="locator" xlink:href="http://disclosure.edinet-fsa.go.jp/taxonomy/jppfs/2019-02-28/jppfs_cor_2019-02-28.xsd#jppfs_cor_SubscriptionRightsToShares" xlink:label="jppfs_cor_SubscriptionRightsToShares" />
    <link:loc xlink:type="locator" xlink:href="http://disclosure.edinet-fsa.go.jp/taxonomy/jppfs/2019-02-28/jppfs_cor_2019-02-28.xsd#jppfs_cor_TradingAccountSecuritiesAssetsBNK" xlink:label="jppfs_cor_TradingAccountSecuritiesAssetsBNK" />
    <link:loc xlink:type="locator" xlink:href="http://disclosure.edinet-fsa.go.jp/taxonomy/jppfs/2019-02-28/jppfs_cor_2019-02-28.xsd#jppfs_cor_TreasuryStock" xlink:label="jppfs_cor_TreasuryStock" />
    <link:loc xlink:type="locator" xlink:href="http://disclosure.edinet-fsa.go.jp/taxonomy/jppfs/2019-02-28/jppfs_cor_2019-02-28.xsd#jppfs_cor_ValuationAndTranslationAdjustments" xlink:label="jppfs_cor_ValuationAndTranslationAdjustments" />
    <link:loc xlink:type="locator" xlink:href="http://disclosure.edinet-fsa.go.jp/taxonomy/jppfs/2019-02-28/jppfs_cor_2019-02-28.xsd#jppfs_cor_ValuationDifferenceOnAvailableForSaleSecurities" xlink:label="jppfs_cor_ValuationDifferenceOnAvailableForSaleSecurities" />
    <link:calculationArc xlink:type="arc" xlink:from="jppfs_cor_Assets" xlink:to="jppfs_cor_CashAndDueFromBanksAssetsBNK" xlink:arcrole="http://www.xbrl.org/2003/arcrole/summation-item" order="1" weight="1" />
    <link:calculationArc xlink:type="arc" xlink:from="jppfs_cor_Assets" xlink:to="jppfs_cor_CallLoansAssetsBNK" xlink:arcrole="http://www.xbrl.org/2003/arcrole/summation-item" order="2" weight="1" />
    <link:calculationArc xlink:type="arc" xlink:from="jppfs_cor_Assets" xlink:to="jppfs_cor_MonetaryClaimsBoughtAssetsBNK" xlink:arcrole="http://www.xbrl.org/2003/arcrole/summation-item" order="3" weight="1" />
    <link:calculationArc xlink:type="arc" xlink:from="jppfs_cor_Assets" xlink:to="jppfs_cor_TradingAccountSecuritiesAssetsBNK" xlink:arcrole="http://www.xbrl.org/2003/arcrole/summation-item" order="4" weight="1" />
    <link:calculationArc xlink:type="arc" xlink:from="jppfs_cor_Assets" xlink:to="jppfs_cor_MoneyHeldInTrustAssetsBNK" xlink:arcrole="http://www.xbrl.org/2003/arcrole/summation-item" order="5" weight="1" />
    <link:calculationArc xlink:type="arc" xlink:from="jppfs_cor_Assets" xlink:to="jppfs_cor_SecuritiesAssetsBNK" xlink:arcrole="http://www.xbrl.org/2003/arcrole/summation-item" order="6" weight="1" />
    <link:calculationArc xlink:type="arc" xlink:from="jppfs_cor_Assets" xlink:to="jppfs_cor_LoansAndBillsDiscountedAssetsBNK" xlink:arcrole="http://www.xbrl.org/2003/arcrole/summation-item" order="7" weight="1" />
    <link:calculationArc xlink:type="arc" xlink:from="jppfs_cor_Assets" xlink:to="jppfs_cor_ForeignExchangesAssetsBNK" xlink:arcrole="http://www.xbrl.org/2003/arcrole/summation-item" order="8" weight="1" />
    <link:calculationArc xlink:type="arc" xlink:from="jppfs_cor_Assets" xlink:to="jppfs_cor_OtherAssetsAssetsBNK" xlink:arcrole="http://www.xbrl.org/2003/arcrole/summation-item" order="9" weight="1" />
    <link:calculationArc xlink:type="arc" xlink:from="jppfs_cor_Assets" xlink:to="jppfs_cor_PropertyPlantAndEquipment" xlink:arcrole="http://www.xbrl.org/2003/arcrole/summation-item" order="10" weight="1" />
    <link:calculationArc xlink:type="arc" xlink:from="jppfs_cor_Assets" xlink:to="jppfs_cor_IntangibleAssets" xlink:arcrole="http://www.xbrl.org/2003/arcrole/summation-item" order="11" weight="1" />
    <link:calculationArc xlink:type="arc" xlink:from="jppfs_cor_Assets" xlink:to="jppfs_cor_DeferredTaxAssetsForLandRevaluation" xlink:arcrole="http://www.xbrl.org/2003/arcrole/summation-item" order="12" weight="1" />
    <link:calculationArc xlink:type="arc" xlink:from="jppfs_cor_Assets" xlink:to="jppfs_cor_CustomersLiabilitiesForAcceptancesAndGuaranteesAssetsBNK" xlink:arcrole="http://www.xbrl.org/2003/arcrole/summation-item" order="13" weight="1" />
    <link:calculationArc xlink:type="arc" xlink:from="jppfs_cor_Assets" xlink:to="jppfs_cor_AllowanceForLoanLossesAssetsBNK" xlink:arcrole="http://www.xbrl.org/2003/arcrole/summation-item" order="14" weight="1" />
    <link:calculationArc xlink:type="arc" xlink:from="jppfs_cor_CapitalSurplus" xlink:to="jppfs_cor_LegalCapitalSurplus" xlink:arcrole="http://www.xbrl.org/2003/arcrole/summation-item" order="1" weight="1" />
    <link:calculationArc xlink:type="arc" xlink:from="jppfs_cor_CapitalSurplus" xlink:to="jppfs_cor_OtherCapitalSurplus" xlink:arcrole="http://www.xbrl.org/2003/arcrole/summation-item" order="2" weight="1" />
    <link:calculationArc xlink:type="arc" xlink:from="jppfs_cor_LiabilitiesAndNetAssets" xlink:to="jppfs_cor_Liabilities" xlink:arcrole="http://www.xbrl.org/2003/arcrole/summation-item" order="1" weight="1" />
    <link:calculationArc xlink:type="arc" xlink:from="jppfs_cor_Liabilities" xlink:to="jppfs_cor_DepositsLiabilitiesBNK" xlink:arcrole="http://www.xbrl.org/2003/arcrole/summation-item" order="1" weight="1" />
    <link:calculationArc xlink:type="arc" xlink:from="jppfs_cor_Liabilities" xlink:to="jppfs_cor_NegotiableCertificatesOfDepositLiabilitiesBNK" xlink:arcrole="http://www.xbrl.org/2003/arcrole/summation-item" order="2" weight="1" />
    <link:calculationArc xlink:type="arc" xlink:from="jppfs_cor_Liabilities" xlink:to="jppfs_cor_CallMoneyLiabilitiesBNK" xlink:arcrole="http://www.xbrl.org/2003/arcrole/summation-item" order="3" weight="1" />
    <link:calculationArc xlink:type="arc" xlink:from="jppfs_cor_Liabilities" xlink:to="jppfs_cor_PayablesUnderSecuritiesLendingTransactionsLiabilitiesBNK" xlink:arcrole="http://www.xbrl.org/2003/arcrole/summation-item" order="4" weight="1" />
    <link:calculationArc xlink:type="arc" xlink:from="jppfs_cor_Liabilities" xlink:to="jppfs_cor_BorrowedMoneyLiabilitiesBNK" xlink:arcrole="http://www.xbrl.org/2003/arcrole/summation-item" order="5" weight="1" />
    <link:calculationArc xlink:type="arc" xlink:from="jppfs_cor_Liabilities" xlink:to="jppfs_cor_ForeignExchangesLiabilitiesBNK" xlink:arcrole="http://www.xbrl.org/2003/arcrole/summation-item" order="6" weight="1" />
    <link:calculationArc xlink:type="arc" xlink:from="jppfs_cor_Liabilities" xlink:to="jppfs_cor_BorrowedMoneyFromTrustAccountLiabilitiesBNK" xlink:arcrole="http://www.xbrl.org/2003/arcrole/summation-item" order="7" weight="1" />
    <link:calculationArc xlink:type="arc" xlink:from="jppfs_cor_Liabilities" xlink:to="jppfs_cor_OtherLiabilitiesLiabilitiesBNK" xlink:arcrole="http://www.xbrl.org/2003/arcrole/summation-item" order="8" weight="1" />
    <link:calculationArc xlink:type="arc" xlink:from="jppfs_cor_Liabilities" xlink:to="jppfs_cor_ProvisionForRetirementBenefits" xlink:arcrole="http://www.xbrl.org/2003/arcrole/summation-item" order="9" weight="1" />
    <link:calculationArc xlink:type="arc" xlink:from="jppfs_cor_Liabilities" xlink:to="jppfs_cor_ProvisionForReimbursementOfDepositsLiabilitiesBNK" xlink:arcrole="http://www.xbrl.org/2003/arcrole/summation-item" order="10" weight="1" />
    <link:calculationArc xlink:type="arc" xlink:from="jppfs_cor_Liabilities" xlink:to="jppfs_cor_ProvisionForContingentLossLiabilitiesBNK" xlink:arcrole="http://www.xbrl.org/2003/arcrole/summation-item" order="11" weight="1" />
    <link:calculationArc xlink:type="arc" xlink:from="jppfs_cor_Liabilities" xlink:to="jppfs_cor_DeferredTaxLiabilities" xlink:arcrole="http://www.xbrl.org/2003/arcrole/summation-item" order="12" weight="1" />
    <link:calculationArc xlink:type="arc" xlink:from="jppfs_cor_Liabilities" xlink:to="jppfs_cor_AcceptancesAndGuaranteesLiabilitiesBNK" xlink:arcrole="http://www.xbrl.org/2003/arcrole/summation-item" order="13" weight="1" />
    <link:calculationArc xlink:type="arc" xlink:from="jppfs_cor_LiabilitiesAndNetAssets" xlink:to="jppfs_cor_NetAssets" xlink:arcrole="http://www.xbrl.org/2003/arcrole/summation-item" order="2" weight="1" />
    <link:calculationArc xlink:type="arc" xlink:from="jppfs_cor_NetAssets" xlink:to="jppfs_cor_ShareholdersEquity" xlink:arcrole="http://www.xbrl.org/2003/arcrole/summation-item" order="1" weight="1" />
    <link:calculationArc xlink:type="arc" xlink:from="jppfs_cor_NetAssets" xlink:to="jppfs_cor_ValuationAndTranslationAdjustments" xlink:arcrole="http://www.xbrl.org/2003/arcrole/summation-item" order="2" weight="1" />
    <link:calculationArc xlink:type="arc" xlink:from="jppfs_cor_NetAssets" xlink:to="jppfs_cor_SubscriptionRightsToShares" xlink:arcrole="http://www.xbrl.org/2003/arcrole/summation-item" order="3" weight="1" />
    <link:calculationArc xlink:type="arc" xlink:from="jppfs_cor_OtherAssetsAssetsBNK" xlink:to="jppfs_cor_OtherOtherAssetsAssetsBNK" xlink:arcrole="http://www.xbrl.org/2003/arcrole/summation-item" order="1" weight="1" />
    <link:calculationArc xlink:type="arc" xlink:from="jppfs_cor_OtherLiabilitiesLiabilitiesBNK" xlink:to="jppfs_cor_IncomeTaxesPayable" xlink:arcrole="http://www.xbrl.org/2003/arcrole/summation-item" order="1" weight="1" />
    <link:calculationArc xlink:type="arc" xlink:from="jppfs_cor_OtherLiabilitiesLiabilitiesBNK" xlink:to="jppfs_cor_LeaseObligationsLiabilities" xlink:arcrole="http://www.xbrl.org/2003/arcrole/summation-item" order="2" weight="1" />
    <link:calculationArc xlink:type="arc" xlink:from="jppfs_cor_OtherLiabilitiesLiabilitiesBNK" xlink:to="jppfs_cor_AssetRetirementObligationsLiabilities" xlink:arcrole="http://www.xbrl.org/2003/arcrole/summation-item" order="3" weight="1" />
    <link:calculationArc xlink:type="arc" xlink:from="jppfs_cor_OtherLiabilitiesLiabilitiesBNK" xlink:to="jppfs_cor_OtherOtherLiabilitiesLiabilitiesBNK" xlink:arcrole="http://www.xbrl.org/2003/arcrole/summation-item" order="4" weight="1" />
    <link:calculationArc xlink:type="arc" xlink:from="jppfs_cor_RetainedEarnings" xlink:to="jppfs_cor_LegalRetainedEarnings" xlink:arcrole="http://www.xbrl.org/2003/arcrole/summation-item" order="1" weight="1" />
    <link:calculationArc xlink:type="arc" xlink:from="jppfs_cor_RetainedEarnings" xlink:to="jppfs_cor_OtherRetainedEarnings" xlink:arcrole="http://www.xbrl.org/2003/arcrole/summation-item" order="2" weight="1" />
    <link:calculationArc xlink:type="arc" xlink:from="jppfs_cor_OtherRetainedEarnings" xlink:to="jppfs_cor_GeneralReserve" xlink:arcrole="http://www.xbrl.org/2003/arcrole/summation-item" order="1" weight="1" />
    <link:calculationArc xlink:type="arc" xlink:from="jppfs_cor_OtherRetainedEarnings" xlink:to="jppfs_cor_RetainedEarningsBroughtForward" xlink:arcrole="http://www.xbrl.org/2003/arcrole/summation-item" order="2" weight="1" />
    <link:calculationArc xlink:type="arc" xlink:from="jppfs_cor_ShareholdersEquity" xlink:to="jppfs_cor_CapitalStock" xlink:arcrole="http://www.xbrl.org/2003/arcrole/summation-item" order="1" weight="1" />
    <link:calculationArc xlink:type="arc" xlink:from="jppfs_cor_ShareholdersEquity" xlink:to="jppfs_cor_CapitalSurplus" xlink:arcrole="http://www.xbrl.org/2003/arcrole/summation-item" order="2" weight="1" />
    <link:calculationArc xlink:type="arc" xlink:from="jppfs_cor_ShareholdersEquity" xlink:to="jppfs_cor_RetainedEarnings" xlink:arcrole="http://www.xbrl.org/2003/arcrole/summation-item" order="3" weight="1" />
    <link:calculationArc xlink:type="arc" xlink:from="jppfs_cor_ShareholdersEquity" xlink:to="jppfs_cor_TreasuryStock" xlink:arcrole="http://www.xbrl.org/2003/arcrole/summation-item" order="4" weight="1" />
    <link:calculationArc xlink:type="arc" xlink:from="jppfs_cor_ValuationAndTranslationAdjustments" xlink:to="jppfs_cor_ValuationDifferenceOnAvailableForSaleSecurities" xlink:arcrole="http://www.xbrl.org/2003/arcrole/summation-item" order="1" weight="1" />
    <link:calculationArc xlink:type="arc" xlink:from="jppfs_cor_ValuationAndTranslationAdjustments" xlink:to="jppfs_cor_DeferredGainsOrLossesOnHedges" xlink:arcrole="http://www.xbrl.org/2003/arcrole/summation-item" order="2" weight="1" />
    <link:calculationArc xlink:type="arc" xlink:from="jppfs_cor_ValuationAndTranslationAdjustments" xlink:to="jppfs_cor_RevaluationReserveForLand" xlink:arcrole="http://www.xbrl.org/2003/arcrole/summation-item" order="3" weight="1" />
  </link:calculationLink>
  <link:calculationLink xlink:type="extended" xlink:role="http://disclosure.edinet-fsa.go.jp/role/jppfs/rol_SemiAnnualStatementOfIncome">
    <link:loc xlink:type="locator" xlink:href="http://disclosure.edinet-fsa.go.jp/taxonomy/jppfs/2019-02-28/jppfs_cor_2019-02-28.xsd#jppfs_cor_ExtraordinaryIncome" xlink:label="jppfs_cor_ExtraordinaryIncome" />
    <link:loc xlink:type="locator" xlink:href="http://disclosure.edinet-fsa.go.jp/taxonomy/jppfs/2019-02-28/jppfs_cor_2019-02-28.xsd#jppfs_cor_ExtraordinaryLoss" xlink:label="jppfs_cor_ExtraordinaryLoss" />
    <link:loc xlink:type="locator" xlink:href="http://disclosure.edinet-fsa.go.jp/taxonomy/jppfs/2019-02-28/jppfs_cor_2019-02-28.xsd#jppfs_cor_FeesAndCommissionsOIBNK" xlink:label="jppfs_cor_FeesAndCommissionsOIBNK" />
    <link:loc xlink:type="locator" xlink:href="http://disclosure.edinet-fsa.go.jp/taxonomy/jppfs/2019-02-28/jppfs_cor_2019-02-28.xsd#jppfs_cor_FeesAndCommissionsPaymentsOEBNK" xlink:label="jppfs_cor_FeesAndCommissionsPaymentsOEBNK" />
    <link:loc xlink:type="locator" xlink:href="http://disclosure.edinet-fsa.go.jp/taxonomy/jppfs/2019-02-28/jppfs_cor_2019-02-28.xsd#jppfs_cor_GeneralAndAdministrativeExpensesOEBNK" xlink:label="jppfs_cor_GeneralAndAdministrativeExpensesOEBNK" />
    <link:loc xlink:type="locator" xlink:href="http://disclosure.edinet-fsa.go.jp/taxonomy/jppfs/2019-02-28/jppfs_cor_2019-02-28.xsd#jppfs_cor_IncomeBeforeIncomeTaxes" xlink:label="jppfs_cor_IncomeBeforeIncomeTaxes" />
    <link:loc xlink:type="locator" xlink:href="http://disclosure.edinet-fsa.go.jp/taxonomy/jppfs/2019-02-28/jppfs_cor_2019-02-28.xsd#jppfs_cor_IncomeTaxes" xlink:label="jppfs_cor_IncomeTaxes" />
    <link:loc xlink:type="locator" xlink:href="http://disclosure.edinet-fsa.go.jp/taxonomy/jppfs/2019-02-28/jppfs_cor_2019-02-28.xsd#jppfs_cor_IncomeTaxesCurrent" xlink:label="jppfs_cor_IncomeTaxesCurrent" />
    <link:loc xlink:type="locator" xlink:href="http://disclosure.edinet-fsa.go.jp/taxonomy/jppfs/2019-02-28/jppfs_cor_2019-02-28.xsd#jppfs_cor_IncomeTaxesDeferred" xlink:label="jppfs_cor_IncomeTaxesDeferred" />
    <link:loc xlink:type="locator" xlink:href="http://disclosure.edinet-fsa.go.jp/taxonomy/jppfs/2019-02-28/jppfs_cor_2019-02-28.xsd#jppfs_cor_InterestExpensesOEBNK" xlink:label="jppfs_cor_InterestExpensesOEBNK" />
    <link:loc xlink:type="locator" xlink:href="http://disclosure.edinet-fsa.go.jp/taxonomy/jppfs/2019-02-28/jppfs_cor_2019-02-28.xsd#jppfs_cor_InterestIncomeOIBNK" xlink:label="jppfs_cor_InterestIncomeOIBNK" />
    <link:loc xlink:type="locator" xlink:href="http://disclosure.edinet-fsa.go.jp/taxonomy/jppfs/2019-02-28/jppfs_cor_2019-02-28.xsd#jppfs_cor_OrdinaryExpensesBNK" xlink:label="jppfs_cor_OrdinaryExpensesBNK" />
    <link:loc xlink:type="locator" xlink:href="http://disclosure.edinet-fsa.go.jp/taxonomy/jppfs/2019-02-28/jppfs_cor_2019-02-28.xsd#jppfs_cor_OrdinaryIncome" xlink:label="jppfs_cor_OrdinaryIncome" />
    <link:loc xlink:type="locator" xlink:href="http://disclosure.edinet-fsa.go.jp/taxonomy/jppfs/2019-02-28/jppfs_cor_2019-02-28.xsd#jppfs_cor_OrdinaryIncomeBNK" xlink:label="jppfs_cor_OrdinaryIncomeBNK" />
    <link:loc xlink:type="locator" xlink:href="http://disclosure.edinet-fsa.go.jp/taxonomy/jppfs/2019-02-28/jppfs_cor_2019-02-28.xsd#jppfs_cor_OtherExpensesOEBNK" xlink:label="jppfs_cor_OtherExpensesOEBNK" />
    <link:loc xlink:type="locator" xlink:href="http://disclosure.edinet-fsa.go.jp/taxonomy/jppfs/2019-02-28/jppfs_cor_2019-02-28.xsd#jppfs_cor_OtherIncomeOIBNK" xlink:label="jppfs_cor_OtherIncomeOIBNK" />
    <link:loc xlink:type="locator" xlink:href="http://disclosure.edinet-fsa.go.jp/taxonomy/jppfs/2019-02-28/jppfs_cor_2019-02-28.xsd#jppfs_cor_OtherOrdinaryExpensesOEBNK" xlink:label="jppfs_cor_OtherOrdinaryExpensesOEBNK" />
    <link:loc xlink:type="locator" xlink:href="http://disclosure.edinet-fsa.go.jp/taxonomy/jppfs/2019-02-28/jppfs_cor_2019-02-28.xsd#jppfs_cor_OtherOrdinaryIncomeOIBNK" xlink:label="jppfs_cor_OtherOrdinaryIncomeOIBNK" />
    <link:loc xlink:type="locator" xlink:href="http://disclosure.edinet-fsa.go.jp/taxonomy/jppfs/2019-02-28/jppfs_cor_2019-02-28.xsd#jppfs_cor_ProfitLoss" xlink:label="jppfs_cor_ProfitLoss" />
    <link:loc xlink:type="locator" xlink:href="http://disclosure.edinet-fsa.go.jp/taxonomy/jppfs/2019-02-28/jppfs_cor_2019-02-28.xsd#jppfs_cor_TrustFeesBNK" xlink:label="jppfs_cor_TrustFeesBNK" />
    <link:calculationArc xlink:type="arc" xlink:from="jppfs_cor_IncomeBeforeIncomeTaxes" xlink:to="jppfs_cor_OrdinaryIncome" xlink:arcrole="http://www.xbrl.org/2003/arcrole/summation-item" order="1" weight="1" />
    <link:calculationArc xlink:type="arc" xlink:from="jppfs_cor_IncomeBeforeIncomeTaxes" xlink:to="jppfs_cor_ExtraordinaryIncome" xlink:arcrole="http://www.xbrl.org/2003/arcrole/summation-item" order="2" weight="1" />
    <link:calculationArc xlink:type="arc" xlink:from="jppfs_cor_IncomeBeforeIncomeTaxes" xlink:to="jppfs_cor_ExtraordinaryLoss" xlink:arcrole="http://www.xbrl.org/2003/arcrole/summation-item" order="3" weight="-1" />
    <link:calculationArc xlink:type="arc" xlink:from="jppfs_cor_IncomeTaxes" xlink:to="jppfs_cor_IncomeTaxesCurrent" xlink:arcrole="http://www.xbrl.org/2003/arcrole/summation-item" order="1" weight="1" />
    <link:calculationArc xlink:type="arc" xlink:from="jppfs_cor_IncomeTaxes" xlink:to="jppfs_cor_IncomeTaxesDeferred" xlink:arcrole="http://www.xbrl.org/2003/arcrole/summation-item" order="2" weight="1" />
    <link:calculationArc xlink:type="arc" xlink:from="jppfs_cor_OrdinaryIncome" xlink:to="jppfs_cor_OrdinaryExpensesBNK" xlink:arcrole="http://www.xbrl.org/2003/arcrole/summation-item" order="2" weight="-1" />
    <link:calculationArc xlink:type="arc" xlink:from="jppfs_cor_OrdinaryExpensesBNK" xlink:to="jppfs_cor_InterestExpensesOEBNK" xlink:arcrole="http://www.xbrl.org/2003/arcrole/summation-item" order="1" weight="1" />
    <link:calculationArc xlink:type="arc" xlink:from="jppfs_cor_OrdinaryExpensesBNK" xlink:to="jppfs_cor_FeesAndCommissionsPaymentsOEBNK" xlink:arcrole="http://www.xbrl.org/2003/arcrole/summation-item" order="2" weight="1" />
    <link:calculationArc xlink:type="arc" xlink:from="jppfs_cor_OrdinaryExpensesBNK" xlink:to="jppfs_cor_OtherOrdinaryExpensesOEBNK" xlink:arcrole="http://www.xbrl.org/2003/arcrole/summation-item" order="3" weight="1" />
    <link:calculationArc xlink:type="arc" xlink:from="jppfs_cor_OrdinaryExpensesBNK" xlink:to="jppfs_cor_GeneralAndAdministrativeExpensesOEBNK" xlink:arcrole="http://www.xbrl.org/2003/arcrole/summation-item" order="4" weight="1" />
    <link:calculationArc xlink:type="arc" xlink:from="jppfs_cor_OrdinaryExpensesBNK" xlink:to="jppfs_cor_OtherExpensesOEBNK" xlink:arcrole="http://www.xbrl.org/2003/arcrole/summation-item" order="5" weight="1" />
    <link:calculationArc xlink:type="arc" xlink:from="jppfs_cor_OrdinaryIncome" xlink:to="jppfs_cor_OrdinaryIncomeBNK" xlink:arcrole="http://www.xbrl.org/2003/arcrole/summation-item" order="1" weight="1" />
    <link:calculationArc xlink:type="arc" xlink:from="jppfs_cor_OrdinaryIncomeBNK" xlink:to="jppfs_cor_InterestIncomeOIBNK" xlink:arcrole="http://www.xbrl.org/2003/arcrole/summation-item" order="1" weight="1" />
    <link:calculationArc xlink:type="arc" xlink:from="jppfs_cor_OrdinaryIncomeBNK" xlink:to="jppfs_cor_TrustFeesBNK" xlink:arcrole="http://www.xbrl.org/2003/arcrole/summation-item" order="2" weight="1" />
    <link:calculationArc xlink:type="arc" xlink:from="jppfs_cor_OrdinaryIncomeBNK" xlink:to="jppfs_cor_FeesAndCommissionsOIBNK" xlink:arcrole="http://www.xbrl.org/2003/arcrole/summation-item" order="3" weight="1" />
    <link:calculationArc xlink:type="arc" xlink:from="jppfs_cor_OrdinaryIncomeBNK" xlink:to="jppfs_cor_OtherOrdinaryIncomeOIBNK" xlink:arcrole="http://www.xbrl.org/2003/arcrole/summation-item" order="4" weight="1" />
    <link:calculationArc xlink:type="arc" xlink:from="jppfs_cor_OrdinaryIncomeBNK" xlink:to="jppfs_cor_OtherIncomeOIBNK" xlink:arcrole="http://www.xbrl.org/2003/arcrole/summation-item" order="5" weight="1" />
    <link:calculationArc xlink:type="arc" xlink:from="jppfs_cor_ProfitLoss" xlink:to="jppfs_cor_IncomeBeforeIncomeTaxes" xlink:arcrole="http://www.xbrl.org/2003/arcrole/summation-item" order="1" weight="1" />
    <link:calculationArc xlink:type="arc" xlink:from="jppfs_cor_ProfitLoss" xlink:to="jppfs_cor_IncomeTaxes" xlink:arcrole="http://www.xbrl.org/2003/arcrole/summation-item" order="2" weight="-1" />
  </link:calculationLink>
  <link:calculationLink xlink:type="extended" xlink:role="http://disclosure.edinet-fsa.go.jp/role/jppfs/rol_SemiAnnualStatementOfChangesInEquity">
    <link:loc xlink:type="locator" xlink:href="http://disclosure.edinet-fsa.go.jp/taxonomy/jppfs/2019-02-28/jppfs_cor_2019-02-28.xsd#jppfs_cor_DisposalOfTreasuryStock" xlink:label="jppfs_cor_DisposalOfTreasuryStock" />
    <link:loc xlink:type="locator" xlink:href="http://disclosure.edinet-fsa.go.jp/taxonomy/jppfs/2019-02-28/jppfs_cor_2019-02-28.xsd#jppfs_cor_DividendsFromSurplus" xlink:label="jppfs_cor_DividendsFromSurplus" />
    <link:loc xlink:type="locator" xlink:href="http://disclosure.edinet-fsa.go.jp/taxonomy/jppfs/2019-02-28/jppfs_cor_2019-02-28.xsd#jppfs_cor_NetChangesOfItemsOtherThanShareholdersEquity" xlink:label="jppfs_cor_NetChangesOfItemsOtherThanShareholdersEquity" />
    <link:loc xlink:type="locator" xlink:href="http://disclosure.edinet-fsa.go.jp/taxonomy/jppfs/2019-02-28/jppfs_cor_2019-02-28.xsd#jppfs_cor_ProfitLoss" xlink:label="jppfs_cor_ProfitLoss" />
    <link:loc xlink:type="locator" xlink:href="http://disclosure.edinet-fsa.go.jp/taxonomy/jppfs/2019-02-28/jppfs_cor_2019-02-28.xsd#jppfs_cor_ProvisionOfGeneralReserve" xlink:label="jppfs_cor_ProvisionOfGeneralReserve" />
    <link:loc xlink:type="locator" xlink:href="http://disclosure.edinet-fsa.go.jp/taxonomy/jppfs/2019-02-28/jppfs_cor_2019-02-28.xsd#jppfs_cor_PurchaseOfTreasuryStock" xlink:label="jppfs_cor_PurchaseOfTreasuryStock" />
    <link:loc xlink:type="locator" xlink:href="http://disclosure.edinet-fsa.go.jp/taxonomy/jppfs/2019-02-28/jppfs_cor_2019-02-28.xsd#jppfs_cor_ReversalOfRevaluationReserveForLand" xlink:label="jppfs_cor_ReversalOfRevaluationReserveForLand" />
    <link:loc xlink:type="locator" xlink:href="http://disclosure.edinet-fsa.go.jp/taxonomy/jppfs/2019-02-28/jppfs_cor_2019-02-28.xsd#jppfs_cor_TotalChangesOfItemsDuringThePeriod" xlink:label="jppfs_cor_TotalChangesOfItemsDuringThePeriod" />
    <link:calculationArc xlink:type="arc" xlink:from="jppfs_cor_TotalChangesOfItemsDuringThePeriod" xlink:to="jppfs_cor_DividendsFromSurplus" xlink:arcrole="http://www.xbrl.org/2003/arcrole/summation-item" order="1" weight="1" />
    <link:calculationArc xlink:type="arc" xlink:from="jppfs_cor_TotalChangesOfItemsDuringThePeriod" xlink:to="jppfs_cor_ProvisionOfGeneralReserve" xlink:arcrole="http://www.xbrl.org/2003/arcrole/summation-item" order="2" weight="1" />
    <link:calculationArc xlink:type="arc" xlink:from="jppfs_cor_TotalChangesOfItemsDuringThePeriod" xlink:to="jppfs_cor_ProfitLoss" xlink:arcrole="http://www.xbrl.org/2003/arcrole/summation-item" order="3" weight="1" />
    <link:calculationArc xlink:type="arc" xlink:from="jppfs_cor_TotalChangesOfItemsDuringThePeriod" xlink:to="jppfs_cor_PurchaseOfTreasuryStock" xlink:arcrole="http://www.xbrl.org/2003/arcrole/summation-item" order="4" weight="1" />
    <link:calculationArc xlink:type="arc" xlink:from="jppfs_cor_TotalChangesOfItemsDuringThePeriod" xlink:to="jppfs_cor_DisposalOfTreasuryStock" xlink:arcrole="http://www.xbrl.org/2003/arcrole/summation-item" order="5" weight="1" />
    <link:calculationArc xlink:type="arc" xlink:from="jppfs_cor_TotalChangesOfItemsDuringThePeriod" xlink:to="jppfs_cor_ReversalOfRevaluationReserveForLand" xlink:arcrole="http://www.xbrl.org/2003/arcrole/summation-item" order="6" weight="1" />
    <link:calculationArc xlink:type="arc" xlink:from="jppfs_cor_TotalChangesOfItemsDuringThePeriod" xlink:to="jppfs_cor_NetChangesOfItemsOtherThanShareholdersEquity" xlink:arcrole="http://www.xbrl.org/2003/arcrole/summation-item" order="7" weight="1" />
  </link:calculationLink>
</link:linkbase>