<?xml version="1.0" encoding="utf-8"?>
<manifest xmlns="http://disclosure.edinet-fsa.go.jp/2013/manifest">
  <tocComposition>
    <title xml:lang="ja">提出本文書</title>
    <title xml:lang="en">Main Document</title>
    <item ref="jpcrp040300" extrole="http://disclosure.edinet-fsa.go.jp/role/jpcrp/rol_CabinetOfficeOrdinanceOnDisclosureOfCorporateInformationEtcFormNo43QuarterlySecuritiesReport" in="presentation" />
  </tocComposition>
  <list>
    <instance id="jpcrp040300" type="PublicDoc" preferredFilename="jpcrp040300-q2r-001_E03576-000_2019-09-30_01_2019-11-29.xbrl">
      <ixbrl>0000000_header_jpcrp040300-q2r-001_E03576-000_2019-09-30_01_2019-11-29_ixbrl.htm</ixbrl>
      <ixbrl>0101010_honbun_jpcrp040300-q2r-001_E03576-000_2019-09-30_01_2019-11-29_ixbrl.htm</ixbrl>
      <ixbrl>0102010_honbun_jpcrp040300-q2r-001_E03576-000_2019-09-30_01_2019-11-29_ixbrl.htm</ixbrl>
      <ixbrl>0104010_honbun_jpcrp040300-q2r-001_E03576-000_2019-09-30_01_2019-11-29_ixbrl.htm</ixbrl>
      <ixbrl>0105000_honbun_jpcrp040300-q2r-001_E03576-000_2019-09-30_01_2019-11-29_ixbrl.htm</ixbrl>
      <ixbrl>0105010_honbun_jpcrp040300-q2r-001_E03576-000_2019-09-30_01_2019-11-29_ixbrl.htm</ixbrl>
      <ixbrl>0105020_honbun_jpcrp040300-q2r-001_E03576-000_2019-09-30_01_2019-11-29_ixbrl.htm</ixbrl>
      <ixbrl>0105025_honbun_jpcrp040300-q2r-001_E03576-000_2019-09-30_01_2019-11-29_ixbrl.htm</ixbrl>
      <ixbrl>0105040_honbun_jpcrp040300-q2r-001_E03576-000_2019-09-30_01_2019-11-29_ixbrl.htm</ixbrl>
      <ixbrl>0105050_honbun_jpcrp040300-q2r-001_E03576-000_2019-09-30_01_2019-11-29_ixbrl.htm</ixbrl>
      <ixbrl>0105100_honbun_jpcrp040300-q2r-001_E03576-000_2019-09-30_01_2019-11-29_ixbrl.htm</ixbrl>
      <ixbrl>0105110_honbun_jpcrp040300-q2r-001_E03576-000_2019-09-30_01_2019-11-29_ixbrl.htm</ixbrl>
      <ixbrl>0105310_honbun_jpcrp040300-q2r-001_E03576-000_2019-09-30_01_2019-11-29_ixbrl.htm</ixbrl>
      <ixbrl>0105320_honbun_jpcrp040300-q2r-001_E03576-000_2019-09-30_01_2019-11-29_ixbrl.htm</ixbrl>
      <ixbrl>0105330_honbun_jpcrp040300-q2r-001_E03576-000_2019-09-30_01_2019-11-29_ixbrl.htm</ixbrl>
      <ixbrl>0105400_honbun_jpcrp040300-q2r-001_E03576-000_2019-09-30_01_2019-11-29_ixbrl.htm</ixbrl>
      <ixbrl>0201010_honbun_jpcrp040300-q2r-001_E03576-000_2019-09-30_01_2019-11-29_ixbrl.htm</ixbrl>
    </instance>
  </list>
</manifest>